COMPONENT_TYPE	SHA256	BYTES	PATH
AGENT	1c2d131ce1fb50712afeb4a94e3d28378859a070c100c7e1a169e108a308531f	2859	/root/freya_audit/00_CONTROL/SCRIPTS/FREYA_IPHONE_B05_R1_BUSYBOX_PORTABLE_COMPONENT_CLASSIFICATION.sh
AGENT	22684a7022143838ad2f71d21d243488e4a1d4a053e7fcfbc5aea78b893ad22b	6110	/root/freya_audit/UNITY/SOBA_2_ZNANJE/PHONE_FULL_KNOWLEDGE_COPY_20260704_174201/root/FREYA_SSOT/08_EXTRACTED/3_IPHONE_TITAN_EXPORT_PACKET.tar.gz/IPHONE_TITAN_EXPORT_PACKET/_root_DELTA_FINAL_EXPORT_SOUL_EXPORT_20260519_1232_Scripts_DELTA_UNITY_ENGINE_v1_7.py
AGENT	77c07d0d3af7c19d15e3e4222f506c400ff2a8528ac27431ab3c1926c01cc034	1240	/root/freya_audit/UNITY/SOBA_1_JEZGRO/politika.py
AGENT	b9395bf8ad36bbdef870c708588b2831509e2d352355df8dfd3d226d04b420f9	2712	/root/freya_audit/00_CONTROL/SCRIPTS/FREYA_IPHONE_B05_COMPONENT_CLASSIFICATION.sh
CHECKPOINT	08ecf8696e566ef83aadc0b8ae5634cdb19053cca8f761180a8c53c54570bc99	8383	/root/freya_audit/00_CONTROL/BATCHES/FREYA_IPHONE_I11F_R3_ENGINE_NATIVE_POSITIONAL_RECONCILIATION/FREYA_IPHONE_I11F_R3_ENGINE_NATIVE_POSITIONAL_RECONCILIATION_20260803T180844Z_PID1110/reconcile_engine_native.py
CHECKPOINT	0b1d5e6ae3cdb8aebc453a403e7cb7e53389b0bb82c3c68f7adea33061b41979	6640	/root/freya_audit/00_CONTROL/BATCHES/FREYA_IPHONE_I11F_R2_SCHEMA_AWARE_FINAL_PRE_COPY_RECONCILIATION/FREYA_IPHONE_I11F_R2_SCHEMA_AWARE_FINAL_PRE_COPY_RECONCILIATION_20260803T180433Z_PID726/reconcile.py
CHECKPOINT	1c2d131ce1fb50712afeb4a94e3d28378859a070c100c7e1a169e108a308531f	2859	/root/freya_audit/00_CONTROL/SCRIPTS/FREYA_IPHONE_B05_R1_BUSYBOX_PORTABLE_COMPONENT_CLASSIFICATION.sh
CHECKPOINT	761736573075c3788c4b1e3d838e77e9ca0ef22f86da8524aeb3b665af73ee83	2715	/root/freya_audit/00_CONTROL/SCRIPTS/FREYA_IPHONE_B04_LEGACY_RISK_CENSUS.sh
CHECKPOINT	810ffb640742d739c94d703cb3675e97b1ffcb3e97f3aa540671c11883987acc	2732	/root/freya_audit/00_CONTROL/SCRIPTS/FREYA_IPHONE_B03_IMPORT_LANE_STABILIZATION.sh
CHECKPOINT	b9395bf8ad36bbdef870c708588b2831509e2d352355df8dfd3d226d04b420f9	2712	/root/freya_audit/00_CONTROL/SCRIPTS/FREYA_IPHONE_B05_COMPONENT_CLASSIFICATION.sh
CONTROLLER	1c2d131ce1fb50712afeb4a94e3d28378859a070c100c7e1a169e108a308531f	2859	/root/freya_audit/00_CONTROL/SCRIPTS/FREYA_IPHONE_B05_R1_BUSYBOX_PORTABLE_COMPONENT_CLASSIFICATION.sh
CONTROLLER	b9395bf8ad36bbdef870c708588b2831509e2d352355df8dfd3d226d04b420f9	2712	/root/freya_audit/00_CONTROL/SCRIPTS/FREYA_IPHONE_B05_COMPONENT_CLASSIFICATION.sh
DISPATCHER	1c2d131ce1fb50712afeb4a94e3d28378859a070c100c7e1a169e108a308531f	2859	/root/freya_audit/00_CONTROL/SCRIPTS/FREYA_IPHONE_B05_R1_BUSYBOX_PORTABLE_COMPONENT_CLASSIFICATION.sh
DISPATCHER	b9395bf8ad36bbdef870c708588b2831509e2d352355df8dfd3d226d04b420f9	2712	/root/freya_audit/00_CONTROL/SCRIPTS/FREYA_IPHONE_B05_COMPONENT_CLASSIFICATION.sh
ORCHESTRATOR	1c2d131ce1fb50712afeb4a94e3d28378859a070c100c7e1a169e108a308531f	2859	/root/freya_audit/00_CONTROL/SCRIPTS/FREYA_IPHONE_B05_R1_BUSYBOX_PORTABLE_COMPONENT_CLASSIFICATION.sh
ORCHESTRATOR	53ebea16bf458be90c146434e257c69cb1df0512214a1d0ad0adaef3399287a2	1336	/root/freya_audit/UNITY/SOBA_2_ZNANJE/PHONE_FULL_KNOWLEDGE_COPY_20260704_174201/root/FREYA_IPHONE/scripts/FREYA-IPHONE-D01_D02_KNOWLEDGE_HARVEST.sh
ORCHESTRATOR	b440c25fdc2c27061a3bca3736265ddacec61355825e1aeaab1c254c079de03c	4048	/root/freya_audit/UNITY/SOBA_1_JEZGRO/ish_zlato_NOW.sh
ORCHESTRATOR	b9395bf8ad36bbdef870c708588b2831509e2d352355df8dfd3d226d04b420f9	2712	/root/freya_audit/00_CONTROL/SCRIPTS/FREYA_IPHONE_B05_COMPONENT_CLASSIFICATION.sh
PACKAGE	0d59f8875cdeec0488238dd62e877f4e22fb24e3724a5f109f10996d34587eb2	47757	/root/freya_audit/UNITY/SOBA_2_ZNANJE/PHONE_FULL_KNOWLEDGE_COPY_20260704_174201/root/FREYA_SSOT/08_EXTRACTED/3_IPHONE_TITAN_EXPORT_PACKET.tar.gz/IPHONE_TITAN_EXPORT_PACKET/_root_Documents_0200_TITANGRID_DELTA_888_DIGITAL_TRANSFORMER.py
PACKAGE	1c2d131ce1fb50712afeb4a94e3d28378859a070c100c7e1a169e108a308531f	2859	/root/freya_audit/00_CONTROL/SCRIPTS/FREYA_IPHONE_B05_R1_BUSYBOX_PORTABLE_COMPONENT_CLASSIFICATION.sh
PACKAGE	3b93a6c54ee70ceb8a893ce989f6f19fc38ad750a2ca0ff6e365976d93777c04	4667	/root/freya_audit/UNITY/SOBA_2_ZNANJE/PHONE_FULL_KNOWLEDGE_COPY_20260704_174201/root/FREYA_SSOT/08_EXTRACTED/3_IPHONE_TITAN_EXPORT_PACKET.tar.gz/IPHONE_TITAN_EXPORT_PACKET/_root_Documents_004.DELTA_37_system_index_builder.py
PACKAGE	b9395bf8ad36bbdef870c708588b2831509e2d352355df8dfd3d226d04b420f9	2712	/root/freya_audit/00_CONTROL/SCRIPTS/FREYA_IPHONE_B05_COMPONENT_CLASSIFICATION.sh
PACKAGE	c0fec1c32825b2e5ee4543339ec81b089bff7644d45be07591455144951cea60	76964	/root/freya_audit/UNITY/SOBA_2_ZNANJE/PHONE_FULL_KNOWLEDGE_COPY_20260704_174201/root/FREYA_SSOT/08_EXTRACTED/3_IPHONE_TITAN_EXPORT_PACKET.tar.gz/IPHONE_TITAN_EXPORT_PACKET/_root_Documents_Titan_grid_Prezentacija_Nove_kalkulacija__24.03_25.03_Titan_Grid_v52_Data_Room_Ready_99_Admin_Titan_Grid_v52_OneClick_Generator.py
PACKAGE	e48cdd9ef01fb645e74e17a519cc595054f121467ea56385b827b4b67af6caa5	19294	/root/freya_audit/UNITY/SOBA_2_ZNANJE/PHONE_FULL_KNOWLEDGE_COPY_20260704_174201/root/FREYA_SSOT/08_EXTRACTED/3_IPHONE_TITAN_EXPORT_PACKET.tar.gz/IPHONE_TITAN_EXPORT_PACKET/_root_Documents_TITAN_FINAL_27.03_TITAN_v5_0_board_ic_dashboard_upgrade.py
QUEUE	1c2d131ce1fb50712afeb4a94e3d28378859a070c100c7e1a169e108a308531f	2859	/root/freya_audit/00_CONTROL/SCRIPTS/FREYA_IPHONE_B05_R1_BUSYBOX_PORTABLE_COMPONENT_CLASSIFICATION.sh
QUEUE	b9395bf8ad36bbdef870c708588b2831509e2d352355df8dfd3d226d04b420f9	2712	/root/freya_audit/00_CONTROL/SCRIPTS/FREYA_IPHONE_B05_COMPONENT_CLASSIFICATION.sh
RECOVERY	1c2d131ce1fb50712afeb4a94e3d28378859a070c100c7e1a169e108a308531f	2859	/root/freya_audit/00_CONTROL/SCRIPTS/FREYA_IPHONE_B05_R1_BUSYBOX_PORTABLE_COMPONENT_CLASSIFICATION.sh
RECOVERY	761736573075c3788c4b1e3d838e77e9ca0ef22f86da8524aeb3b665af73ee83	2715	/root/freya_audit/00_CONTROL/SCRIPTS/FREYA_IPHONE_B04_LEGACY_RISK_CENSUS.sh
RECOVERY	810ffb640742d739c94d703cb3675e97b1ffcb3e97f3aa540671c11883987acc	2732	/root/freya_audit/00_CONTROL/SCRIPTS/FREYA_IPHONE_B03_IMPORT_LANE_STABILIZATION.sh
RECOVERY	b9395bf8ad36bbdef870c708588b2831509e2d352355df8dfd3d226d04b420f9	2712	/root/freya_audit/00_CONTROL/SCRIPTS/FREYA_IPHONE_B05_COMPONENT_CLASSIFICATION.sh
SUPERVISOR	1c2d131ce1fb50712afeb4a94e3d28378859a070c100c7e1a169e108a308531f	2859	/root/freya_audit/00_CONTROL/SCRIPTS/FREYA_IPHONE_B05_R1_BUSYBOX_PORTABLE_COMPONENT_CLASSIFICATION.sh
SUPERVISOR	b9395bf8ad36bbdef870c708588b2831509e2d352355df8dfd3d226d04b420f9	2712	/root/freya_audit/00_CONTROL/SCRIPTS/FREYA_IPHONE_B05_COMPONENT_CLASSIFICATION.sh
SUPERVISOR	c0fec1c32825b2e5ee4543339ec81b089bff7644d45be07591455144951cea60	76964	/root/freya_audit/UNITY/SOBA_2_ZNANJE/PHONE_FULL_KNOWLEDGE_COPY_20260704_174201/root/FREYA_SSOT/08_EXTRACTED/3_IPHONE_TITAN_EXPORT_PACKET.tar.gz/IPHONE_TITAN_EXPORT_PACKET/_root_Documents_Titan_grid_Prezentacija_Nove_kalkulacija__24.03_25.03_Titan_Grid_v52_Data_Room_Ready_99_Admin_Titan_Grid_v52_OneClick_Generator.py
VALIDATOR	1c2d131ce1fb50712afeb4a94e3d28378859a070c100c7e1a169e108a308531f	2859	/root/freya_audit/00_CONTROL/SCRIPTS/FREYA_IPHONE_B05_R1_BUSYBOX_PORTABLE_COMPONENT_CLASSIFICATION.sh
VALIDATOR	b9395bf8ad36bbdef870c708588b2831509e2d352355df8dfd3d226d04b420f9	2712	/root/freya_audit/00_CONTROL/SCRIPTS/FREYA_IPHONE_B05_COMPONENT_CLASSIFICATION.sh
VALIDATOR	bfc07969b71d2597c0dcdee2db749d9437350a46f81e6dd68b9d5130cd72e157	1155	/root/freya_audit/00_CONTROL/SAFE_HARVEST_BUILD_20260802T232521Z_PID8/SAFE_CANONICAL_AUTO_HARVEST_PART1.sh
WORKER	081248d59fc78901e1238c4856e9ca8ef5644199101a92246126bd10b5013d86	65772	/root/freya_audit/UNITY/SOBA_2_ZNANJE/PHONE_FULL_KNOWLEDGE_COPY_20260704_174201/root/FREYA_SSOT/08_EXTRACTED/3_IPHONE_TITAN_EXPORT_PACKET.tar.gz/IPHONE_TITAN_EXPORT_PACKET/_root_Documents_003._PPP_titan_grid_v5_max_pojaczony.py
WORKER	1c2d131ce1fb50712afeb4a94e3d28378859a070c100c7e1a169e108a308531f	2859	/root/freya_audit/00_CONTROL/SCRIPTS/FREYA_IPHONE_B05_R1_BUSYBOX_PORTABLE_COMPONENT_CLASSIFICATION.sh
WORKER	b9395bf8ad36bbdef870c708588b2831509e2d352355df8dfd3d226d04b420f9	2712	/root/freya_audit/00_CONTROL/SCRIPTS/FREYA_IPHONE_B05_COMPONENT_CLASSIFICATION.sh
