edd3ea2256f6426927a8dc2dd7fff765b54c84585e7fd7f7a6b4ed3eb72320b4	91	20260803T194957Z	/root/FREYA_IPHONE_ISH_NODE_888/20_PROCESSING/STAGING/edd3ea2256f6426927a8dc2dd7fff765b54c84585e7fd7f7a6b4ed3eb72320b4__R03_CANARY.txt
edd3ea2256f6426927a8dc2dd7fff765b54c84585e7fd7f7a6b4ed3eb72320b4	91	20260803T194958Z	/root/FREYA_IPHONE_ISH_NODE_888/20_PROCESSING/STAGING/edd3ea2256f6426927a8dc2dd7fff765b54c84585e7fd7f7a6b4ed3eb72320b4__R03_CANARY.txt
d0d9d7bddf54a9f4f8cc061c2d9c0e01a509c2188e5773034d5e5f23c03ca2b0	91	20260803T195035Z	/root/FREYA_IPHONE_ISH_NODE_888/20_PROCESSING/STAGING/d0d9d7bddf54a9f4f8cc061c2d9c0e01a509c2188e5773034d5e5f23c03ca2b0__R03_CANARY.txt
d0d9d7bddf54a9f4f8cc061c2d9c0e01a509c2188e5773034d5e5f23c03ca2b0	91	20260803T195035Z	/root/FREYA_IPHONE_ISH_NODE_888/20_PROCESSING/STAGING/d0d9d7bddf54a9f4f8cc061c2d9c0e01a509c2188e5773034d5e5f23c03ca2b0__R03_CANARY.txt
2d7323c7915cdf00e7d48d48b03f74ae155e1e33cced96d1a4d72166764fa109	91	20260803T195133Z	/root/FREYA_IPHONE_ISH_NODE_888/20_PROCESSING/STAGING/2d7323c7915cdf00e7d48d48b03f74ae155e1e33cced96d1a4d72166764fa109__R03_CANARY.txt
2d7323c7915cdf00e7d48d48b03f74ae155e1e33cced96d1a4d72166764fa109	91	20260803T195133Z	/root/FREYA_IPHONE_ISH_NODE_888/20_PROCESSING/STAGING/2d7323c7915cdf00e7d48d48b03f74ae155e1e33cced96d1a4d72166764fa109__R03_CANARY.txt
80acfda02c53a102fb234acf4c4e913b16508bd57785cc57d85e4577f4f956d6	91	20260803T195218Z	/root/FREYA_IPHONE_ISH_NODE_888/20_PROCESSING/STAGING/80acfda02c53a102fb234acf4c4e913b16508bd57785cc57d85e4577f4f956d6__R03_CANARY.txt
80acfda02c53a102fb234acf4c4e913b16508bd57785cc57d85e4577f4f956d6	91	20260803T195218Z	/root/FREYA_IPHONE_ISH_NODE_888/20_PROCESSING/STAGING/80acfda02c53a102fb234acf4c4e913b16508bd57785cc57d85e4577f4f956d6__R03_CANARY.txt
7f5735ed1613a70da443bf9751b7156e48776d3162ea01181e8c33234f3b3b4e	91	20260803T195335Z	/root/FREYA_IPHONE_ISH_NODE_888/20_PROCESSING/STAGING/7f5735ed1613a70da443bf9751b7156e48776d3162ea01181e8c33234f3b3b4e__R03_CANARY.txt
7f5735ed1613a70da443bf9751b7156e48776d3162ea01181e8c33234f3b3b4e	91	20260803T195335Z	/root/FREYA_IPHONE_ISH_NODE_888/20_PROCESSING/STAGING/7f5735ed1613a70da443bf9751b7156e48776d3162ea01181e8c33234f3b3b4e__R03_CANARY.txt
b9955d32943edabb1319aee92ea8ad106c859ab3a0fdca98651c175227427e28	91	20260803T195445Z	/root/FREYA_IPHONE_ISH_NODE_888/20_PROCESSING/STAGING/b9955d32943edabb1319aee92ea8ad106c859ab3a0fdca98651c175227427e28__R03_CANARY.txt
b9955d32943edabb1319aee92ea8ad106c859ab3a0fdca98651c175227427e28	91	20260803T195445Z	/root/FREYA_IPHONE_ISH_NODE_888/20_PROCESSING/STAGING/b9955d32943edabb1319aee92ea8ad106c859ab3a0fdca98651c175227427e28__R03_CANARY.txt
d8c6137769e570a973fb953e750f5e0f43dc9cdd5a60857a8a35520b4f325f50	91	20260803T195533Z	/root/FREYA_IPHONE_ISH_NODE_888/20_PROCESSING/STAGING/d8c6137769e570a973fb953e750f5e0f43dc9cdd5a60857a8a35520b4f325f50__R03_CANARY.txt
d8c6137769e570a973fb953e750f5e0f43dc9cdd5a60857a8a35520b4f325f50	91	20260803T195533Z	/root/FREYA_IPHONE_ISH_NODE_888/20_PROCESSING/STAGING/d8c6137769e570a973fb953e750f5e0f43dc9cdd5a60857a8a35520b4f325f50__R03_CANARY.txt
76dbe44c12726fc41a144e330854294ed6922bf73430b7a18400bb0295d6469f	91	20260803T195726Z	/root/FREYA_IPHONE_ISH_NODE_888/20_PROCESSING/STAGING/76dbe44c12726fc41a144e330854294ed6922bf73430b7a18400bb0295d6469f__R03_CANARY.txt
