SHA256	SIZE_BYTES	TYPE	PATH	STATUS
323a623bd1cdeb6bb3e52383aa236b74871c745b8cb085f6812705ee9c1d63a7	1456	SIGNAL_FILE	/root/DELTA_CORE_v1_0.py	STATIC_SIGNAL_CANDIDATE
abcfa6a9d4df344d1781bc2560b5e4cdcae08b39ed303063535e7e1e926a304a	68	SIGNAL_FILE	/root/DELTA_LENOVO_CENTRAL/01_HASH_REGISTERS/IPHONE_NOTES_PRIORITY_SHA256_REGISTER.txt	STATIC_SIGNAL_CANDIDATE
e3b0c44298fc1c149afbf4c8996fb92427ae41e4649b934ca495991b7852b855	0	SIGNAL_FILE	/root/DELTA_LENOVO_CENTRAL/02_INDEX/IPHONE_NOTES_PRIORITY_INDEX.txt	STATIC_SIGNAL_CANDIDATE
6a73ea51e0607e61cd703c8d452d38a23a2b2bd034a2b540ad51188abe7496b6	3231	SIGNAL_FILE	/root/DELTA_LENOVO_CENTRAL/03_SCRIPT_INVENTORY/IPHONE_SCRIPT_FILE_INDEX.txt	STATIC_SIGNAL_CANDIDATE
72916d96f0370e2277e5718518cacd871a4989edcf2c174731d753a420ddced7	6267	SIGNAL_FILE	/root/DELTA_LENOVO_CENTRAL/03_SCRIPT_INVENTORY/IPHONE_SCRIPT_SHA256_REGISTER.txt	STATIC_SIGNAL_CANDIDATE
42724a513abac7364eabf0e0192c40f12675c5e17723618b345b311f2da1e539	139	SIGNAL_FILE	/root/DELTA_LENOVO_CENTRAL/04_CORE_CANDIDATE_REVIEW/CORE_SHA256.txt	STATIC_SIGNAL_CANDIDATE
42724a513abac7364eabf0e0192c40f12675c5e17723618b345b311f2da1e539	139	SIGNAL_FILE	/root/DELTA_LENOVO_CENTRAL/40_STEP_PROTOCOL/STEP_01_CONTROL_SNAPSHOT/STEP_01_CORE_SHA256.txt	STATIC_SIGNAL_CANDIDATE
49e69d4b88f98424684fe443f9cdaf96ab3c3664f15cbba79adaf4f38e30caa3	4715	SIGNAL_FILE	/root/DELTA_LENOVO_CENTRAL/40_STEP_PROTOCOL/STEP_08_CANONICAL_PACKAGE/STEP_08_ALL_STEP_SHA256.txt	STATIC_SIGNAL_CANDIDATE
10382880a22ce68f88026f65c3827c516f217f195b6db37c6d5be561087d95cb	167	SIGNAL_FILE	/root/DELTA_LENOVO_CENTRAL/40_STEP_PROTOCOL/STEP_09_HASH_VERIFICATION/STEP_09_ARTIFACT_INDEX_HASH.txt	STATIC_SIGNAL_CANDIDATE
c26899c87c880b250b9447d3b53cc217eb7825acf214e35e2f833634064ca2c8	164	SIGNAL_FILE	/root/DELTA_LENOVO_CENTRAL/40_STEP_PROTOCOL/STEP_09_HASH_VERIFICATION/STEP_09_PACKAGE_HASH.txt	STATIC_SIGNAL_CANDIDATE
9630db27fb0bbccbba949613c28808e3f55e26f8847070a355768dc80801774b	639	SIGNAL_FILE	/root/DELTA_LENOVO_CENTRAL/40_STEP_PROTOCOL/STEP_10_STATUS_REPORT/STEP_10_DELTA_CORE_STATUS.txt	STATIC_SIGNAL_CANDIDATE
073c5cc6495d22aca50a9881b6fb245f9d44818fcfd1ca05d789f0918ae4a7dc	162	SIGNAL_FILE	/root/DELTA_LENOVO_CENTRAL/40_STEP_PROTOCOL/STEP_10_STATUS_REPORT/STEP_10_DELTA_CORE_STATUS_SHA256.txt	STATIC_SIGNAL_CANDIDATE
9f0551e8eeeeb960f202929964778c230f14ee87e4027d8062d3177386340636	141	SIGNAL_FILE	/root/DELTA_LENOVO_CENTRAL/50_HARMONIZATION/DELTA_HARMONIZATION_STATUS.sha256.txt	STATIC_SIGNAL_CANDIDATE
1bdcec02b89c4f1eb6b152ff8cbda1e3db18d90e5cc852c958be00075e9291cb	845	SIGNAL_FILE	/root/DELTA_LENOVO_CENTRAL/50_HARMONIZATION/DELTA_HARMONIZATION_STATUS.txt	STATIC_SIGNAL_CANDIDATE
22684a7022143838ad2f71d21d243488e4a1d4a053e7fcfbc5aea78b893ad22b	6110	SIGNAL_FILE	/root/DELTA_UNITY_ENGINE_v1_7.py	STATIC_SIGNAL_CANDIDATE
11db09c8450a8f09ddf19d1e761250e3815ff115700c9355666f6a6c58e1d48d	8126	SIGNAL_FILE	/root/Documents/.Trash/ORG-005_TITAN_Grid_Teaser_v4.xlsx	STATIC_SIGNAL_CANDIDATE
631f3548b020e686f7caba4222209d6263a0ae5c0b4df3f0fedd9a3b2ab1fea3	11444	SIGNAL_FILE	/root/Documents/.Trash/ORG-016_TITAN_Grid_Project_Charter_v4.xlsx	STATIC_SIGNAL_CANDIDATE
e4802f9a4ca6cb376ce6341a978c84387e1889811184a0c4dee1cb6b1a21a241	15508	SIGNAL_FILE	/root/Documents/.Trash/Shareholder rev 002.docx	STATIC_SIGNAL_CANDIDATE
c3f84df7c9488ea51a1834caa86cc20b711f6e63e21bb0066d36b1c7f3a1add4	7605	SIGNAL_FILE	/root/Documents/.Trash/TITAN_122_123_124_FinalClosure_Reconciliation_v1.zip	STATIC_SIGNAL_CANDIDATE
3a2b3bb7b568e1456d796a5c7ed8afde739af40436bcc2a1cc57a3b8366b57c4	7424	SIGNAL_FILE	/root/Documents/.Trash/TITAN_125_126_127_MasterIndex_Seal_v1.zip	STATIC_SIGNAL_CANDIDATE
e33d506a1791d936671c8995b13f0c376ab5851a6c1036aca06f7a2537fcd31e	7196	SIGNAL_FILE	/root/Documents/.Trash/TITAN_146_147_148_Terminal_FreezeOfArchives_v1.zip	STATIC_SIGNAL_CANDIDATE
18471087f2cc60f391e3d7be9df918cb769c9cd338aa20706088049d405dfbbc	7157	SIGNAL_FILE	/root/Documents/.Trash/TITAN_158_159_160_ReviewOnly_ChainArchive_v1.zip	STATIC_SIGNAL_CANDIDATE
1a4bbfe28b617346c627d0e77d4133d7719abd48073de3f381f1def70bef5f51	6957	SIGNAL_FILE	/root/Documents/.Trash/TITAN_43_44_49_Handoff_Rollback_FinalEvidence_v1.zip	STATIC_SIGNAL_CANDIDATE
0fc3e6f3052c98bf75cab66d1b4f8f6a7bb5b3359fe460b78b04811a504ef6ff	6967	SIGNAL_FILE	/root/Documents/.Trash/TITAN_53_54_55_Completeness_Issues_NoRelease_v1.zip	STATIC_SIGNAL_CANDIDATE
4f7fc99ea2919dd0324c2a0113617c1732aa44db033b8ceefe0b8a51d05b832f	7470	SIGNAL_FILE	/root/Documents/.Trash/TITAN_62_63_64_Traceability_Graph_Seal_v1.zip	STATIC_SIGNAL_CANDIDATE
49a71c21798cff8c9560979f7780b58d00903b7e3653e8bc7e1b19ca781c4021	7303	SIGNAL_FILE	/root/Documents/.Trash/TITAN_68_69_70_Attestation_Scoring_ImmutableManifest_v1.zip	STATIC_SIGNAL_CANDIDATE
f90c0ef2e571047e1464dec154d1ffd8d26466b709cc244c68979989365e046f	138698	SIGNAL_FILE	/root/Documents/.Trash/TITAN_FORENSIC_REVISION_MASTER_v26_SCRIPT_24_UI_ICON_PATCHER.docx	STATIC_SIGNAL_CANDIDATE
fc4a28b689bec0f0cb1df6324e676734cfda495a1aca7ab494267b05379e4adf	159822	SIGNAL_FILE	/root/Documents/.Trash/TITAN_FORENSIC_REVISION_MASTER_v33_GOVERNANCE_JSON_ARTIFACT_PACK.docx	STATIC_SIGNAL_CANDIDATE
018a64939f12564065da298ae4122afa6326ce1efc435228bd580821f7c65549	10007	SIGNAL_FILE	/root/Documents/.Trash/TITAN_GOVERNANCE_JSON_STARTER_PACK_v1 2.zip	STATIC_SIGNAL_CANDIDATE
018a64939f12564065da298ae4122afa6326ce1efc435228bd580821f7c65549	10007	SIGNAL_FILE	/root/Documents/.Trash/TITAN_GOVERNANCE_JSON_STARTER_PACK_v1.zip	STATIC_SIGNAL_CANDIDATE
448fca8d63d4e2279ea20b8fbd9062e965203c568943240b223f027690aad0bb	3845	SIGNAL_FILE	/root/Documents/.Trash/TITAN_GRID_Decision_Brief.pdf	STATIC_SIGNAL_CANDIDATE
44f27d74dcbf212ed11527aa8a284ba85a2a111f7ecb7290df3590d96a576f7c	56367	SIGNAL_FILE	/root/Documents/.Trash/TITAN_GRID_Decision_Brief_v1.6.pdf	STATIC_SIGNAL_CANDIDATE
46df93bfa6a40071de36d8175edc23acd86fe647ac5f4406a6b90fe3307ed487	26406	SIGNAL_FILE	/root/Documents/.Trash/TITAN_GRID_v5_Full_Lender_Closing_Book.pdf	STATIC_SIGNAL_CANDIDATE
a42bd61f472650ac434a303a431d99fe8829b988b94dddd8f02e80972cf8f9f0	5069	SIGNAL_FILE	/root/Documents/.Trash/TITAN_Grid_Financial_Model_CSV_Exports.zip	STATIC_SIGNAL_CANDIDATE
c1e64e1506aba002109dee6e7866d1011f6d46f4795856fa59bc822b1cd45039	39987	SIGNAL_FILE	/root/Documents/.Trash/Titan_Grid_Collateral_Overview_v2_Bank_Ready.docx	STATIC_SIGNAL_CANDIDATE
dcf135675f6b2331786ecb6891f77769022282ad2c8b7cbc00340be34f4b4c2f	19755	SIGNAL_FILE	/root/Documents/.Trash/Titan_Grid_v6_2_Live_Lender_Linkage_Pack.xlsx	STATIC_SIGNAL_CANDIDATE
5b379991662ebc7e9ed9641128ab065673b69026c2ce9783e3609031b797f0b5	25946	SIGNAL_FILE	/root/Documents/.Trash/titan_grid_vdr_ultimate_final_clean.py	STATIC_SIGNAL_CANDIDATE
62cfb09f6b82c2ee826e6c45af3e6c3df8fd722d3db3c2ca9b78c7a36f1c4ae3	7952	SIGNAL_FILE	/root/Documents/0000000000000/DANASSSSS/ADS_TITAN_Data_Room_Checklist.xlsx	STATIC_SIGNAL_CANDIDATE
eb6bf6024d723e4c0001f0b56221063926a2c992ba0786bfa59fd932c5479c88	6792	SIGNAL_FILE	/root/Documents/0000000000000/DANASSSSS/ORG-001_TITAN_Grid_Governance_v4.xlsx	STATIC_SIGNAL_CANDIDATE
c29b54f3245fac8bde1c6a76dd1892cab51ccd947d1503894d7970eda10c4232	17466	SIGNAL_FILE	/root/Documents/0000000000000/DANASSSSS/ORG-001_TITAN_Grid_Revisited_v4_1.xlsx	STATIC_SIGNAL_CANDIDATE
19f25319ea6ec4c28c08ba6ddae922208a526ee7869fccf6c16233127dcfb36c	8080	SIGNAL_FILE	/root/Documents/0000000000000/DANASSSSS/ORG-002_TITAN_Grid_Executive_Summary_v4.xlsx	STATIC_SIGNAL_CANDIDATE
16529ff648d959e036e926f9a5ceabfb27685b6a51b204f7eb31d03192ba2130	12946	SIGNAL_FILE	/root/Documents/0000000000000/DANASSSSS/ORG-003_TITAN_Grid_Memorandum_v5_UPGRADED.xlsx	STATIC_SIGNAL_CANDIDATE
11db09c8450a8f09ddf19d1e761250e3815ff115700c9355666f6a6c58e1d48d	8126	SIGNAL_FILE	/root/Documents/0000000000000/DANASSSSS/ORG-005_TITAN_Grid_Teaser_v4.xlsx	STATIC_SIGNAL_CANDIDATE
d4e9d28e3317a480c5b9671e15a4db71d1bf29514573ed5cd3564a584c2901ac	7732	SIGNAL_FILE	/root/Documents/0000000000000/DANASSSSS/ORG-007_TITAN_Grid_Strategic_Positioning_v4.xlsx	STATIC_SIGNAL_CANDIDATE
95d5373666dcc8a0f7c3a7a42313ecb0189dd7d325dd4251148fe80adeb4b3ef	8434	SIGNAL_FILE	/root/Documents/0000000000000/DANASSSSS/ORG-008_TITAN_Grid_Market_Gap_v4.xlsx	STATIC_SIGNAL_CANDIDATE
b3b594b07a51f4329fe741787d615fcb48b40806c453ec7f071041b8b4736e09	8923	SIGNAL_FILE	/root/Documents/0000000000000/DANASSSSS/ORG-009_TITAN_Grid_Industrial_Logic_v4.xlsx	STATIC_SIGNAL_CANDIDATE
acc5289bda1ea15c27a8af3a9ee6497138a68ce03fc9ecf455d92437c5e918a5	7937	SIGNAL_FILE	/root/Documents/0000000000000/DANASSSSS/ORG-010_TITAN_Grid_Scalability_v4_corrected.xlsx	STATIC_SIGNAL_CANDIDATE
a61f22bf9376496dc6be0373c984aa23a211b83d5832ce93322f2c8544cb0723	11866	SIGNAL_FILE	/root/Documents/0000000000000/DANASSSSS/ORG-011_TITAN_Grid_Sponsor_Profile_v4.xlsx	STATIC_SIGNAL_CANDIDATE
534ce4ce694823d70f924cc9f4de4b2de0acf84353667a5af6cb856b8007af09	6262	SIGNAL_FILE	/root/Documents/0000000000000/DANASSSSS/ORG-012_TITAN_Grid_Ownership_Structure_v4.xlsx	STATIC_SIGNAL_CANDIDATE
4d47187eafbff5a704cb746b8a21837a3116d89c35121a8b071a85425586cdd9	8051	SIGNAL_FILE	/root/Documents/0000000000000/DANASSSSS/ORG-014_TITAN_Grid_Project_Timeline_v4.xlsx	STATIC_SIGNAL_CANDIDATE
631f3548b020e686f7caba4222209d6263a0ae5c0b4df3f0fedd9a3b2ab1fea3	11444	SIGNAL_FILE	/root/Documents/0000000000000/DANASSSSS/ORG-016_TITAN_Grid_Project_Charter_v4.xlsx	STATIC_SIGNAL_CANDIDATE
8d2835d7d3a44676a179a508787edf3443afc802472df3e1a9fda86e14550546	8088	SIGNAL_FILE	/root/Documents/0000000000000/DANASSSSS/ORG-017_TITAN_Grid_Risk_Overview_v4_polished.xlsx	STATIC_SIGNAL_CANDIDATE
5ed4269864805caa8bae6d402a3dcb9a91c4b5f4b09b6c98c54672543698c010	8024	SIGNAL_FILE	/root/Documents/0000000000000/DANASSSSS/ORG-018_TITAN_Grid_Competitor_Map_v4_FINAL.xlsx	STATIC_SIGNAL_CANDIDATE
b0a3320b46c51b467a2b018d6ac4fb0098f15e0ebbd045b0a197ef23342cda64	8036	SIGNAL_FILE	/root/Documents/0000000000000/DANASSSSS/ORG-019_TITAN_Grid_Strategic_Deck_v4.xlsx	STATIC_SIGNAL_CANDIDATE
9a380ab2877f8e11d22fb814d1f5cbe6db2cec70c937354c45dd6d4c989143b5	7299	SIGNAL_FILE	/root/Documents/0000000000000/DANASSSSS/ORG-020_TITAN_Grid_Identity_v4.xlsx	STATIC_SIGNAL_CANDIDATE
1799ae64163f525fdc1bcb47923018840f45e99cac4a859c5b58dc7ccaab66f0	7915	SIGNAL_FILE	/root/Documents/0000000000000/DANASSSSS/ORG-021_TITAN_Grid_Investment_Thesis_v4.xlsx	STATIC_SIGNAL_CANDIDATE
6510c8bd4253a69ef846e66e2e04cb335a6e3647f0f2e411316dc9cd0630a469	7236	SIGNAL_FILE	/root/Documents/0000000000000/DANASSSSS/ORG-022_TITAN_Grid_Macro_Context_v4.xlsx	STATIC_SIGNAL_CANDIDATE
7fb7abb93f5a5310a6590dafd45800edb5310e05af8cc1c9c1563ace886a5cbe	6115	SIGNAL_FILE	/root/Documents/0000000000000/DANASSSSS/ORG-024_TITAN_Grid_Strategic_Expansion_v4.xlsx	STATIC_SIGNAL_CANDIDATE
39f20438ca1b91ebb2efa64c18cdfe407570d079a19a114916e79a75e62feadf	9289	SIGNAL_FILE	/root/Documents/0000000000000/DANASSSSS/ORG-025_TITAN_Grid_Stakeholder_Map_v4_1.xlsx	STATIC_SIGNAL_CANDIDATE
5bf39bbfaf0944122d00656534d29965099aab6d0c741c828e25461e54ac9a11	38687	SIGNAL_FILE	/root/Documents/0000000000000/DANASSSSS/TITAN_Central_Brain_Finance_Master_v6_1.xlsx	STATIC_SIGNAL_CANDIDATE
7c5bc5c969270547a25fc8fd6d7c0ea82205542512ebcf9c94d874655c98f7b1	46279	SIGNAL_FILE	/root/Documents/0000000000000/DANASSSSS/TITAN_Central_Brain_Finance_Master_v6_2 2.xlsx	STATIC_SIGNAL_CANDIDATE
f62edb7c7af699783116c42a4b11983b7852ec2f1642aef41e30c4ccda1002a7	1746964	SIGNAL_FILE	/root/Documents/0000000000000/DANASSSSS/TITAN_Central_Brain_v6_3_MonteCarlo_PD_P90.xlsx	STATIC_SIGNAL_CANDIDATE
f535f49204468045348f67e2120b6f8966be5e33d587038bd0690a5de1e748b0	45201	SIGNAL_FILE	/root/Documents/0000000000000/DANASSSSS/TITAN_Control_Tower_Auto_v2.xlsx	STATIC_SIGNAL_CANDIDATE
c71c194a032f62b9fa4d405218447d34c536e930dc5830a4e32040080456a000	16638	SIGNAL_FILE	/root/Documents/0000000000000/DANASSSSS/TITAN_Control_Tower_v8_FINAL_POLISH.xlsx	STATIC_SIGNAL_CANDIDATE
ee72a94d8ecb34e1abfd9d31bcd7b24335190a3f6b09d7aa3cca09b457ffb302	225750	SIGNAL_FILE	/root/Documents/0000000000000/DANASSSSS/TITAN_EBRD_IFC_Submission_Pack_v4.zip	STATIC_SIGNAL_CANDIDATE
68428221ecc14cf8179124fd9a83f8f96c3516fb8e8028208a5f28638678c4a1	15269	SIGNAL_FILE	/root/Documents/0000000000000/DANASSSSS/TITAN_GRID_Master_Credit_Committee_File.xlsx	STATIC_SIGNAL_CANDIDATE
e775dfcd49fafef7c85bf45fe2de314743ae9b1edbc280e4fb8dd08c33c51e39	14953	SIGNAL_FILE	/root/Documents/0000000000000/DANASSSSS/TITAN_GRID_Master_Credit_Committee_File_CORRECTED.xlsx	STATIC_SIGNAL_CANDIDATE
1e96a39303addd41da6cb8c0d63dfec369c064e5ee07000c9daccba34db0ca51	53829	SIGNAL_FILE	/root/Documents/0000000000000/DANASSSSS/TITAN_GRID_Risk_Allocation_Matrix_Annex.pdf	STATIC_SIGNAL_CANDIDATE
46df93bfa6a40071de36d8175edc23acd86fe647ac5f4406a6b90fe3307ed487	26406	SIGNAL_FILE	/root/Documents/0000000000000/DANASSSSS/TITAN_GRID_v5_Full_Lender_Closing_Book.pdf	STATIC_SIGNAL_CANDIDATE
57de9e8b880af908bf67914e42761b03d6a5ff128a14b46039734afac37cedbe	22028	SIGNAL_FILE	/root/Documents/0000000000000/DANASSSSS/TITAN_Grid_Active_Data_Transferred_v2_UPGRADED.xlsx	STATIC_SIGNAL_CANDIDATE
a42bd61f472650ac434a303a431d99fe8829b988b94dddd8f02e80972cf8f9f0	5069	SIGNAL_FILE	/root/Documents/0000000000000/DANASSSSS/TITAN_Grid_Financial_Model_CSV_Exports.zip	STATIC_SIGNAL_CANDIDATE
4c50eb6dcfd6c872d48c12c35d29b6d89947318fe9f586a5c409cddae6933e01	21337	SIGNAL_FILE	/root/Documents/0000000000000/DANASSSSS/TITAN_Grid_Financial_Model_v2_0.xlsx	STATIC_SIGNAL_CANDIDATE
55320ba354caea35b455a62d7a8fab19aefe79d31a6d6c56485373f86ce1e813	24986	SIGNAL_FILE	/root/Documents/0000000000000/DANASSSSS/TITAN_Grid_Model_v6_Clean.xlsx	STATIC_SIGNAL_CANDIDATE
201f2fb77fef8fa88180cf25b1da89be49c270ed2d0cf14ba918b3a937bda299	5637	SIGNAL_FILE	/root/Documents/0000000000000/DANASSSSS/TITAN_Grid_One_Pager_Final.xlsx	STATIC_SIGNAL_CANDIDATE
10cd3466b04f95ba9df3225bb89d0c8c3ac0656a24076cd5436b161693c39646	8819	SIGNAL_FILE	/root/Documents/0000000000000/DANASSSSS/TITAN_Grid_v5_Upgrade.xlsx	STATIC_SIGNAL_CANDIDATE
b129ce851962696935e22fd39061187b384ecb93c61cb31d9839dd826a64a0c9	24580	SIGNAL_FILE	/root/Documents/0000000000000/DANASSSSS/TITAN_VDR_150_Document_Register_Template.xlsx	STATIC_SIGNAL_CANDIDATE
6a04f3da5f43c9c5c461ef79ac550e721f54b8bc4982522ff7b2a2e7e5111db3	10846	SIGNAL_FILE	/root/Documents/0000000000000/DANASSSSS/TITAN_VDR_Master_List.xlsx	STATIC_SIGNAL_CANDIDATE
516fb7a89cbf36cd963f99788b849066fe9bbc88caff43e0182854f82064a379	34889	SIGNAL_FILE	/root/Documents/0000000000000/DANASSSSS/TITAN_model_full_integration.xlsx	STATIC_SIGNAL_CANDIDATE
ab742181ad2869fa0512d6abd52f5a8d4f9c88f8d27ab114c1173385041f148c	57437	SIGNAL_FILE	/root/Documents/0000000000000/DANASSSSS/TITAN_v472_Final_Bank_Version.xlsx	STATIC_SIGNAL_CANDIDATE
1d2210bc9a71fbda9ecd16e20d9be17ba0b9dc57ac7ffea9f639386050e5a583	83488	SIGNAL_FILE	/root/Documents/0000000000000/DANASSSSS/TITAN_v5_0_board_ic_dashboard_version.xlsx	STATIC_SIGNAL_CANDIDATE
e51d9f64155cbf389e75734454ad4fce0667cb69ce0519d6b5590e0c84b8bd24	30203	SIGNAL_FILE	/root/Documents/0000000000000/DANASSSSS/TITAN_v6_3_Credit_Committee_Pack.xlsx	STATIC_SIGNAL_CANDIDATE
2c512e073ec84ce420753982a4122c7649b8fe1a47f135b62095b4971e1e0c97	87596	SIGNAL_FILE	/root/Documents/0000000000000/DANASSSSS/TITAN_vE1_HARVEST_TOKEN_MAP.xlsx	STATIC_SIGNAL_CANDIDATE
81f442e1e7276c433c854f138e49a2ab01ef08f11673a74f90b8e5ccf339b33c	21476	SIGNAL_FILE	/root/Documents/0000000000000/DANASSSSS/TITAN_vE1_SSOT_FULL_REVISION_EXPORT.xlsx	STATIC_SIGNAL_CANDIDATE
e54f56b936a84a8efa4eadb96e8a6107982fa88aa7dbfabe620f25c028da00e9	62421	SIGNAL_FILE	/root/Documents/0000000000000/DANASSSSS/TITAN_vE1_VOL08_CAPEX_RECONCILIATION_FORENSIC_SSOT.xlsx	STATIC_SIGNAL_CANDIDATE
c1e64e1506aba002109dee6e7866d1011f6d46f4795856fa59bc822b1cd45039	39987	SIGNAL_FILE	/root/Documents/0000000000000/DANASSSSS/Titan_Grid_Collateral_Overview_v2_Bank_Ready.docx	STATIC_SIGNAL_CANDIDATE
6e0e6813c0992d72e7795ba28516b1c34480729522a41b78f6367e5e80a0abb8	45599	SIGNAL_FILE	/root/Documents/0000000000000/DANASSSSS/Titan_Grid_Execution_Closing_Bible_v6_1_forensic.docx	STATIC_SIGNAL_CANDIDATE
eab2d2cff4429de0b22c2af924a5fca03261dc98c3456c02867c88fe99f9a733	7946	SIGNAL_FILE	/root/Documents/0000000000000/DANASSSSS/Titan_Grid_Upgrade_Export.xlsx	STATIC_SIGNAL_CANDIDATE
b40f238c62e54818493462d1677fb2dc2482eaddb16d265a21e19525efb2f2ed	46109	SIGNAL_FILE	/root/Documents/0000000000000/DANASSSSS/Titan_Grid_Value_Proposition_v6_Board_Lender_Submission_Pack_clean.docx	STATIC_SIGNAL_CANDIDATE
d1e16a814b4a1090de34bb1e37beb1d52c3c738af912953da73702ca55e5548a	1215615	SIGNAL_FILE	/root/Documents/0000000000000/DANASSSSS/Titan_Grid_v52_Credit_Committee_Pack.pdf	STATIC_SIGNAL_CANDIDATE
dcf135675f6b2331786ecb6891f77769022282ad2c8b7cbc00340be34f4b4c2f	19755	SIGNAL_FILE	/root/Documents/0000000000000/DANASSSSS/Titan_Grid_v6_2_Live_Lender_Linkage_Pack.xlsx	STATIC_SIGNAL_CANDIDATE
5a0080352868e1658c9926d2e8eb6dc701e0059eba49ec04c004fbcfba48c3c4	23345	SIGNAL_FILE	/root/Documents/0000000000000/DELTA_888_NEUROLOGICAL_MAP_ATOMS_000101_000200.xlsx	STATIC_SIGNAL_CANDIDATE
d48e41c77894e8b98fc3a0ed37e99abb889b987e3c1c8d8364bc5d62b471313f	44914	SIGNAL_FILE	/root/Documents/0000000000000/Skripte/TITAN_FORENSIC_REVISION_MASTER_v2_Tools_Network_MaxUpgrade.docx	STATIC_SIGNAL_CANDIDATE
0d59f8875cdeec0488238dd62e877f4e22fb24e3724a5f109f10996d34587eb2	47757	SIGNAL_FILE	/root/Documents/0000000000000/TITANGRID_DELTA_888_DIGITAL_TRANSFORMER.py	STATIC_SIGNAL_CANDIDATE
0126d82de3dc3ce9df4181456e406ae22d67014f97477d42d2d5862c8e8bfcc8	136507	SIGNAL_FILE	/root/Documents/0000000000000/TITANGRID_DELTA_888_NEURO_MONO_ATOM_SIGNAL_MAP_FULL.xlsx	STATIC_SIGNAL_CANDIDATE
9a727e7201bd5d7dfd46ed757ff3eef6444de0cb61882381db2284452bdcc75c	40453	SIGNAL_FILE	/root/Documents/0000000000000/vDR/TITAN_SSOT_Institucionalni_Dopisi.docx	STATIC_SIGNAL_CANDIDATE
2c512e073ec84ce420753982a4122c7649b8fe1a47f135b62095b4971e1e0c97	87596	SIGNAL_FILE	/root/Documents/0000000000000/vDR/Titan 1 and 2/TITAN_vE1_HARVEST_TOKEN_MAP.xlsx	STATIC_SIGNAL_CANDIDATE
81f442e1e7276c433c854f138e49a2ab01ef08f11673a74f90b8e5ccf339b33c	21476	SIGNAL_FILE	/root/Documents/0000000000000/vDR/Titan 1 and 2/TITAN_vE1_SSOT_FULL_REVISION_EXPORT.xlsx	STATIC_SIGNAL_CANDIDATE
e54f56b936a84a8efa4eadb96e8a6107982fa88aa7dbfabe620f25c028da00e9	62421	SIGNAL_FILE	/root/Documents/0000000000000/vDR/Titan 1 and 2/TITAN_vE1_VOL08_CAPEX_RECONCILIATION_FORENSIC_SSOT.xlsx	STATIC_SIGNAL_CANDIDATE
f0af3d85d26b883ce2c5b980dc6a19516bb6b4c3e6315503328586d0babbe0b2	130049	SIGNAL_FILE	/root/Documents/003 DELTA/001. Skripte manual/Novo 1/Novo 2/TITAN_FORENSIC_REVISION_MASTER_v23_SCRIPT_21_DEV_SCRIPT_INC.docx	STATIC_SIGNAL_CANDIDATE
fa1fed2059bfdc17b38b9537420412e17b406b8024b03e13a9a335f7e6b5eb42	133117	SIGNAL_FILE	/root/Documents/003 DELTA/001. Skripte manual/Novo 1/Novo 2/TITAN_FORENSIC_REVISION_MASTER_v24_SCRIPT_22_DEV_LOG_ANALYZER.docx	STATIC_SIGNAL_CANDIDATE
ea44fa41bb3a6484543af92d9cbe920775e6cab8db9380e645e90b7178d75a46	135988	SIGNAL_FILE	/root/Documents/003 DELTA/001. Skripte manual/Novo 1/Novo 2/TITAN_FORENSIC_REVISION_MASTER_v25_SCRIPT_23_DEV_CODE_BACKUP.docx	STATIC_SIGNAL_CANDIDATE
f90c0ef2e571047e1464dec154d1ffd8d26466b709cc244c68979989365e046f	138698	SIGNAL_FILE	/root/Documents/003 DELTA/001. Skripte manual/Novo 1/Novo 2/TITAN_FORENSIC_REVISION_MASTER_v26_SCRIPT_24_UI_ICON_PATCHER.docx	STATIC_SIGNAL_CANDIDATE
7a36ace8ede9f1a5ad6ddc11b848226842ad10ea6fb2b127cd09bb487fad7344	141259	SIGNAL_FILE	/root/Documents/003 DELTA/001. Skripte manual/Novo 1/Novo 2/TITAN_FORENSIC_REVISION_MASTER_v27_SCRIPT_25_UI_ASCII_BANNER.docx	STATIC_SIGNAL_CANDIDATE
f92b35755069287d8b6b8de158d445523693cad3233aa9f3e76ee9d7a53453d5	144620	SIGNAL_FILE	/root/Documents/003 DELTA/001. Skripte manual/Novo 1/Novo 2/TITAN_FORENSIC_REVISION_MASTER_v28_SCRIPT_00_GUARDIAN.docx	STATIC_SIGNAL_CANDIDATE
b3d1c86c714542f72e5b5db4ca7958ae78674e00ba1e97318b14a270dfb08811	148709	SIGNAL_FILE	/root/Documents/003 DELTA/001. Skripte manual/Novo 1/Novo 2/TITAN_FORENSIC_REVISION_MASTER_v29_FINAL_CONSOLIDATED_INDEX_ROADMAP.docx	STATIC_SIGNAL_CANDIDATE
d5248064d7a5808459ccacfda9ebffe7e67628cce01d3d2f4fb6b00c4ca433af	151647	SIGNAL_FILE	/root/Documents/003 DELTA/001. Skripte manual/Novo 1/Novo 2/TITAN_FORENSIC_REVISION_MASTER_v30_IMPLEMENTATION_CONTROL_PACK.docx	STATIC_SIGNAL_CANDIDATE
bb9a5f44263d208893fa7c53551a3be0f1ad7074e83f0ab17d78d2bc0be51a2b	155460	SIGNAL_FILE	/root/Documents/003 DELTA/001. Skripte manual/Novo 1/Novo 2/TITAN_FORENSIC_REVISION_MASTER_v31_GOVERNANCE_FILES_BLUEPRINT_PACK.docx	STATIC_SIGNAL_CANDIDATE
a3941a4f299fc20b4eb129984f26c667f5347731558b1c3510c96c663bc9d865	159015	SIGNAL_FILE	/root/Documents/003 DELTA/001. Skripte manual/Novo 1/Novo 2/TITAN_FORENSIC_REVISION_MASTER_v32_GOVERNANCE_JSON_STARTER_PACK.docx	STATIC_SIGNAL_CANDIDATE
018a64939f12564065da298ae4122afa6326ce1efc435228bd580821f7c65549	10007	SIGNAL_FILE	/root/Documents/003 DELTA/001. Skripte manual/Novo 1/Novo 2/TITAN_GOVERNANCE_JSON_STARTER_PACK_v1.zip	STATIC_SIGNAL_CANDIDATE
fc4a28b689bec0f0cb1df6324e676734cfda495a1aca7ab494267b05379e4adf	159822	SIGNAL_FILE	/root/Documents/003 DELTA/001. Skripte manual/Novo 1/Novo 3/TITAN_FORENSIC_REVISION_MASTER_v33_GOVERNANCE_JSON_ARTIFACT_PACK.docx	STATIC_SIGNAL_CANDIDATE
e0d62330a583a10c78848041d1c17e776d0dafae99adedbb35fcef9d029f2fba	160460	SIGNAL_FILE	/root/Documents/003 DELTA/001. Skripte manual/Novo 1/Novo 3/TITAN_FORENSIC_REVISION_MASTER_v34_TEST_HARNESS_STARTER_PACK.docx	STATIC_SIGNAL_CANDIDATE
018a64939f12564065da298ae4122afa6326ce1efc435228bd580821f7c65549	10007	SIGNAL_FILE	/root/Documents/003 DELTA/001. Skripte manual/Novo 1/Novo 3/TITAN_GOVERNANCE_JSON_STARTER_PACK_v1.zip	STATIC_SIGNAL_CANDIDATE
afd0ee76e3da1c8246b0beb2defa427135b55b2377bc15b56e6e206fb76034f2	5287	SIGNAL_FILE	/root/Documents/003 DELTA/001. Skripte manual/Novo 1/Novo 3/TITAN_TEST_HARNESS_STARTER_PACK_v1.zip	STATIC_SIGNAL_CANDIDATE
269760935cd3508acf818861bc8e6d21f1973cdebf58b8c78be68de16bcf845c	93772	SIGNAL_FILE	/root/Documents/003 DELTA/001. Skripte manual/Novo 1/TITAN_FORENSIC_REVISION_MASTER_v13_SCRIPT_11_TRANSFORMER.docx	STATIC_SIGNAL_CANDIDATE
f285a7b76cfba6569ec301bb1c3c695c711a7d5313903d9ee7cf99e34c5d15cf	97861	SIGNAL_FILE	/root/Documents/003 DELTA/001. Skripte manual/Novo 1/TITAN_FORENSIC_REVISION_MASTER_v14_SCRIPT_12_COPPER_STEEL.docx	STATIC_SIGNAL_CANDIDATE
c42ae37e98d245427dab076ab4c2e485a7068ef49129000f06a8ce30c7ce86ba	102617	SIGNAL_FILE	/root/Documents/003 DELTA/001. Skripte manual/Novo 1/TITAN_FORENSIC_REVISION_MASTER_v15_SCRIPT_13_TUZI_LOGISTICS.docx	STATIC_SIGNAL_CANDIDATE
3890a4fd969b23fe0f4089032176d719cf454b43234108f839261ae7acd42657	106925	SIGNAL_FILE	/root/Documents/003 DELTA/001. Skripte manual/Novo 1/TITAN_FORENSIC_REVISION_MASTER_v16_SCRIPT_14_COVENANT_MONITOR.docx	STATIC_SIGNAL_CANDIDATE
1d43d5b8433151f23b9c6a6fb6dbe9837421681f6fbb18a32032e4cf0eb29348	111626	SIGNAL_FILE	/root/Documents/003 DELTA/001. Skripte manual/Novo 1/TITAN_FORENSIC_REVISION_MASTER_v17_SCRIPT_15_FORENSIC_HARDER.docx	STATIC_SIGNAL_CANDIDATE
44a73098ce44c9eb67586a1c4778273c970c0b727dd15f0b162b7f197dfd05b1	115261	SIGNAL_FILE	/root/Documents/003 DELTA/001. Skripte manual/Novo 1/TITAN_FORENSIC_REVISION_MASTER_v18_SCRIPT_16_SOVEREIGN_ARCHIVE.docx	STATIC_SIGNAL_CANDIDATE
befbc294c3e407a2ad23517af6184cb847dfb7c464cf8b3ec130e7d4f7bdbec4	118038	SIGNAL_FILE	/root/Documents/003 DELTA/001. Skripte manual/Novo 1/TITAN_FORENSIC_REVISION_MASTER_v19_SCRIPT_17_GATEWAY_CREATOR.docx	STATIC_SIGNAL_CANDIDATE
a016f10deb58561a31975f2f259a948406ad0c76a86ac6107653fec930eccb2b	121376	SIGNAL_FILE	/root/Documents/003 DELTA/001. Skripte manual/Novo 1/TITAN_FORENSIC_REVISION_MASTER_v20_SCRIPT_18_UTIL_BOM_CLEANER.docx	STATIC_SIGNAL_CANDIDATE
1c2bd08936008c6144296ff6270cda83b198dbb2d43921a67aa8248a76fb8798	124223	SIGNAL_FILE	/root/Documents/003 DELTA/001. Skripte manual/Novo 1/TITAN_FORENSIC_REVISION_MASTER_v21_SCRIPT_19_UTIL_PATH_VALIDATOR.docx	STATIC_SIGNAL_CANDIDATE
ef0cafd4e6261028a27c70afec506b94856d30a4f7c4767a58540a434838f719	127237	SIGNAL_FILE	/root/Documents/003 DELTA/001. Skripte manual/Novo 1/TITAN_FORENSIC_REVISION_MASTER_v22_SCRIPT_20_UTIL_DUPLICATE_FINDER.docx	STATIC_SIGNAL_CANDIDATE
3d36b2f94dba78e951d99dd85ddb3752da121df44104551aad6ee39ef56ddd2b	81717	SIGNAL_FILE	/root/Documents/003 DELTA/001. Skripte manual/TITAN_FORENSIC_REVISION_MASTER_v10_SCRIPT_08_CHARTER_GEN.docx	STATIC_SIGNAL_CANDIDATE
35e072b6dd17912f51196ce8fe26b3c04fd2a87289161fa8b6335fc250829bfd	85188	SIGNAL_FILE	/root/Documents/003 DELTA/001. Skripte manual/TITAN_FORENSIC_REVISION_MASTER_v11_SCRIPT_09_VDR_INDEX_MAP.docx	STATIC_SIGNAL_CANDIDATE
dbd15b793c79d0c4542707f6c0fc7bbd8e92817e1f0f4fde671336cd28e55266	89046	SIGNAL_FILE	/root/Documents/003 DELTA/001. Skripte manual/TITAN_FORENSIC_REVISION_MASTER_v12_SCRIPT_10_GOLDEN_SEAL.docx	STATIC_SIGNAL_CANDIDATE
4f2f399df9e48883d8101b8bff2cace589085670d4839db5767da1219b76cedf	49741	SIGNAL_FILE	/root/Documents/003 DELTA/001. Skripte manual/TITAN_FORENSIC_REVISION_MASTER_v3_SCRIPT_01_SYSTEM_MIGRATION.docx	STATIC_SIGNAL_CANDIDATE
d6091c07fa6d7c701d21b185f08e9502dafc8783cddb5fdd99e9a59b76ae6341	54251	SIGNAL_FILE	/root/Documents/003 DELTA/001. Skripte manual/TITAN_FORENSIC_REVISION_MASTER_v4_SCRIPT_02_MONOLITH_INIT.docx	STATIC_SIGNAL_CANDIDATE
88e0c2af11d8438954fdf31bb65a5cdc889876281acbc3620d2b0ae4ba6ff67e	59362	SIGNAL_FILE	/root/Documents/003 DELTA/001. Skripte manual/TITAN_FORENSIC_REVISION_MASTER_v5_SCRIPT_03_SIGNAL_SCANNER.docx	STATIC_SIGNAL_CANDIDATE
0146a2982f924b50fee8d768e4046c3c0e2012a9e9e75b645e440991318cbcca	64462	SIGNAL_FILE	/root/Documents/003 DELTA/001. Skripte manual/TITAN_FORENSIC_REVISION_MASTER_v6_SCRIPT_04_HYPER_SCANNER.docx	STATIC_SIGNAL_CANDIDATE
77b4a246929e1dc8ced1e330db3175b28f87aaaabf430cdcbcdf5f9d87c4e746	69850	SIGNAL_FILE	/root/Documents/003 DELTA/001. Skripte manual/TITAN_FORENSIC_REVISION_MASTER_v7_SCRIPT_05_888_INFINITY.docx	STATIC_SIGNAL_CANDIDATE
29f222b797ebb18432cceb811629e82af1bffe97b8d07be9c50942c5a301bc15	73857	SIGNAL_FILE	/root/Documents/003 DELTA/001. Skripte manual/TITAN_FORENSIC_REVISION_MASTER_v8_SCRIPT_06_LUCKY_888.docx	STATIC_SIGNAL_CANDIDATE
f8bcfc58653b2a7d67e535832cc0c8d0cf3159ab92c58c351e7a8e431e98c603	78200	SIGNAL_FILE	/root/Documents/003 DELTA/001. Skripte manual/TITAN_FORENSIC_REVISION_MASTER_v9_SCRIPT_07_VDR_BUILDER.docx	STATIC_SIGNAL_CANDIDATE
3b93a6c54ee70ceb8a893ce989f6f19fc38ad750a2ca0ff6e365976d93777c04	4667	SIGNAL_FILE	/root/Documents/003 DELTA/37_system_index_builder.py	STATIC_SIGNAL_CANDIDATE
75971c994a8e041143aa85a4db0c80554a67938b4267b8d33ddf212af9076219	8264	SIGNAL_FILE	/root/Documents/003 DELTA/TITAN_03_04_05_SSOT_Integrity_Manifest_v1.zip	STATIC_SIGNAL_CANDIDATE
c0a4a27895e5d0c16a83fede847829810a320af99d8f7bdecc5f09b24bb7c554	8439	SIGNAL_FILE	/root/Documents/003 DELTA/TITAN_06_17_18_Integrity_Evidence_Weight_v1.zip	STATIC_SIGNAL_CANDIDATE
94ba95ace3f37b1fa5a6fbf4ebb0644e02058cbaf4923d38acff3fbd2eb19cd5	6931	SIGNAL_FILE	/root/Documents/003 DELTA/TITAN_101_102_103_Post100_Closure_Verification_v1.zip	STATIC_SIGNAL_CANDIDATE
fa3f00b7936cfc38846d06a981694f45861c28cf65ce71e3d82a535a813aa078	6565	SIGNAL_FILE	/root/Documents/003 DELTA/TITAN_104_105_106_Final_Closure_Archive_v1.zip	STATIC_SIGNAL_CANDIDATE
fe041d6927ef8b491ff79f8259e432eccdf691986a46a9161f0f2dbb1f25536a	6660	SIGNAL_FILE	/root/Documents/003 DELTA/TITAN_107_108_109_NonUse_BlockedOps_DoNotRun_v1.zip	STATIC_SIGNAL_CANDIDATE
0487e10c3b4ef628dfdce59c234ccee3776f9e851c649dfcd15e460f95edebde	6690	SIGNAL_FILE	/root/Documents/003 DELTA/TITAN_110_111_112_Final_Warning_ReadOnly_Proof_v1.zip	STATIC_SIGNAL_CANDIDATE
44d58dc81e087c8bc2ba4a76571da20f6188a8e408c750a66ce8d369b26b42c6	6758	SIGNAL_FILE	/root/Documents/003 DELTA/TITAN_113_114_115_Ultimate_Archive_Seal_v1.zip	STATIC_SIGNAL_CANDIDATE
ece35192cccbf2d252a6411ec7d3256a1d679b87b7d542c7d20799002c244ed3	7171	SIGNAL_FILE	/root/Documents/003 DELTA/TITAN_116_117_118_LockedChain_Index_NothingAccepted_v1.zip	STATIC_SIGNAL_CANDIDATE
7161eb82830a9461e49d50f0b50ec72d0234ac8d697d186b8604a4d63aca6151	7325	SIGNAL_FILE	/root/Documents/003 DELTA/TITAN_119_120_121_NonAcceptance_Archive_StatusRegister_v1.zip	STATIC_SIGNAL_CANDIDATE
c3f84df7c9488ea51a1834caa86cc20b711f6e63e21bb0066d36b1c7f3a1add4	7605	SIGNAL_FILE	/root/Documents/003 DELTA/TITAN_122_123_124_FinalClosure_Reconciliation_v1.zip	STATIC_SIGNAL_CANDIDATE
3a2b3bb7b568e1456d796a5c7ed8afde739af40436bcc2a1cc57a3b8366b57c4	7424	SIGNAL_FILE	/root/Documents/003 DELTA/TITAN_125_126_127_MasterIndex_Seal_v1.zip	STATIC_SIGNAL_CANDIDATE
ba3d3ae654031b2ab6a579b57e0c3d53c94bc24d29db226994864cf8e1853042	7028	SIGNAL_FILE	/root/Documents/003 DELTA/TITAN_128_129_130_PostMasterSeal_Verification_v1.zip	STATIC_SIGNAL_CANDIDATE
03d1a32c2000a0aa63b5246b7b4fad1e4c7df3f11a0b8c007aadf70ec1ac4f2e	6909	SIGNAL_FILE	/root/Documents/003 DELTA/TITAN_131_132_133_HandoffDenial_Archive_v1.zip	STATIC_SIGNAL_CANDIDATE
fbbd82fa37ae50d2530f7f3d35a0769661951432bc800c87badb91588c28b168	7211	SIGNAL_FILE	/root/Documents/003 DELTA/TITAN_134_135_136_HandoffBoundary_Reconciliation_v1.zip	STATIC_SIGNAL_CANDIDATE
d64731e244aec64e56abdbf6384e200e75abc2f4b861f79b0c0af556a80bc6be	7553	SIGNAL_FILE	/root/Documents/003 DELTA/TITAN_137_138_139_Ultimate_Handoff_Lock_Seal_v1.zip	STATIC_SIGNAL_CANDIDATE
1096abd08170286b22ffc6aed161791df00efb0731c590f12b5f74c5df82c5ab	7001	SIGNAL_FILE	/root/Documents/003 DELTA/TITAN_140_141_142_HandoffLock_ArchiveReceipt_v1.zip	STATIC_SIGNAL_CANDIDATE
49a2fbec81504be5fc946e53b5dbdc5d8317b5c3dfc0d4b68b1bf241e2412fc8	7710	SIGNAL_FILE	/root/Documents/003 DELTA/TITAN_143_144_145_ArchiveOfArchives_LockedReceipt_v1.zip	STATIC_SIGNAL_CANDIDATE
e33d506a1791d936671c8995b13f0c376ab5851a6c1036aca06f7a2537fcd31e	7196	SIGNAL_FILE	/root/Documents/003 DELTA/TITAN_146_147_148_Terminal_FreezeOfArchives_v1.zip	STATIC_SIGNAL_CANDIDATE
599c2e119c9fc2f38f0e28d1ba5fec34ddeec44d87dddd94137f74fb5ab58c57	7067	SIGNAL_FILE	/root/Documents/003 DELTA/TITAN_149_150_151_Terminal_Freeze_Closeout_v1.zip	STATIC_SIGNAL_CANDIDATE
f5449828ac990dba6a3b159637e4753ad22a608348ae753b1a93d7fd737494c4	7139	SIGNAL_FILE	/root/Documents/003 DELTA/TITAN_152_153_154_ReviewOnly_ClosureArchive_v1.zip	STATIC_SIGNAL_CANDIDATE
461c8c269570054ab2fb76c06f123f8a62b8c1774be9fbc5b8c310a7e25ed154	8012	SIGNAL_FILE	/root/Documents/003 DELTA/TITAN_155_156_157_ReviewOnly_SuperIndex_Seal_v1.zip	STATIC_SIGNAL_CANDIDATE
18471087f2cc60f391e3d7be9df918cb769c9cd338aa20706088049d405dfbbc	7157	SIGNAL_FILE	/root/Documents/003 DELTA/TITAN_158_159_160_ReviewOnly_ChainArchive_v1.zip	STATIC_SIGNAL_CANDIDATE
11f9f24eca02dc4c5c23e90b760e6978d74d97faa0d4edf558c4b310bb7374f8	7515	SIGNAL_FILE	/root/Documents/003 DELTA/TITAN_161_162_163_ReviewOnly_ChainSuperFreeze_v1.zip	STATIC_SIGNAL_CANDIDATE
0cc8cceab0d63716b65d940c4f42811e853cff8040d81e647e98dcf375a3d87b	7674	SIGNAL_FILE	/root/Documents/003 DELTA/TITAN_164_165_166_ReviewOnly_SuperFreeze_Closeout_v1.zip	STATIC_SIGNAL_CANDIDATE
a54a61cffb4e66659a7280016ea6bf61ab82f6a3b8a012f0b81f0578018cf22f	7182	SIGNAL_FILE	/root/Documents/003 DELTA/TITAN_167_168_169_AbsoluteTerminal_ArchiveReceipt_v1.zip	STATIC_SIGNAL_CANDIDATE
7e0b741ac5a877eac43caf8bf444f9ea6008e1cc72d408eee1154340557ebae9	8210	SIGNAL_FILE	/root/Documents/003 DELTA/TITAN_170_171_172_AbsoluteTerminal_SuperIndex_Seal_v1.zip	STATIC_SIGNAL_CANDIDATE
48649ca78c691b9a545c116d2f4cde0b1d59fbfb5c9ff1fa9e89e334824fbe61	58327	SIGNAL_FILE	/root/Documents/003 DELTA/TITAN_173_200_FinalMegaBlock_EndOfChain_v1.zip	STATIC_SIGNAL_CANDIDATE
68026c5cae86fa7bdbd38987956b60e8ff7bacf7e03ce841b1dc8ecb10b8d345	8026	SIGNAL_FILE	/root/Documents/003 DELTA/TITAN_19_20_21_Evidence_Review_Package_v1.zip	STATIC_SIGNAL_CANDIDATE
552391f0d267494be633ed8e14bc1d548e51e33228bad6fc54c85df21e44dfdc	6373	SIGNAL_FILE	/root/Documents/003 DELTA/TITAN_22_23_24_Review_Governance_Audit_v1.zip	STATIC_SIGNAL_CANDIDATE
5368c6a8bfeef70971d4e5477d542b2b8e3af36a6565d9f05557f0a7c099df6d	6213	SIGNAL_FILE	/root/Documents/003 DELTA/TITAN_28_29_30_Observability_Drift_Dependency_v1.zip	STATIC_SIGNAL_CANDIDATE
ec72a0461a39dd70020fd2f49a3e6aded7a442a2da581554692e3f9e39ba71ff	8030	SIGNAL_FILE	/root/Documents/003 DELTA/TITAN_31_32_33_Package_Runbook_Registry_v1.zip	STATIC_SIGNAL_CANDIDATE
cb5ed1472d4b7b2620f2e06393351c4eb640d98b5fd457d499344a7b464e7a6a	7160	SIGNAL_FILE	/root/Documents/003 DELTA/TITAN_34_35_36_SelfTest_DryRun_Receipt_v1.zip	STATIC_SIGNAL_CANDIDATE
6df02633df0d96a05bec49bd3f6008707fbc3bc689c4d468ec7c426ab8056336	7381	SIGNAL_FILE	/root/Documents/003 DELTA/TITAN_37_38_39_Operator_Console_Index_v1.zip	STATIC_SIGNAL_CANDIDATE
aa5fad0d05eda0361bff972333f2137d4df536c9de2da402b03462f9e5327516	8525	SIGNAL_FILE	/root/Documents/003 DELTA/TITAN_40_41_42_Remediation_Gate_Matrix_v1.zip	STATIC_SIGNAL_CANDIDATE
1a4bbfe28b617346c627d0e77d4133d7719abd48073de3f381f1def70bef5f51	6957	SIGNAL_FILE	/root/Documents/003 DELTA/TITAN_43_44_49_Handoff_Rollback_FinalEvidence_v1.zip	STATIC_SIGNAL_CANDIDATE
5a3113e484463cd78c1809a64b078a1eeeb5df1302d89b250c88450f31dc3c59	8645	SIGNAL_FILE	/root/Documents/003 DELTA/TITAN_47_48_91_97_PreProduction_v1.zip	STATIC_SIGNAL_CANDIDATE
037d7b09f897c5ead3a2c62fe9dd298087e2aa09617aea0bea6f454b7965bf00	6967	SIGNAL_FILE	/root/Documents/003 DELTA/TITAN_50_51_52_PostHandoff_Ops_Archive_Catalog_v1.zip	STATIC_SIGNAL_CANDIDATE
0fc3e6f3052c98bf75cab66d1b4f8f6a7bb5b3359fe460b78b04811a504ef6ff	6967	SIGNAL_FILE	/root/Documents/003 DELTA/TITAN_53_54_55_Completeness_Issues_NoRelease_v1.zip	STATIC_SIGNAL_CANDIDATE
b635c6e97f2a94b3e1923963cd2a694ebc686cacf2581935debef806173036c8	7505	SIGNAL_FILE	/root/Documents/003 DELTA/TITAN_56_57_58_Master_Deployment_Binder_v1.zip	STATIC_SIGNAL_CANDIDATE
d2a4096938ee33c9ad56e337fad4a3e7ff1d50d97fe609c9fa0357d1ec171f7e	7427	SIGNAL_FILE	/root/Documents/003 DELTA/TITAN_59_60_61_Closeout_Ledger_Map_v1.zip	STATIC_SIGNAL_CANDIDATE
4f7fc99ea2919dd0324c2a0113617c1732aa44db033b8ceefe0b8a51d05b832f	7470	SIGNAL_FILE	/root/Documents/003 DELTA/TITAN_62_63_64_Traceability_Graph_Seal_v1.zip	STATIC_SIGNAL_CANDIDATE
208c5109f65f0affb1922081ab741317ea16e9256f7be8415d1165c2fa13384a	6785	SIGNAL_FILE	/root/Documents/003 DELTA/TITAN_65_66_67_Provenance_Exception_Verifier_v1.zip	STATIC_SIGNAL_CANDIDATE
49a71c21798cff8c9560979f7780b58d00903b7e3653e8bc7e1b19ca781c4021	7303	SIGNAL_FILE	/root/Documents/003 DELTA/TITAN_68_69_70_Attestation_Scoring_ImmutableManifest_v1.zip	STATIC_SIGNAL_CANDIDATE
423645c56e8342acec0c1fb7347cb424a6e2bec03968d20c4524db2712bb63a1	6797	SIGNAL_FILE	/root/Documents/003 DELTA/TITAN_71_72_73_ApprovalBoundary_RedTeam_SafetyIndex_v1.zip	STATIC_SIGNAL_CANDIDATE
791180ffba6ef43bf900d66a2e4d40297ddd7ff9c8af14013666b98a4598937a	6910	SIGNAL_FILE	/root/Documents/003 DELTA/TITAN_74_75_76_AuditReplay_CommandTranscript_DenialArchive_v1.zip	STATIC_SIGNAL_CANDIDATE
daa21e33c839578790f7f1962a5e308ece2f0f3fadb28d9f28a03a60b49a01a9	6907	SIGNAL_FILE	/root/Documents/003 DELTA/TITAN_77_78_79_AuditBoard_Dissent_DecisionLedger_v1.zip	STATIC_SIGNAL_CANDIDATE
3c5f262e1dfbd17ea81aed007ac7cc02b40f063395a25e66c3b3f8c598852f13	6429	SIGNAL_FILE	/root/Documents/003 DELTA/TITAN_80_81_82_BoardQuorum_LockedCertificate_v1.zip	STATIC_SIGNAL_CANDIDATE
1a90736cf487b41a4c24c59a6bfff43c115cb1a3413dc8882819024e4a4f5794	7088	SIGNAL_FILE	/root/Documents/003 DELTA/TITAN_83_84_85_Certificate_Archive_Validation_v1.zip	STATIC_SIGNAL_CANDIDATE
bfce2df57f71ffbba87cf78e4728db988d3aacaa1d39409d4b4ad18ef1820c17	7211	SIGNAL_FILE	/root/Documents/003 DELTA/TITAN_86_87_88_Archive_Reconciliation_Duplicate_Register_v1.zip	STATIC_SIGNAL_CANDIDATE
23525181a82d83830a2784464f8b2efa79ca95845fe0ec532025d65e08068e46	7203	SIGNAL_FILE	/root/Documents/003 DELTA/TITAN_89_89A_89B_Transition_To_Orchestration_v1.zip	STATIC_SIGNAL_CANDIDATE
3d0538db4ff9c5e52da0b9d45e1de4296baf3f391d93ac8aecba3beb17fa86de	6533	SIGNAL_FILE	/root/Documents/003 DELTA/TITAN_90_92_93_State_Management_Diff_v1.zip	STATIC_SIGNAL_CANDIDATE
49c8e9d66fda640128feb5aedceb0f4f1675f2f86e2a00e6760c2dd0549c6dc1	6217	SIGNAL_FILE	/root/Documents/003 DELTA/TITAN_94_95_96_PreFreeze_Safeguards_v1.zip	STATIC_SIGNAL_CANDIDATE
6c16550af7c951809afd678bcd7f935f723d914d4b78fe10688f06bfcdbc6c85	6895	SIGNAL_FILE	/root/Documents/003 DELTA/TITAN_98_99_100_Final_Orchestration_Boundary_v1.zip	STATIC_SIGNAL_CANDIDATE
b7367485e531031eb4b7651d4e2159f8fc46d2ec92b4591f51716e1b1cc08011	8289	SIGNAL_FILE	/root/Documents/003 DELTA/TITAN_Control_Tower_Validator_v2_Package.zip	STATIC_SIGNAL_CANDIDATE
4179fd699b8f2a344868fbe87fb0e897b9ebc83af52416fe5e1da97211bf7d61	13200	SIGNAL_FILE	/root/Documents/003 DELTA/TITAN_FINAL_HUMAN_REVIEW_CHECKLIST.md	STATIC_SIGNAL_CANDIDATE
a69c2c20b15e48a6c1074b9927b810b2cb50a43c422b691c0f53d32026c4031a	2030	SIGNAL_FILE	/root/Documents/003 DELTA/TITAN_FileFinding_EvidenceGap_TSV_Templates.zip	STATIC_SIGNAL_CANDIDATE
5a78761ee74c2c9cf00bcd6d31965a2e878d070c60a77bd05962bd34871d4d1e	29874	SIGNAL_FILE	/root/Documents/003 DELTA/TITAN_FileFinding_EvidenceGap_Template.xlsx	STATIC_SIGNAL_CANDIDATE
33f363a0a3cafc72b11450420bc6c1efba045e4e04bfa59c60622c8b5877baef	35125	SIGNAL_FILE	/root/Documents/003 DELTA/TITAN_Forensic_Inventory_Revision.xlsx	STATIC_SIGNAL_CANDIDATE
ba5f818e3c69dcc7a31e30f89166c118bd0ce786591b290a8b68be5ac4a1842b	12851	SIGNAL_FILE	/root/Documents/003 DELTA/TITAN_Missing_Pipeline_Scripts_v1.zip	STATIC_SIGNAL_CANDIDATE
be6e92761c4211c7cb8429aa5e8d10ebffba2ad2bb4971b32207e6cf701662b8	16371	SIGNAL_FILE	/root/Documents/003. PPP/TITAN_Execution_Control_Model.xlsx	STATIC_SIGNAL_CANDIDATE
0386e5c2035666f1ed57fe1689e4d7d4b4c1c20c0f18d76cdb0cdb716ebdeba9	3767	SIGNAL_FILE	/root/Documents/003. PPP/TITAN_GRID_Decision_Brief.pdf	STATIC_SIGNAL_CANDIDATE
44f27d74dcbf212ed11527aa8a284ba85a2a111f7ecb7290df3590d96a576f7c	56367	SIGNAL_FILE	/root/Documents/003. PPP/TITAN_GRID_Decision_Brief_v1.6.pdf	STATIC_SIGNAL_CANDIDATE
46912254d43c795436e0f75c7a253d23b7592ff7c77ea861956a6e0f3686d385	9273	SIGNAL_FILE	/root/Documents/003. PPP/TITAN_GRID_PPP_Concept_Note.pdf	STATIC_SIGNAL_CANDIDATE
febc326f768f4a057d4334d28d5969622bdbf4d670da6efa9b91ca343a5b1e26	11179	SIGNAL_FILE	/root/Documents/003. PPP/TITAN_GRID_PPP_Concept_Note_v2.1.pdf	STATIC_SIGNAL_CANDIDATE
084449f8983ab8680b6bd1e921862c0bf126492d4f1c678f42a91b2830c9d903	10589	SIGNAL_FILE	/root/Documents/003. PPP/TITAN_GRID_PPP_Concept_Note_v2.pdf	STATIC_SIGNAL_CANDIDATE
1e96a39303addd41da6cb8c0d63dfec369c064e5ee07000c9daccba34db0ca51	53829	SIGNAL_FILE	/root/Documents/003. PPP/TITAN_GRID_Risk_Allocation_Matrix_Annex.pdf	STATIC_SIGNAL_CANDIDATE
081248d59fc78901e1238c4856e9ca8ef5644199101a92246126bd10b5013d86	65772	SIGNAL_FILE	/root/Documents/003. PPP/titan_grid_v5_max_pojaczony.py	STATIC_SIGNAL_CANDIDATE
13cc5301e437b390639297ca6b0dd89e7085feb3885b9e7e7cb6774f86732661	62981	SIGNAL_FILE	/root/Documents/003. PPP/titan_grid_vdr_enterprise_v3_4.py	STATIC_SIGNAL_CANDIDATE
5b379991662ebc7e9ed9641128ab065673b69026c2ce9783e3609031b797f0b5	25946	SIGNAL_FILE	/root/Documents/003. PPP/titan_grid_vdr_ultimate_final_clean.py	STATIC_SIGNAL_CANDIDATE
d35c1a7d736da1038ae9f131aab0fdec3f0970f091fef116cc8eee0d269025f9	35968	SIGNAL_FILE	/root/Documents/004. Extrakcije iz chatova/TITAN_DEEP_FORENSIC_CONTEXT_EXTRACTION_RAG_READY_v2.md	STATIC_SIGNAL_CANDIDATE
92ad21ebd5f098627a48bcbf11df63c5baa432a0eaf7a1158121d53e1a2a53bf	2079	SIGNAL_FILE	/root/Documents/00_MASTER_TOKEN_AUTHORITY/MASTER_TOKEN_REGISTER.json	STATIC_SIGNAL_CANDIDATE
0e48b67c613112084747ba9edcb58faa383d78653a8ee020ff49eb6157a35c5e	3748	SIGNAL_FILE	/root/Documents/00_MASTER_TOKEN_AUTHORITY/MASTER_TOKEN_REGISTER_v4.0.json	STATIC_SIGNAL_CANDIDATE
97a18cecc6af347637429d2765731ee758a2b0597568c702430ed27b504507ac	1914	SIGNAL_FILE	/root/Documents/00_MASTER_TOKEN_AUTHORITY/generate_SIGNALNI_MEMORANDUM_TITAN1.py	STATIC_SIGNAL_CANDIDATE
25e8da791e7ccf237b3f07cd3dff4a8222007c563e88f543378687fe60e6e8f5	37050	SIGNAL_FILE	/root/Documents/ANEKS_1_REVIZIJA_CAPEX_TITAN1_2026-05-10.docx	STATIC_SIGNAL_CANDIDATE
b8b58b2be238509a9f5b00b86c691a4a44767a3649880722ecccac8ecdebf3e5	37660	SIGNAL_FILE	/root/Documents/ANEKS_1_REVIZIJA_CAPEX_TITAN1_EU_BRAND_2026-05-10.docx	STATIC_SIGNAL_CANDIDATE
ccdf229d0f00ba84f3f24eda5bec6567d07873a9963f5348f569a9aca8bf49f4	37773	SIGNAL_FILE	/root/Documents/ANEKS_1_REVIZIJA_CAPEX_TITAN1_EU_FOOTER_2026-05-10.docx	STATIC_SIGNAL_CANDIDATE
1643032988c31b2208208945fc847cf725890a82324c609675ef8b31f95317db	37366	SIGNAL_FILE	/root/Documents/ANEKS_1_REVIZIJA_CAPEX_TITAN1_FINAL_2026-05-10.docx	STATIC_SIGNAL_CANDIDATE
3f74432e1f0004874b0143092fae9d1bd1db45361f614d2a3d24a9d1c4518820	38222	SIGNAL_FILE	/root/Documents/ANEKS_1_REVIZIJA_CAPEX_TITAN1_IMPROVED_2026-05-10.docx	STATIC_SIGNAL_CANDIDATE
87bc690ad01e6b403a4c358a3a36b80129aa372070182fb864a58d6c15d97713	37394	SIGNAL_FILE	/root/Documents/ANEKS_1_REVIZIJA_CAPEX_TITAN1_INSTITUTIONAL_FINAL_2026-05-10.docx	STATIC_SIGNAL_CANDIDATE
95835c5909c89687cd4a3a4ad75a10e01a0578e85f10c829e6f8bffd45ab8844	37454	SIGNAL_FILE	/root/Documents/ANEKS_1_REVIZIJA_CAPEX_TITAN1_INSTITUTIONAL_ULTRA_2026-05-10.docx	STATIC_SIGNAL_CANDIDATE
c337b1f1ca30b13429600d36d98e98e26709088903ce7f2b866024650d87284e	38103	SIGNAL_FILE	/root/Documents/ANEKS_1_REVIZIJA_CAPEX_TITAN1_PROFESSIONAL_FINAL_2026-05-10.docx	STATIC_SIGNAL_CANDIDATE
ce72b305e3f80c98754520cc16adddce8d6a42d1fd7538bcd832ec219fc8368d	37038	SIGNAL_FILE	/root/Documents/ANEKS_1_REVIZIJA_CAPEX_TITAN1_v4_2026-05-10.docx	STATIC_SIGNAL_CANDIDATE
9fd27c4648fc973834db76429a20b977e7ec5e750e6c338635f8f47c35b58b83	20199	SIGNAL_FILE	/root/Documents/Ars documents/ARS_02 — Shareholder Structure.docx	STATIC_SIGNAL_CANDIDATE
6b5162fc891ac7a4f1427968f56e90915b8de38c0f66750b3c12bf9017092aad	15472	SIGNAL_FILE	/root/Documents/Ars documents/Ispravljene verzije/Shareholder rev 002.docx	STATIC_SIGNAL_CANDIDATE
ac048d0cce8b5d2f203dcc9cc695d1b642bc8795922c48de4f3c9965d3e9a8f4	15518	SIGNAL_FILE	/root/Documents/Ars documents/Ispravljene verzije/Sharholders.docx	STATIC_SIGNAL_CANDIDATE
e5742d4c4b3b159eeb0b6da619d1949cc60f550da2a5ef32cf2274cdf198f127	232528	SIGNAL_FILE	/root/Documents/Ars documents/Nova revizija/ARS_02_Shareholder_Structure_EU_Format.docx	STATIC_SIGNAL_CANDIDATE
62cfb09f6b82c2ee826e6c45af3e6c3df8fd722d3db3c2ca9b78c7a36f1c4ae3	7952	SIGNAL_FILE	/root/Documents/Exeli/ADS_TITAN_Data_Room_Checklist.xlsx	STATIC_SIGNAL_CANDIDATE
e775dfcd49fafef7c85bf45fe2de314743ae9b1edbc280e4fb8dd08c33c51e39	14953	SIGNAL_FILE	/root/Documents/Exeli/Korigovana/TITAN_GRID_Master_Credit_Committee_File_CORRECTED.xlsx	STATIC_SIGNAL_CANDIDATE
eb6bf6024d723e4c0001f0b56221063926a2c992ba0786bfa59fd932c5479c88	6792	SIGNAL_FILE	/root/Documents/Exeli/ORG-001_TITAN_Grid_Governance_v4.xlsx	STATIC_SIGNAL_CANDIDATE
c29b54f3245fac8bde1c6a76dd1892cab51ccd947d1503894d7970eda10c4232	17466	SIGNAL_FILE	/root/Documents/Exeli/ORG-001_TITAN_Grid_Revisited_v4_1.xlsx	STATIC_SIGNAL_CANDIDATE
19f25319ea6ec4c28c08ba6ddae922208a526ee7869fccf6c16233127dcfb36c	8080	SIGNAL_FILE	/root/Documents/Exeli/ORG-002_TITAN_Grid_Executive_Summary_v4.xlsx	STATIC_SIGNAL_CANDIDATE
16529ff648d959e036e926f9a5ceabfb27685b6a51b204f7eb31d03192ba2130	12946	SIGNAL_FILE	/root/Documents/Exeli/ORG-003_TITAN_Grid_Memorandum_v5_UPGRADED.xlsx	STATIC_SIGNAL_CANDIDATE
11db09c8450a8f09ddf19d1e761250e3815ff115700c9355666f6a6c58e1d48d	8126	SIGNAL_FILE	/root/Documents/Exeli/ORG-005_TITAN_Grid_Teaser_v4.xlsx	STATIC_SIGNAL_CANDIDATE
d4e9d28e3317a480c5b9671e15a4db71d1bf29514573ed5cd3564a584c2901ac	7732	SIGNAL_FILE	/root/Documents/Exeli/ORG-007_TITAN_Grid_Strategic_Positioning_v4.xlsx	STATIC_SIGNAL_CANDIDATE
95d5373666dcc8a0f7c3a7a42313ecb0189dd7d325dd4251148fe80adeb4b3ef	8434	SIGNAL_FILE	/root/Documents/Exeli/ORG-008_TITAN_Grid_Market_Gap_v4.xlsx	STATIC_SIGNAL_CANDIDATE
b3b594b07a51f4329fe741787d615fcb48b40806c453ec7f071041b8b4736e09	8923	SIGNAL_FILE	/root/Documents/Exeli/ORG-009_TITAN_Grid_Industrial_Logic_v4.xlsx	STATIC_SIGNAL_CANDIDATE
acc5289bda1ea15c27a8af3a9ee6497138a68ce03fc9ecf455d92437c5e918a5	7937	SIGNAL_FILE	/root/Documents/Exeli/ORG-010_TITAN_Grid_Scalability_v4_corrected.xlsx	STATIC_SIGNAL_CANDIDATE
a61f22bf9376496dc6be0373c984aa23a211b83d5832ce93322f2c8544cb0723	11866	SIGNAL_FILE	/root/Documents/Exeli/ORG-011_TITAN_Grid_Sponsor_Profile_v4.xlsx	STATIC_SIGNAL_CANDIDATE
534ce4ce694823d70f924cc9f4de4b2de0acf84353667a5af6cb856b8007af09	6262	SIGNAL_FILE	/root/Documents/Exeli/ORG-012_TITAN_Grid_Ownership_Structure_v4.xlsx	STATIC_SIGNAL_CANDIDATE
b376f5fbd8d8649afb72903bc0e6460e04632b84cfdc99a3ac60a2104da0dcc4	6288	SIGNAL_FILE	/root/Documents/Exeli/ORG-013_TITAN_Grid_SPV_Structure_v4.xlsx	STATIC_SIGNAL_CANDIDATE
4d47187eafbff5a704cb746b8a21837a3116d89c35121a8b071a85425586cdd9	8051	SIGNAL_FILE	/root/Documents/Exeli/ORG-014_TITAN_Grid_Project_Timeline_v4.xlsx	STATIC_SIGNAL_CANDIDATE
c6d43a697e1a2c69edd02aa0ccc01ceadcf4a9c17d35b12d7604a21660be5873	11457	SIGNAL_FILE	/root/Documents/Exeli/ORG-015_TITAN_Grid_Milestone_Map_v4_1.xlsx	STATIC_SIGNAL_CANDIDATE
631f3548b020e686f7caba4222209d6263a0ae5c0b4df3f0fedd9a3b2ab1fea3	11444	SIGNAL_FILE	/root/Documents/Exeli/ORG-016_TITAN_Grid_Project_Charter_v4.xlsx	STATIC_SIGNAL_CANDIDATE
8d2835d7d3a44676a179a508787edf3443afc802472df3e1a9fda86e14550546	8088	SIGNAL_FILE	/root/Documents/Exeli/ORG-017_TITAN_Grid_Risk_Overview_v4_polished.xlsx	STATIC_SIGNAL_CANDIDATE
5ed4269864805caa8bae6d402a3dcb9a91c4b5f4b09b6c98c54672543698c010	8024	SIGNAL_FILE	/root/Documents/Exeli/ORG-018_TITAN_Grid_Competitor_Map_v4_FINAL.xlsx	STATIC_SIGNAL_CANDIDATE
b0a3320b46c51b467a2b018d6ac4fb0098f15e0ebbd045b0a197ef23342cda64	8036	SIGNAL_FILE	/root/Documents/Exeli/ORG-019_TITAN_Grid_Strategic_Deck_v4.xlsx	STATIC_SIGNAL_CANDIDATE
9a380ab2877f8e11d22fb814d1f5cbe6db2cec70c937354c45dd6d4c989143b5	7299	SIGNAL_FILE	/root/Documents/Exeli/ORG-020_TITAN_Grid_Identity_v4.xlsx	STATIC_SIGNAL_CANDIDATE
1799ae64163f525fdc1bcb47923018840f45e99cac4a859c5b58dc7ccaab66f0	7915	SIGNAL_FILE	/root/Documents/Exeli/ORG-021_TITAN_Grid_Investment_Thesis_v4.xlsx	STATIC_SIGNAL_CANDIDATE
6510c8bd4253a69ef846e66e2e04cb335a6e3647f0f2e411316dc9cd0630a469	7236	SIGNAL_FILE	/root/Documents/Exeli/ORG-022_TITAN_Grid_Macro_Context_v4.xlsx	STATIC_SIGNAL_CANDIDATE
5555d6385331ad3d255b9a8f793a56bed5aa204ff4f650a175e8cdfbd469c20c	7992	SIGNAL_FILE	/root/Documents/Exeli/ORG-024_TITAN_Grid_Financial_Snapshot_v4.xlsx	STATIC_SIGNAL_CANDIDATE
7fb7abb93f5a5310a6590dafd45800edb5310e05af8cc1c9c1563ace886a5cbe	6115	SIGNAL_FILE	/root/Documents/Exeli/ORG-024_TITAN_Grid_Strategic_Expansion_v4.xlsx	STATIC_SIGNAL_CANDIDATE
39f20438ca1b91ebb2efa64c18cdfe407570d079a19a114916e79a75e62feadf	9289	SIGNAL_FILE	/root/Documents/Exeli/ORG-025_TITAN_Grid_Stakeholder_Map_v4_1.xlsx	STATIC_SIGNAL_CANDIDATE
c71c194a032f62b9fa4d405218447d34c536e930dc5830a4e32040080456a000	16638	SIGNAL_FILE	/root/Documents/Exeli/TITAN_Control_Tower_v8_FINAL_POLISH.xlsx	STATIC_SIGNAL_CANDIDATE
b3a563c47832ff985ebae92b39e47850aa9da5e48df252eb664cc26e01131a69	11017	SIGNAL_FILE	/root/Documents/Exeli/TITAN_EBRD_IFC_Master_Pack_v4.xlsx	STATIC_SIGNAL_CANDIDATE
ee72a94d8ecb34e1abfd9d31bcd7b24335190a3f6b09d7aa3cca09b457ffb302	225750	SIGNAL_FILE	/root/Documents/Exeli/TITAN_EBRD_IFC_Submission_Pack_v4.zip	STATIC_SIGNAL_CANDIDATE
68428221ecc14cf8179124fd9a83f8f96c3516fb8e8028208a5f28638678c4a1	15269	SIGNAL_FILE	/root/Documents/Exeli/TITAN_GRID_Master_Credit_Committee_File.xlsx	STATIC_SIGNAL_CANDIDATE
e775dfcd49fafef7c85bf45fe2de314743ae9b1edbc280e4fb8dd08c33c51e39	14953	SIGNAL_FILE	/root/Documents/Exeli/TITAN_GRID_Master_Credit_Committee_File_CORRECTED.xlsx	STATIC_SIGNAL_CANDIDATE
157d823af404707fbd03dd2265fffe2a94296fe606884af2497f585bb17d02c9	72699	SIGNAL_FILE	/root/Documents/Exeli/TITAN_GRID_T1_Audited_v2_1.xlsx	STATIC_SIGNAL_CANDIDATE
46df93bfa6a40071de36d8175edc23acd86fe647ac5f4406a6b90fe3307ed487	26406	SIGNAL_FILE	/root/Documents/Exeli/TITAN_GRID_v5_Full_Lender_Closing_Book.pdf	STATIC_SIGNAL_CANDIDATE
57de9e8b880af908bf67914e42761b03d6a5ff128a14b46039734afac37cedbe	22028	SIGNAL_FILE	/root/Documents/Exeli/TITAN_Grid_Active_Data_Transferred_v2_UPGRADED.xlsx	STATIC_SIGNAL_CANDIDATE
694dd5224ab48b82d68604a970bc82ecaf49f6a9913197884702fe2f6ddf5f2a	8640	SIGNAL_FILE	/root/Documents/Exeli/TITAN_Grid_Final_Investment_Case_v2.xlsx	STATIC_SIGNAL_CANDIDATE
5ddf80451b4fe183c91a40f3522663c4083ec010cde258d24143986fe461839d	21460	SIGNAL_FILE	/root/Documents/Exeli/TITAN_Grid_Financial_Model_5_Sheets.xlsx	STATIC_SIGNAL_CANDIDATE
a42bd61f472650ac434a303a431d99fe8829b988b94dddd8f02e80972cf8f9f0	5069	SIGNAL_FILE	/root/Documents/Exeli/TITAN_Grid_Financial_Model_CSV_Exports.zip	STATIC_SIGNAL_CANDIDATE
4c50eb6dcfd6c872d48c12c35d29b6d89947318fe9f586a5c409cddae6933e01	21337	SIGNAL_FILE	/root/Documents/Exeli/TITAN_Grid_Financial_Model_v2_0.xlsx	STATIC_SIGNAL_CANDIDATE
49b56d422e555ad8abb7139c0cfb5bffc95aa02ff5bd6680813325c02c4d72c9	48465	SIGNAL_FILE	/root/Documents/Exeli/TITAN_Grid_Lender_Model_v6_1.xlsx	STATIC_SIGNAL_CANDIDATE
55320ba354caea35b455a62d7a8fab19aefe79d31a6d6c56485373f86ce1e813	24986	SIGNAL_FILE	/root/Documents/Exeli/TITAN_Grid_Model_v6_Clean.xlsx	STATIC_SIGNAL_CANDIDATE
201f2fb77fef8fa88180cf25b1da89be49c270ed2d0cf14ba918b3a937bda299	5637	SIGNAL_FILE	/root/Documents/Exeli/TITAN_Grid_One_Pager_Final.xlsx	STATIC_SIGNAL_CANDIDATE
10cd3466b04f95ba9df3225bb89d0c8c3ac0656a24076cd5436b161693c39646	8819	SIGNAL_FILE	/root/Documents/Exeli/TITAN_Grid_v5_Upgrade.xlsx	STATIC_SIGNAL_CANDIDATE
c1e64e1506aba002109dee6e7866d1011f6d46f4795856fa59bc822b1cd45039	39987	SIGNAL_FILE	/root/Documents/Exeli/Titan_Grid_Collateral_Overview_v2_Bank_Ready.docx	STATIC_SIGNAL_CANDIDATE
6e0e6813c0992d72e7795ba28516b1c34480729522a41b78f6367e5e80a0abb8	45599	SIGNAL_FILE	/root/Documents/Exeli/Titan_Grid_Execution_Closing_Bible_v6_1_forensic.docx	STATIC_SIGNAL_CANDIDATE
eab2d2cff4429de0b22c2af924a5fca03261dc98c3456c02867c88fe99f9a733	7946	SIGNAL_FILE	/root/Documents/Exeli/Titan_Grid_Upgrade_Export.xlsx	STATIC_SIGNAL_CANDIDATE
b40f238c62e54818493462d1677fb2dc2482eaddb16d265a21e19525efb2f2ed	46109	SIGNAL_FILE	/root/Documents/Exeli/Titan_Grid_Value_Proposition_v6_Board_Lender_Submission_Pack_clean.docx	STATIC_SIGNAL_CANDIDATE
dcf135675f6b2331786ecb6891f77769022282ad2c8b7cbc00340be34f4b4c2f	19755	SIGNAL_FILE	/root/Documents/Exeli/Titan_Grid_v6_2_Live_Lender_Linkage_Pack.xlsx	STATIC_SIGNAL_CANDIDATE
25e8da791e7ccf237b3f07cd3dff4a8222007c563e88f543378687fe60e6e8f5	37050	SIGNAL_FILE	/root/Documents/FINAL_SEND_PACKAGE_TITAN1_2026-05-10/ANEKS_1_REVIZIJA_CAPEX_TITAN1_2026-05-10.docx	STATIC_SIGNAL_CANDIDATE
95835c5909c89687cd4a3a4ad75a10e01a0578e85f10c829e6f8bffd45ab8844	37454	SIGNAL_FILE	/root/Documents/FINAL_SEND_PACKAGE_TITAN1_2026-05-10/ANEKS_1_REVIZIJA_CAPEX_TITAN1_INSTITUTIONAL_ULTRA_2026-05-10.docx	STATIC_SIGNAL_CANDIDATE
ce72b305e3f80c98754520cc16adddce8d6a42d1fd7538bcd832ec219fc8368d	37038	SIGNAL_FILE	/root/Documents/FINAL_SEND_PACKAGE_TITAN1_2026-05-10/ANEKS_1_REVIZIJA_CAPEX_TITAN1_v4_2026-05-10.docx	STATIC_SIGNAL_CANDIDATE
2ff2d37730579fcf48eccc087abe1b75dcc034b9a31ac292b66b2814947bf9ef	421	SIGNAL_FILE	/root/Documents/FINAL_SEND_PACKAGE_TITAN1_2026-05-10/HASH_LEDGER.txt	STATIC_SIGNAL_CANDIDATE
0e48b67c613112084747ba9edcb58faa383d78653a8ee020ff49eb6157a35c5e	3748	SIGNAL_FILE	/root/Documents/FINAL_SEND_PACKAGE_TITAN1_2026-05-10/MASTER_TOKEN_REGISTER_v4.0.json	STATIC_SIGNAL_CANDIDATE
2003bc190e21da33dcd0a42daa27b9e7d29a132be45c375d4e7192e69ea7a60e	486	SIGNAL_FILE	/root/Documents/FINAL_SEND_PACKAGE_TITAN1_2026-05-10/README_TITAN1_FINAL_PACKAGE.txt	STATIC_SIGNAL_CANDIDATE
b3b2105b4d48f79e6a728e308c7454ba8db0b52a74a084857740249255664849	37307	SIGNAL_FILE	/root/Documents/FINAL_SEND_PACKAGE_TITAN1_2026-05-10/SIGNALNI_MEMORANDUM_TITAN1_2026-05-10.docx	STATIC_SIGNAL_CANDIDATE
95835c5909c89687cd4a3a4ad75a10e01a0578e85f10c829e6f8bffd45ab8844	37454	SIGNAL_FILE	/root/Documents/IZVOZ_ZA_WINDOWS/ANEKS_1_REVIZIJA_CAPEX_TITAN1_INSTITUTIONAL_ULTRA_2026-05-10.docx	STATIC_SIGNAL_CANDIDATE
5fd549f68d05f46311e5fdd02395ea79c62d1997f688252bbfe9ae42def3859b	25184	SIGNAL_FILE	/root/Documents/IZVOZ_ZA_WINDOWS/TITAN_Central_Brain_Finance_Master_v6_1.xlsx	STATIC_SIGNAL_CANDIDATE
e471bba128e695e8b83bffa32363aefe2946b9802a69cfcd8c6aa9a0d93eb6eb	247219	SIGNAL_FILE	/root/Documents/O02 chatgbt /ARS_02_Shareholder_Structure_EU_Format.docx	STATIC_SIGNAL_CANDIDATE
4c9783c032fa53ecb3fd016590f951ccb6ed56da65db85227f7f30590b645f12	2454	SIGNAL_FILE	/root/Documents/O02 chatgbt /Novo harvest /TITAN_UPLOAD_PDF_HARVEST_100_888.md	STATIC_SIGNAL_CANDIDATE
70ba5fc8b826cd79e0016783d1f7ec3051ee806b017264fbb4f06c9b24ec9303	20555	SIGNAL_FILE	/root/Documents/O02 chatgbt /Novo harvest /TITAN_UPLOAD_PDF_HARVEST_100_888.xlsx	STATIC_SIGNAL_CANDIDATE
5e95062c2dfe9f18fce57cc84d9cca85a2a0d6fb19ed446964f59a726adad971	584	SIGNAL_FILE	/root/Documents/O02 chatgbt /Novo harvest /TITAN_UPLOAD_PDF_HARVEST_100_888_SUMMARY.json	STATIC_SIGNAL_CANDIDATE
cb4d286a4fd6e9b481e57f254f8010f8733a453962eab8c0ff370687cb3f756b	15508	SIGNAL_FILE	/root/Documents/O02 chatgbt /Shareholder rev 002.docx	STATIC_SIGNAL_CANDIDATE
e5a99b70a69e4ee85f44fc4358ed91df06297bb006cc014bb4f36a396ce3c609	34910	SIGNAL_FILE	/root/Documents/O02 chatgbt /TITAN_Forensic_Inventory_Extraction.xlsx	STATIC_SIGNAL_CANDIDATE
33f363a0a3cafc72b11450420bc6c1efba045e4e04bfa59c60622c8b5877baef	35125	SIGNAL_FILE	/root/Documents/O02 chatgbt /TITAN_Forensic_Inventory_Revision.xlsx	STATIC_SIGNAL_CANDIDATE
b3b2105b4d48f79e6a728e308c7454ba8db0b52a74a084857740249255664849	37307	SIGNAL_FILE	/root/Documents/SIGNALNI_MEMORANDUM_TITAN1_2026-05-10.docx	STATIC_SIGNAL_CANDIDATE
48700f38ea735c4d8f652f2ecbdc6a30f94e82e5500a473509c2f31d8a498dad	37829	SIGNAL_FILE	/root/Documents/SIGNALNI_MEMORANDUM_TITAN1_EU_BRAND_2026-05-10.docx	STATIC_SIGNAL_CANDIDATE
6defc09cb75223b941f2ee53930bffd6466ffbd8b25e795b28a783347f4fd3d7	15425	SIGNAL_FILE	/root/Documents/Sistem final /TITAN_MASTER_SSOT_v1.0.pdf	STATIC_SIGNAL_CANDIDATE
5bf39bbfaf0944122d00656534d29965099aab6d0c741c828e25461e54ac9a11	38687	SIGNAL_FILE	/root/Documents/TITAN FINAL/03.03/TITAN_Central_Brain_Finance_Master_v6_1.xlsx	STATIC_SIGNAL_CANDIDATE
7c5bc5c969270547a25fc8fd6d7c0ea82205542512ebcf9c94d874655c98f7b1	46279	SIGNAL_FILE	/root/Documents/TITAN FINAL/03.03/TITAN_Central_Brain_Finance_Master_v6_2 2.xlsx	STATIC_SIGNAL_CANDIDATE
7c5bc5c969270547a25fc8fd6d7c0ea82205542512ebcf9c94d874655c98f7b1	46279	SIGNAL_FILE	/root/Documents/TITAN FINAL/03.03/TITAN_Central_Brain_Finance_Master_v6_2.xlsx	STATIC_SIGNAL_CANDIDATE
9c9ddd281e0d98905ead825028b833fdc07f26d0671213ae6fe1f5d9be0dca21	11476	SIGNAL_FILE	/root/Documents/TITAN FINAL/03.03/TITAN_Central_Brain_Governance_Export.xlsx	STATIC_SIGNAL_CANDIDATE
505f863d7f4c2cac10b0af794c2cbf879146e8e81890381df47fcf47c17c9777	12281	SIGNAL_FILE	/root/Documents/TITAN FINAL/03.03/TITAN_Central_Brain_v6_1_Master.xlsx	STATIC_SIGNAL_CANDIDATE
6ce819918916e7ab9bbd5b3464ad78399a260139cb929f259823137824aecc88	36001	SIGNAL_FILE	/root/Documents/TITAN FINAL/03.03/TITAN_Central_Brain_v6_2_Lender_Grade.xlsx	STATIC_SIGNAL_CANDIDATE
3c22dcc4ac57f8c7eca25984f26d3be6b7f238e18e0c5191b145cd0c743d815b	41392	SIGNAL_FILE	/root/Documents/TITAN FINAL/03.03/TITAN_Central_Brain_v6_export_patch.xlsx	STATIC_SIGNAL_CANDIDATE
fb36572c82c5e5e0946feba234992dce6f27ae2f830813a833169c6ae04e012a	57630	SIGNAL_FILE	/root/Documents/TITAN FINAL/03.03/TITAN_Central_Brain_v7_2_Lender_Model.xlsx	STATIC_SIGNAL_CANDIDATE
3068f8c385c5ac463d2b0de1ea8195344eaed14b30d5b6472aff5b1852a52b29	88837	SIGNAL_FILE	/root/Documents/TITAN FINAL/03.03/TITAN_Forensic_Audit_Report_2026-04-03.xlsx	STATIC_SIGNAL_CANDIDATE
11c0781a3f2ff5ea4c9aa267a5335c7e9b4e9d2e78882f76c28ad4a0b82b245f	36851	SIGNAL_FILE	/root/Documents/TITAN FINAL/03.03/TITAN_IC_Memo_v3_FINAL.docx	STATIC_SIGNAL_CANDIDATE
4cf0ff99e22c00db1cb882ebae814b7a421d471a8a4a006a7e1ba9c724e800c0	570752	SIGNAL_FILE	/root/Documents/TITAN FINAL/03.03/TITAN_IC_Pack_v2_LiveModel.pptx	STATIC_SIGNAL_CANDIDATE
467a1a6bc0d3eae03916c77bd77d9c6df719f753385bb6130e7228e0e601263c	38022	SIGNAL_FILE	/root/Documents/TITAN FINAL/03.03/TITAN_IC_Pack_v3_FINAL.pptx	STATIC_SIGNAL_CANDIDATE
036de008842f0b9181669c9d6ac70acd15701ec41697b4c2c0602aa1d8c00e26	38576	SIGNAL_FILE	/root/Documents/TITAN FINAL/03.03/TITAN_IC_v4_Visual.pptx	STATIC_SIGNAL_CANDIDATE
48f50ffa73075674be64053f10d683cb2ff0aa3512b2b221fef6fddc0a2758dc	61850	SIGNAL_FILE	/root/Documents/TITAN FINAL/03.03/TITAN_IC_v5_FINAL.pptx	STATIC_SIGNAL_CANDIDATE
b129ce851962696935e22fd39061187b384ecb93c61cb31d9839dd826a64a0c9	24580	SIGNAL_FILE	/root/Documents/TITAN FINAL/03.03/TITAN_VDR_150_Document_Register_Template.xlsx	STATIC_SIGNAL_CANDIDATE
6a04f3da5f43c9c5c461ef79ac550e721f54b8bc4982522ff7b2a2e7e5111db3	10846	SIGNAL_FILE	/root/Documents/TITAN FINAL/03.03/TITAN_VDR_Master_List.xlsx	STATIC_SIGNAL_CANDIDATE
516fb7a89cbf36cd963f99788b849066fe9bbc88caff43e0182854f82064a379	34889	SIGNAL_FILE	/root/Documents/TITAN FINAL/03.03/TITAN_model_full_integration.xlsx	STATIC_SIGNAL_CANDIDATE
e51d9f64155cbf389e75734454ad4fce0667cb69ce0519d6b5590e0c84b8bd24	30203	SIGNAL_FILE	/root/Documents/TITAN FINAL/03.03/TITAN_v6_3_Credit_Committee_Pack.xlsx	STATIC_SIGNAL_CANDIDATE
fe9c2dffce2623f4c6bd9c212b8fb9a8be4c69902690aa61d7fb61683552ca4a	30287	SIGNAL_FILE	/root/Documents/TITAN FINAL/03.03/titan_central_brain_v6_1_generator.py	STATIC_SIGNAL_CANDIDATE
275c660c1560ad16769b7a4db2254a9c91ccd2ff8111fa1965a29fead9d9104f	20328	SIGNAL_FILE	/root/Documents/TITAN FINAL/03.03/titan_grid_control_tower_v1.xlsx	STATIC_SIGNAL_CANDIDATE
4aa75cc2a058eb9032673deaf9d32584a1489dc6fec0b957d78bb25a31ba321a	41739	SIGNAL_FILE	/root/Documents/TITAN FINAL/27.03/TITAN_Central_Brain_Finance_Master_v6_2.xlsx	STATIC_SIGNAL_CANDIDATE
8416924aa5fc9f845dc1983ddc6f0525e32c917551d1c49ad0279497f73dfb8e	21329	SIGNAL_FILE	/root/Documents/TITAN FINAL/27.03/TITAN_Central_Brain_Finance_Master_v6_refresh.xlsx	STATIC_SIGNAL_CANDIDATE
b04922330782cd9540bfb722b167d79b777de43336a1d79caa4e60934d3f163a	28717	SIGNAL_FILE	/root/Documents/TITAN FINAL/27.03/TITAN_Central_Brain_Morning_Update_2026-03-27.xlsx	STATIC_SIGNAL_CANDIDATE
166870118cb17c34932708e94c24242aefcf9279f1fb1142ae0aaf379f1feda6	38238	SIGNAL_FILE	/root/Documents/TITAN FINAL/27.03/TITAN_Central_Brain_v6_1_Institutional.xlsx	STATIC_SIGNAL_CANDIDATE
00a8427dc294c3ef3fdf1904c33a2d3aca37fc8c718319eb62a39d38d4c67a78	42808	SIGNAL_FILE	/root/Documents/TITAN FINAL/27.03/TITAN_Central_Brain_v6_1_Lender_Model.xlsx	STATIC_SIGNAL_CANDIDATE
a5f5fc2fa8d06c5d4c1f34ed0a0b4653670d94a510b9d39ea5435713e0237ed8	65856	SIGNAL_FILE	/root/Documents/TITAN FINAL/27.03/TITAN_Central_Brain_v6_2_Lender_Model_FINAL.xlsx	STATIC_SIGNAL_CANDIDATE
11c5f90409f165c20201d9e06458faed40105efe2cffac50489378ee8afe6363	1544538	SIGNAL_FILE	/root/Documents/TITAN FINAL/27.03/TITAN_Central_Brain_v6_3_MonteCarlo_PD_P90.xlsx	STATIC_SIGNAL_CANDIDATE
57352a86b35dee22895c9d7389f76db5484c0e0c38d70bf8062b1e48ede9f594	21635	SIGNAL_FILE	/root/Documents/TITAN FINAL/27.03/TITAN_Central_Brain_v6_Forensic_Export.xlsx	STATIC_SIGNAL_CANDIDATE
b4060f04b2c036b0f40b68498d31bcf4e651ddb59a3400a8f5287566b6c36ab3	33219	SIGNAL_FILE	/root/Documents/TITAN FINAL/27.03/TITAN_Central_Brain_v6_Full.xlsx	STATIC_SIGNAL_CANDIDATE
bdcef47d5a509f7587b342659bc58862088ba5404ac0c3772c3658e804252a55	59002	SIGNAL_FILE	/root/Documents/TITAN FINAL/27.03/TITAN_Control_Tower_Auto_v3_Dashboard.xlsx	STATIC_SIGNAL_CANDIDATE
364671d95d1ac29949b76ff047d9d3ac4ba6f1a0ded5135c6cf34a86a2db0880	175632	SIGNAL_FILE	/root/Documents/TITAN FINAL/27.03/TITAN_Data_Room_v6_3_Automated.zip	STATIC_SIGNAL_CANDIDATE
d5ab6c8e0cb5cc9e26526f8b31a351d781748fe5872288b83f83687652d96332	9892	SIGNAL_FILE	/root/Documents/TITAN FINAL/27.03/TITAN_Data_Room_v6_3_Automated/00_ADMIN/ADM-03_Document_Index_Master.md	STATIC_SIGNAL_CANDIDATE
37ae487e21686063fc4ebd7b06b100315d1e69064ec1f753db197370c2e5dbd1	1286	SIGNAL_FILE	/root/Documents/TITAN FINAL/27.03/TITAN_Data_Room_v6_3_Automated/00_ADMIN/ADM-07_Issues_Register.md	STATIC_SIGNAL_CANDIDATE
ca36a5230e3d1bebd979ff1f4ab0168c7d09f4d7ebd54b81a30d756b7c7e68cf	1289	SIGNAL_FILE	/root/Documents/TITAN FINAL/27.03/TITAN_Data_Room_v6_3_Automated/00_ADMIN/ADM-08_Approvals_Register.md	STATIC_SIGNAL_CANDIDATE
8601d4ec2377153ab62bea7d013a720b7d81c0853633bcabe419ad9ba6c1c667	1302	SIGNAL_FILE	/root/Documents/TITAN FINAL/27.03/TITAN_Data_Room_v6_3_Automated/03_MARKET_ANALYSIS/MKT-10_Commercial_Assumptions_Register.md	STATIC_SIGNAL_CANDIDATE
7b7c893d308714e9c1dd40cf6b9aa23dd195c0584aaab1b8c8ce781106f0d983	1296	SIGNAL_FILE	/root/Documents/TITAN FINAL/27.03/TITAN_Data_Room_v6_3_Automated/04_TECHNICAL/TECH-06_Layout_Drawings_Register.md	STATIC_SIGNAL_CANDIDATE
d626151bd83c1b5f295eeb5b3f58b6bdf4dd46e770a85b5937f19dc13c383a7c	1295	SIGNAL_FILE	/root/Documents/TITAN FINAL/27.03/TITAN_Data_Room_v6_3_Automated/06_CAPEX/CAPEX-03_Vendor_Quotes_Register.md	STATIC_SIGNAL_CANDIDATE
b77075cc2460bc65d6d13ca629af341cdcf311670b0f713f044e4d5ec1112679	1299	SIGNAL_FILE	/root/Documents/TITAN FINAL/27.03/TITAN_Data_Room_v6_3_Automated/06_CAPEX/CAPEX-10_CAPEX_Assumptions_Register.md	STATIC_SIGNAL_CANDIDATE
fbe6a8c9616ce27c923dda8d173d4c9f78c490ea595b1ebd1f7a341d5cb8f9f3	1290	SIGNAL_FILE	/root/Documents/TITAN FINAL/27.03/TITAN_Data_Room_v6_3_Automated/08_FUNDING/FUND-09_Lender_QA_Register.md	STATIC_SIGNAL_CANDIDATE
88e98b680be35dc139240a5c01a3f59f9e7998c86294dba155e7976930d14353	1293	SIGNAL_FILE	/root/Documents/TITAN FINAL/27.03/TITAN_Data_Room_v6_3_Automated/09_LEGAL/LEG-03_Shareholder_Agreements.md	STATIC_SIGNAL_CANDIDATE
cedcef4f0a047ba0487f14f3deea9d0b8602da22bfc64ed21a466d641764c37a	1287	SIGNAL_FILE	/root/Documents/TITAN FINAL/27.03/TITAN_Data_Room_v6_3_Automated/09_LEGAL/LEG-05_Permits_Register.md	STATIC_SIGNAL_CANDIDATE
616b2488fb2e0c69ebcd41dabd8508f5da8121f84b5fe15da96dc4dc53d53a84	1290	SIGNAL_FILE	/root/Documents/TITAN FINAL/27.03/TITAN_Data_Room_v6_3_Automated/09_LEGAL/LEG-08_Litigation_Register.md	STATIC_SIGNAL_CANDIDATE
ef2229a14618af334a68c8deace506c93a0cfc9f7b237582fa6fc26058315b86	1287	SIGNAL_FILE	/root/Documents/TITAN FINAL/27.03/TITAN_Data_Room_v6_3_Automated/11_ESG/ESG-08_ESG_KPI_Register.md	STATIC_SIGNAL_CANDIDATE
59a6b89cd61ee490cd90d16d85d36f8201f6c0ea301e7ec86435af06b9c9aca2	1289	SIGNAL_FILE	/root/Documents/TITAN FINAL/27.03/TITAN_Data_Room_v6_3_Automated/12_GRANTS/GR-09_Grant_Risk_Register.md	STATIC_SIGNAL_CANDIDATE
ca17a30227eb24729197c171ef6d10e16df93578b505ebe740d64923d4b81f70	1298	SIGNAL_FILE	/root/Documents/TITAN FINAL/27.03/TITAN_Data_Room_v6_3_Automated/15_CONTRACTS/CON-01_Supplier_Contracts_Register.md	STATIC_SIGNAL_CANDIDATE
c78775cd3261bf4b187830ae0ca457c61f8c95ea0c6471ab35546a911825f550	1289	SIGNAL_FILE	/root/Documents/TITAN FINAL/27.03/TITAN_Data_Room_v6_3_Automated/18_AUDIT/AUD-06_Close_Out_Register.md	STATIC_SIGNAL_CANDIDATE
c8b1a402eb157add9b0deda8e6c146be8e69c9b9d8bfd0afcf1348519172845c	37015	SIGNAL_FILE	/root/Documents/TITAN FINAL/27.03/TITAN_IC_Memo.docx	STATIC_SIGNAL_CANDIDATE
36c9cc5f199967d0da4f1fe099f083b82468e8144275001b20a9ff0b6fb65ca5	2154	SIGNAL_FILE	/root/Documents/TITAN FINAL/27.03/TITAN_IC_Memo.pdf	STATIC_SIGNAL_CANDIDATE
e91d520b5b498c449bc6e288ec6ce3aa7be4e3e9f326a285872699cc34dbbb53	37129	SIGNAL_FILE	/root/Documents/TITAN FINAL/27.03/TITAN_IC_Memo_Annex.docx	STATIC_SIGNAL_CANDIDATE
f9538593e82d5282b7811ab6d1fe9285fe61a5e744b62289cabb26efb3100fd6	2445	SIGNAL_FILE	/root/Documents/TITAN FINAL/27.03/TITAN_IC_Memo_Annex.pdf	STATIC_SIGNAL_CANDIDATE
e35289a704978d62d203fa73af320644ace82ac452c89a703d608622cee3e711	37641	SIGNAL_FILE	/root/Documents/TITAN FINAL/27.03/TITAN_IC_Memo_FINAL.docx	STATIC_SIGNAL_CANDIDATE
2ee9ec3fb26c06268a888c934a2991570f1460e1e9d15d2b5f65d1433b28ee5c	3726	SIGNAL_FILE	/root/Documents/TITAN FINAL/27.03/TITAN_IC_Memo_FINAL.pdf	STATIC_SIGNAL_CANDIDATE
86928505a5155b876e9be561e0240f6618ae003aa008600fb66ae441d3d69994	13593	SIGNAL_FILE	/root/Documents/TITAN FINAL/27.03/TITAN_Investment_Memo_v6_2.pdf	STATIC_SIGNAL_CANDIDATE
b85bd16e0b31d586648fd04f3269f5037cd9ac603a21e6909e35c04c974798ff	128707	SIGNAL_FILE	/root/Documents/TITAN FINAL/27.03/TITAN_LIVE_CONTROL_TOWER_SYSTEM_v9_Response_Pack.xlsx	STATIC_SIGNAL_CANDIDATE
e48cdd9ef01fb645e74e17a519cc595054f121467ea56385b827b4b67af6caa5	19294	SIGNAL_FILE	/root/Documents/TITAN FINAL/27.03/TITAN_v5_0_board_ic_dashboard_upgrade.py	STATIC_SIGNAL_CANDIDATE
2839577b807b6133cb594784f66732b86f7a2c51e766ea0911a006022f49a803	65978	SIGNAL_FILE	/root/Documents/TITAN FINAL/27.03/TITAN_v5_0_board_ic_dashboard_version.xlsx	STATIC_SIGNAL_CANDIDATE
f535f49204468045348f67e2120b6f8966be5e33d587038bd0690a5de1e748b0	45201	SIGNAL_FILE	/root/Documents/TITAN FINAL/Arhiva informacija/07. Gemini analize/TITAN_Control_Tower_Auto_v2.xlsx	STATIC_SIGNAL_CANDIDATE
410b7e22c73fd259c9a1e147b250f0db338f45aa06effa43508c675b3a58e3ec	378026	SIGNAL_FILE	/root/Documents/TITAN1_DEEP_HARVEST_20260510_1153/TITAN1_DEEP_SIGNALS.json	STATIC_SIGNAL_CANDIDATE
5fd549f68d05f46311e5fdd02395ea79c62d1997f688252bbfe9ae42def3859b	25184	SIGNAL_FILE	/root/Documents/TITAN_Central_Brain_Finance_Master_v6_1.xlsx	STATIC_SIGNAL_CANDIDATE
b13cd4a53a43dc07be732b35bae5998e47118cb812f09dbfb3be806f9250638d	1007146	SIGNAL_FILE	/root/Documents/Titan grid/Onur/00_STRATESKI_MEMORANDUM_OPSTINA_TUZI_TITAN_GRID.pdf.pdf	STATIC_SIGNAL_CANDIDATE
6da9cbcba8ee02553ed6da7f31b70357e1f92f9fdd768b6316d568b4b77fefce	17851	SIGNAL_FILE	/root/Documents/Titan grid/Prezentacija/Nove kalkulacija  24.03/25.03/ARS_Titan_v45_Forensic_Review.xlsx	STATIC_SIGNAL_CANDIDATE
db636ee892498037c64eb9f5280e0df4ce91b9bee8f8b958bd6b7c6257a90f1b	126201	SIGNAL_FILE	/root/Documents/Titan grid/Prezentacija/Nove kalkulacija  24.03/25.03/CAPEX_Titan_Bank_Grade_v4_5.xlsx	STATIC_SIGNAL_CANDIDATE
a23da9327b72f47f51c8a70ce415934dc8d522db4d23023815733258adeaf1bc	22318	SIGNAL_FILE	/root/Documents/Titan grid/Prezentacija/Nove kalkulacija  24.03/25.03/MAREL_Titan_Smart_Model.xlsx	STATIC_SIGNAL_CANDIDATE
f4e44cb8d57e7024e17b1e582c34ff6bc9a307129d659de68f95d1589b99bfd6	35345	SIGNAL_FILE	/root/Documents/Titan grid/Prezentacija/Nove kalkulacija  24.03/25.03/OPEX_Titan_Bank_Grade_v45.xlsx	STATIC_SIGNAL_CANDIDATE
01aadd7aa6913d40845382cad4cb3319aaa4449463ea4ed73024c4e4490e98d0	14775	SIGNAL_FILE	/root/Documents/Titan grid/Prezentacija/Nove kalkulacija  24.03/25.03/TITAN_Full_Active_Data_Export.xlsx	STATIC_SIGNAL_CANDIDATE
a9820063d0f21760e38e83a7c7812f66cd6786036a7c9493c8db0427c92c9599	43355	SIGNAL_FILE	/root/Documents/Titan grid/Prezentacija/Nove kalkulacija  24.03/25.03/TITAN_Grid_IC_Pack.pptx	STATIC_SIGNAL_CANDIDATE
7dcd080cd51b6951303b8d4de56b364e9a11f0551456709b05c41ee186dc0017	43192	SIGNAL_FILE	/root/Documents/Titan grid/Prezentacija/Nove kalkulacija  24.03/25.03/TITAN_Grid_IC_Pack_Designed.pptx	STATIC_SIGNAL_CANDIDATE
e435b655f180ad185bd918b969a53955b5c8561cf743ccdca5cd744ef5ae41da	96117	SIGNAL_FILE	/root/Documents/Titan grid/Prezentacija/Nove kalkulacija  24.03/25.03/TITAN_IC_v3_FINAL.pptx	STATIC_SIGNAL_CANDIDATE
20cf17c515365f54b74280970f2a01d2839f8ddaeda8111276066993cbd6d056	32793	SIGNAL_FILE	/root/Documents/Titan grid/Prezentacija/Nove kalkulacija  24.03/25.03/TITAN_Investor_Pack.pptx	STATIC_SIGNAL_CANDIDATE
7852a0c71367c9c3583597f9b5e6426ff9330fd63ff6644c4700e9cd014a39ea	70411	SIGNAL_FILE	/root/Documents/Titan grid/Prezentacija/Nove kalkulacija  24.03/25.03/TITAN_LIVE_CONTROL_TOWER_SYSTEM_v4.xlsx	STATIC_SIGNAL_CANDIDATE
b03f2e627802455b749ccd91ac342497a81cf25f35b651b5c248a68c9ae63d25	83440	SIGNAL_FILE	/root/Documents/Titan grid/Prezentacija/Nove kalkulacija  24.03/25.03/TITAN_LIVE_CONTROL_TOWER_SYSTEM_v5_Assumptions_Engine.xlsx	STATIC_SIGNAL_CANDIDATE
ea23e98d36939b31e1622345e0b524152ddcb70c0abed82eacdb297383fc410d	102684	SIGNAL_FILE	/root/Documents/Titan grid/Prezentacija/Nove kalkulacija  24.03/25.03/TITAN_LIVE_CONTROL_TOWER_SYSTEM_v6_Lender_Tracker.xlsx	STATIC_SIGNAL_CANDIDATE
e36154599e1033306d08e3d1073efb18a3bf5488ca3013c17b62d23ab1aed2ca	112170	SIGNAL_FILE	/root/Documents/Titan grid/Prezentacija/Nove kalkulacija  24.03/25.03/TITAN_LIVE_CONTROL_TOWER_SYSTEM_v7_Submission_Readiness.xlsx	STATIC_SIGNAL_CANDIDATE
87b098a79fa2cb0490fafc3d57e451bfa67e9f1dee4ac99ae0aea358b980cf0e	122019	SIGNAL_FILE	/root/Documents/Titan grid/Prezentacija/Nove kalkulacija  24.03/25.03/TITAN_LIVE_CONTROL_TOWER_SYSTEM_v8_DD_Registry.xlsx	STATIC_SIGNAL_CANDIDATE
b85bd16e0b31d586648fd04f3269f5037cd9ac603a21e6909e35c04c974798ff	128707	SIGNAL_FILE	/root/Documents/Titan grid/Prezentacija/Nove kalkulacija  24.03/25.03/TITAN_LIVE_CONTROL_TOWER_SYSTEM_v9_Response_Pack.xlsx	STATIC_SIGNAL_CANDIDATE
89d75635f66b68bf8781d235a1ffee87f839198c8ba0dc1b8e573cd0cc3e0c71	23891	SIGNAL_FILE	/root/Documents/Titan grid/Prezentacija/Nove kalkulacija  24.03/25.03/TITAN_v45_to_Active_Master_Assumptions.xlsx	STATIC_SIGNAL_CANDIDATE
b7d9647fe4bcf6b8da7f21587b343a3d209f4f98edd60fbee161a63384ca8d06	45090	SIGNAL_FILE	/root/Documents/Titan grid/Prezentacija/Nove kalkulacija  24.03/25.03/TITAN_v472_Final_Bank_Version.xlsx	STATIC_SIGNAL_CANDIDATE
f6bd53a8647bc956c71223edba01029a42be93727330edf47447320309eda058	47872	SIGNAL_FILE	/root/Documents/Titan grid/Prezentacija/Nove kalkulacija  24.03/25.03/TITAN_v47_Calibration_Patch.xlsx	STATIC_SIGNAL_CANDIDATE
4b912b51607523b63546932f0d754eb12def55b726fd3a60bd97362656f34d30	47858	SIGNAL_FILE	/root/Documents/Titan grid/Prezentacija/Nove kalkulacija  24.03/25.03/TITAN_v47_Consistency_Lock_Generator_Output.xlsx	STATIC_SIGNAL_CANDIDATE
251a8a2d6fceba1f29eeb7057bacb577787b7c35fdda27ba7e9b19f8a54d4bab	29862	SIGNAL_FILE	/root/Documents/Titan grid/Prezentacija/Nove kalkulacija  24.03/25.03/Titan_Grid_Full_System_v4_5.xlsx	STATIC_SIGNAL_CANDIDATE
0fda86da33e2d0df3f764384e9c851458e8bf75ca317d3b7da5c55403f22d6b9	32126	SIGNAL_FILE	/root/Documents/Titan grid/Prezentacija/Nove kalkulacija  24.03/25.03/Titan_Grid_True_Bank_Model_Layer_v4_6_1.xlsx	STATIC_SIGNAL_CANDIDATE
3ed0d8166618bcde33116cb9d2e56fb1163d6e9fab99375d9824bac468a8718c	9818	SIGNAL_FILE	/root/Documents/Titan grid/Prezentacija/Nove kalkulacija  24.03/25.03/Titan_Grid_v47_Model.xlsx	STATIC_SIGNAL_CANDIDATE
f5208d1e93502744d04e5b1a10aca5f33d18a4bd6e20d59751fe85c7b60d9621	30834	SIGNAL_FILE	/root/Documents/Titan grid/Prezentacija/Nove kalkulacija  24.03/25.03/Titan_Grid_v48_Bank_Grade.xlsx	STATIC_SIGNAL_CANDIDATE
8fc05a0661b0d3bbeb6208754da48ef1045a33c6a3f197b2674fe9a28a16af5b	33870	SIGNAL_FILE	/root/Documents/Titan grid/Prezentacija/Nove kalkulacija  24.03/25.03/Titan_Grid_v4_5_1_Recalibrated_Bank_Case.xlsx	STATIC_SIGNAL_CANDIDATE
b961dd17e2f6d27a1d752de3a153f4f758ccbe745f50e2504d916a2d85d24a77	56269	SIGNAL_FILE	/root/Documents/Titan grid/Prezentacija/Nove kalkulacija  24.03/25.03/Titan_Grid_v4_5_Full_Formula_Linked_Bank_Model.xlsx	STATIC_SIGNAL_CANDIDATE
0f7ebb82c091a05ebc89e736559f6b09f11eba8c8972e4bb521f0850d73034fc	23487	SIGNAL_FILE	/root/Documents/Titan grid/Prezentacija/Nove kalkulacija  24.03/25.03/Titan_Grid_v4_5_Lender_Submission_Pack.xlsx	STATIC_SIGNAL_CANDIDATE
cf2dab3c59242a579e906928b8d2022df8dfbbc1fad90f0e17732f6d7a3920aa	47794	SIGNAL_FILE	/root/Documents/Titan grid/Prezentacija/Nove kalkulacija  24.03/25.03/Titan_Grid_v4_6_Harmonized_Bank_Ready_recalc.xlsx	STATIC_SIGNAL_CANDIDATE
4fdcdefa59008b40662617be2601a4ce7cb1ffb8b0f89bb7e54081d3cccc51a6	35986	SIGNAL_FILE	/root/Documents/Titan grid/Prezentacija/Nove kalkulacija  24.03/25.03/Titan_Grid_v51_Credit_Committee.xlsx	STATIC_SIGNAL_CANDIDATE
d1e16a814b4a1090de34bb1e37beb1d52c3c738af912953da73702ca55e5548a	1215615	SIGNAL_FILE	/root/Documents/Titan grid/Prezentacija/Nove kalkulacija  24.03/25.03/Titan_Grid_v52_Credit_Committee_Pack.pdf	STATIC_SIGNAL_CANDIDATE
4560593151443a0694968800077ea3d2d8f11e7746f0546295c86bd038b75323	62961	SIGNAL_FILE	/root/Documents/Titan grid/Prezentacija/Nove kalkulacija  24.03/25.03/Titan_Grid_v52_Credit_Committee_Pack.xlsx	STATIC_SIGNAL_CANDIDATE
8873455e227a90438ea3e96779784a0f2c280a51f6b3bcd772411c9ebcbe5678	387959	SIGNAL_FILE	/root/Documents/Titan grid/Prezentacija/Nove kalkulacija  24.03/25.03/Titan_Grid_v52_Data_Room_Ready.zip	STATIC_SIGNAL_CANDIDATE
4560593151443a0694968800077ea3d2d8f11e7746f0546295c86bd038b75323	62961	SIGNAL_FILE	/root/Documents/Titan grid/Prezentacija/Nove kalkulacija  24.03/25.03/Titan_Grid_v52_Data_Room_Ready/01_Model/Titan_Grid_v52_Credit_Committee_Pack.xlsx	STATIC_SIGNAL_CANDIDATE
d1e16a814b4a1090de34bb1e37beb1d52c3c738af912953da73702ca55e5548a	1215615	SIGNAL_FILE	/root/Documents/Titan grid/Prezentacija/Nove kalkulacija  24.03/25.03/Titan_Grid_v52_Data_Room_Ready/02_PDF/Titan_Grid_v52_Credit_Committee_Pack.pdf	STATIC_SIGNAL_CANDIDATE
4560593151443a0694968800077ea3d2d8f11e7746f0546295c86bd038b75323	62961	SIGNAL_FILE	/root/Documents/Titan grid/Prezentacija/Nove kalkulacija  24.03/25.03/Titan_Grid_v52_Data_Room_Ready/03_Exports/Titan_Grid_v52_PDF_Export_Copy.xlsx	STATIC_SIGNAL_CANDIDATE
c0fec1c32825b2e5ee4543339ec81b089bff7644d45be07591455144951cea60	76964	SIGNAL_FILE	/root/Documents/Titan grid/Prezentacija/Nove kalkulacija  24.03/25.03/Titan_Grid_v52_Data_Room_Ready/99_Admin/Titan_Grid_v52_OneClick_Generator.py	STATIC_SIGNAL_CANDIDATE
4560593151443a0694968800077ea3d2d8f11e7746f0546295c86bd038b75323	62961	SIGNAL_FILE	/root/Documents/Titan grid/Prezentacija/Nove kalkulacija  24.03/26.03/Titan_Grid_v52_Credit_Committee_Pack.xlsx	STATIC_SIGNAL_CANDIDATE
2451ee26dc1faf95ca53079c5707ebf030d27f352fa81c0a44666d80fc2079f9	49591	SIGNAL_FILE	/root/Documents/Titan grid/Prezentacija/Nove kalkulacija  24.03/ARS_TITAN_Grid_SPV_Forensic_Gap_Check_v1.xlsx	STATIC_SIGNAL_CANDIDATE
e0ec098bbebb979572976f08a5a7cca1ac66c8e4b48846a613237f64c1c60b5b	18130	SIGNAL_FILE	/root/Documents/Titan grid/Prezentacija/Nove kalkulacija  24.03/TITAN_Active_Data_Export_20260323_final.xlsx	STATIC_SIGNAL_CANDIDATE
df7e041be285c3ce03592e059f3cfba56d60648b4fc38b8b565430a6d9556969	42552	SIGNAL_FILE	/root/Documents/Titan grid/Prezentacija/Nove kalkulacija  24.03/TITAN_Control_Tower.xlsx	STATIC_SIGNAL_CANDIDATE
0971a43f3431cc7fd107b26ab127d358318e27884decfaae7647cdc0b13dedd5	13428	SIGNAL_FILE	/root/Documents/Titan grid/Prezentacija/Nove kalkulacija  24.03/TITAN_Control_Tower_Offtake_CRM.xlsx	STATIC_SIGNAL_CANDIDATE
867e4996ee2b49a5fe20d1c99949c3ea7e366ec4e2c736f6b393b879c0d6c6d3	18861	SIGNAL_FILE	/root/Documents/Titan grid/Prezentacija/Nove kalkulacija  24.03/TITAN_Control_Tower_v1_0.xlsx	STATIC_SIGNAL_CANDIDATE
b3247c971e867bfa49ee3ec1e6559626644b8eeccbd8efa33de67ec9c4cd0512	7604	SIGNAL_FILE	/root/Documents/Titan grid/Prezentacija/Nove kalkulacija  24.03/TITAN_Covenant_Package.xlsx	STATIC_SIGNAL_CANDIDATE
f9ba42ccb936ecc35fa2a79691ac42dd9852d52d290ac4d5030ad9de57069658	12879	SIGNAL_FILE	/root/Documents/Titan grid/Prezentacija/Nove kalkulacija  24.03/TITAN_DSCR_Covenant_Model.xlsx	STATIC_SIGNAL_CANDIDATE
09386234e8a8617bb11b8b5f0b8529d1ddeedba0e789d212830fbff4503f74d4	116035	SIGNAL_FILE	/root/Documents/Titan grid/Prezentacija/Nove kalkulacija  24.03/TITAN_Full_Bank_Model_v1.0_20260325.xlsx	STATIC_SIGNAL_CANDIDATE
1c1db43f1233afdc9c4df1f090eb0f096d0adce70db14e7538fcf4d3d2bf5b45	120148	SIGNAL_FILE	/root/Documents/Titan grid/Prezentacija/Nove kalkulacija  24.03/TITAN_Full_Bank_Model_v2.0_20260325.xlsx	STATIC_SIGNAL_CANDIDATE
a75f502c15fc61a812c793e7e38d70a5fc2d175adb10b0021d82048f9ca50da9	21315	SIGNAL_FILE	/root/Documents/Titan grid/Prezentacija/Nove kalkulacija  24.03/TITAN_GRID_v22_Model.xlsx	STATIC_SIGNAL_CANDIDATE
1143c43c157051e5a6fcd2c5a00f0a90bde34d5b2c20b9b0bf5d3c03cb4afe33	19845	SIGNAL_FILE	/root/Documents/Titan grid/Prezentacija/Nove kalkulacija  24.03/TITAN_GRID_v4_5_Financial_Model.xlsx	STATIC_SIGNAL_CANDIDATE
57de9e8b880af908bf67914e42761b03d6a5ff128a14b46039734afac37cedbe	22028	SIGNAL_FILE	/root/Documents/Titan grid/Prezentacija/Nove kalkulacija  24.03/TITAN_Grid_Active_Data_Transferred_v2_EXPORT.xlsx	STATIC_SIGNAL_CANDIDATE
ae5386aa8c932f4ad32912eeae22f74ebb0da169f7d813e3bfef278c0e7ad561	22646	SIGNAL_FILE	/root/Documents/Titan grid/Prezentacija/Nove kalkulacija  24.03/TITAN_Grid_Bank_Model_v3_0.xlsx	STATIC_SIGNAL_CANDIDATE
29e77ff9a3262eb684d542a3945a67ae40cf6ae11fab7ceba67b9f9266cfa697	18791	SIGNAL_FILE	/root/Documents/Titan grid/Prezentacija/Nove kalkulacija  24.03/TITAN_Grid_Financial_Model_v1.xlsx	STATIC_SIGNAL_CANDIDATE
032ed39e2066842eeffdc2a5d74b155ca08429965346d657434278c91d4e1476	6417	SIGNAL_FILE	/root/Documents/Titan grid/Prezentacija/Nove kalkulacija  24.03/TITAN_Grid_IC_Pack.xlsx	STATIC_SIGNAL_CANDIDATE
47f0a18923453830311c472278d7b36dbece70903d8c1e320c4be1e32d63cc90	21747	SIGNAL_FILE	/root/Documents/Titan grid/Prezentacija/Nove kalkulacija  24.03/TITAN_Grid_IFI_Grade_Model.xlsx	STATIC_SIGNAL_CANDIDATE
b0da0d8201e047a7d7ffd0edbc907f4dce8fd8c727ec15db12dfaa0978658073	9402	SIGNAL_FILE	/root/Documents/Titan grid/Prezentacija/Nove kalkulacija  24.03/TITAN_Grid_Lender_Pack_v1.xlsx	STATIC_SIGNAL_CANDIDATE
93d7b517409b21cbf442a4d29bd11600adbc30c7f8eff93467bac0cd0bdb4b5d	17682	SIGNAL_FILE	/root/Documents/Titan grid/Prezentacija/Nove kalkulacija  24.03/TITAN_IC_Dashboard.xlsx	STATIC_SIGNAL_CANDIDATE
0af2cad1b61e2890d7ebe722c5fe1e89683b86ff7c0df49621e70170ace0670d	17233	SIGNAL_FILE	/root/Documents/Titan grid/Prezentacija/Nove kalkulacija  24.03/TITAN_IC_Dashboard_v2.xlsx	STATIC_SIGNAL_CANDIDATE
d8f0db333b60ef2a8d4d99142ab55b1178d35c8c3f3e7e4f67812f74605f53a9	24026	SIGNAL_FILE	/root/Documents/Titan grid/Prezentacija/Nove kalkulacija  24.03/TITAN_LIVE_CONTROL_TOWER_SYSTEM.xlsx	STATIC_SIGNAL_CANDIDATE
57dfc0c85073dcd263a50adbbb68d6afe24c756b68c7bf4459b2ece87deebf31	42422	SIGNAL_FILE	/root/Documents/Titan grid/Prezentacija/Nove kalkulacija  24.03/TITAN_LIVE_CONTROL_TOWER_SYSTEM_v2.xlsx	STATIC_SIGNAL_CANDIDATE
07e5a36f8645cf681f142afd782722d13f5dd162a04b9fe116963a807eb16097	53399	SIGNAL_FILE	/root/Documents/Titan grid/Prezentacija/Nove kalkulacija  24.03/TITAN_LIVE_CONTROL_TOWER_SYSTEM_v3.xlsx	STATIC_SIGNAL_CANDIDATE
3c9d640248517d1ad881399eeb5a0a84e442180654362b5b663c27119b1ba9fe	18387	SIGNAL_FILE	/root/Documents/Titan grid/Prezentacija/Nove kalkulacija  24.03/TITAN_Lender_Model_v1.0_LOCKED_20260324.xlsx	STATIC_SIGNAL_CANDIDATE
1a06615914bb6606c6d649df569362a89ced369abd3285b42d28a9d9834ec149	8642	SIGNAL_FILE	/root/Documents/Titan grid/Prezentacija/Nove kalkulacija  24.03/TITAN_Lender_QA_Tracker_v2_UPGRADED.xlsx	STATIC_SIGNAL_CANDIDATE
808f9a1615df49f869693dc464c67c41f17f71e0e56f82781af9e046a1325d6a	6653	SIGNAL_FILE	/root/Documents/Titan grid/Prezentacija/Nove kalkulacija  24.03/TITAN_Lender_QA_and_Negotiation.xlsx	STATIC_SIGNAL_CANDIDATE
57bde55446dc71ceb6ffc02010fb7ce232dc5c77710dc064d57553ba0b0e3301	10860	SIGNAL_FILE	/root/Documents/Titan grid/Prezentacija/Nove kalkulacija  24.03/TITAN_Lender_Response_Auto_Engine_v1.xlsx	STATIC_SIGNAL_CANDIDATE
a44d7e32ee1237dbfc9f502698cc6f821954f052ad5347a8880ff9781f20c422	9431	SIGNAL_FILE	/root/Documents/Titan grid/Prezentacija/Nove kalkulacija  24.03/Titan_Grid_BankReady_Model.xlsx	STATIC_SIGNAL_CANDIDATE
48843b723522eb26baa2c0009560ebcd0d72a3156cb2441b41bc0911616935a9	14904	SIGNAL_FILE	/root/Documents/Titan grid/Prezentacija/Nove kalkulacija  24.03/Titan_Grid_Bank_Grade_Model_v1.xlsx	STATIC_SIGNAL_CANDIDATE
39417dff3346fa7e91a9fd0efa63b7a0ad558bc2cc5ad109c9d6f8113fbcf1ef	26475	SIGNAL_FILE	/root/Documents/Titan grid/Prezentacija/Nove kalkulacija  24.03/Titan_Grid_Bank_Ready_Model.xlsx	STATIC_SIGNAL_CANDIDATE
a5c5d83beb0e0157b0ae36db132dd78020d98cb12e0cc3a0935b82c3f86b2898	9633	SIGNAL_FILE	/root/Documents/Titan grid/Prezentacija/Nove kalkulacija  24.03/Titan_Grid_Debt_Input_Checklist.xlsx	STATIC_SIGNAL_CANDIDATE
e5a7de1fd375308d39cd0907891d5e7874ec4281586281bb8e2d17c717eaf617	33515	SIGNAL_FILE	/root/Documents/Titan grid/Prezentacija/Nove kalkulacija  24.03/Titan_Grid_Full_Financial_Model_v3.4_20260324_2335.xlsx	STATIC_SIGNAL_CANDIDATE
20cb316ece37d8175952486018cfe16e4e39ef68f6215bfbdda6795858bfc463	39759	SIGNAL_FILE	/root/Documents/Titan grid/Prezentacija/Nove kalkulacija  24.03/Titan_Grid_Fully_Linked_Project_Finance_Model_v3_4_FIXED.xlsx	STATIC_SIGNAL_CANDIDATE
ef0c92379c33dea0cfac982ee904a5167ad7678617d7570fb427a93d0e69ab0c	9477	SIGNAL_FILE	/root/Documents/Titan grid/Prezentacija/Nove kalkulacija  24.03/Titan_Grid_Investor_Pack.xlsx	STATIC_SIGNAL_CANDIDATE
93badcc42c500b36cc8db24718424a90a70b0cd9178b3cedcff7fa938e9aac55	35826	SIGNAL_FILE	/root/Documents/Titan grid/Prezentacija/Nove kalkulacija  24.03/Titan_Grid_Lender_Grade_v45.xlsx	STATIC_SIGNAL_CANDIDATE
2438ec79e48bc5c8b46b484193d2f3203d8cf5c5dfbe19a1e12b9a31c8e693e3	29744	SIGNAL_FILE	/root/Documents/Titan grid/Prezentacija/Nove kalkulacija  24.03/Titan_Grid_Master_Checklist_and_Debt_Model.xlsx	STATIC_SIGNAL_CANDIDATE
344e06a8107f81c91c281dcf534a7c67fbfa59de1836fc9f10ebd6695d2611c8	17244	SIGNAL_FILE	/root/Documents/Titan grid/Prezentacija/Nove kalkulacija  24.03/Titan_Grid_v3_1_BankReady_NoPlaceholders.xlsx	STATIC_SIGNAL_CANDIDATE
6b8e9d397d9a186fc5bf2d2ed61319e753bb41f9d5a1f8e2a4deb0c7b1c0bb65	18763	SIGNAL_FILE	/root/Documents/Titan grid/Prezentacija/Nove kalkulacija  24.03/Titan_Grid_v45_Harmonized_File_Export.xlsx	STATIC_SIGNAL_CANDIDATE
f30b08c9232fed141d4b80a6d5f2fd6c8b3f2518eb30bb15c4e2535110b467c2	25187	SIGNAL_FILE	/root/Documents/Titan grid/Prezentacija/Nove kalkulacija  24.03/Titan_Grid_v4_Bank_Debt_Engine.xlsx	STATIC_SIGNAL_CANDIDATE
8286bf1fc15b60b8a23192f4386f85b7c5519479ea0ecb9b6b9bd4e634e95c01	7635	SIGNAL_FILE	/root/Documents/Titan grid/Prezentacija/Nove kalkulacija  24.03/titan_grid_model.xlsx	STATIC_SIGNAL_CANDIDATE
e0ec098bbebb979572976f08a5a7cca1ac66c8e4b48846a613237f64c1c60b5b	18130	SIGNAL_FILE	/root/Documents/Titan grid/TITAN_Active_Data_Export_20260323_final.xlsx	STATIC_SIGNAL_CANDIDATE
5ff31039c957bcec8c5813b8a48ba6ea1a64b33eec53a7e0696840b809eec557	33316	SIGNAL_FILE	/root/Documents/Titan grid/TITAN_Excel_Harmonized_Template_v4.0.xlsx	STATIC_SIGNAL_CANDIDATE
57de9e8b880af908bf67914e42761b03d6a5ff128a14b46039734afac37cedbe	22028	SIGNAL_FILE	/root/Documents/Titan grid/TITAN_Grid_Active_Data_Transferred_v2_EXPORT.xlsx	STATIC_SIGNAL_CANDIDATE
cc718c6df127e2cf10cd7c5d43a69609e70d9d0e8f205adfc2ec4fb19454fa07	41882	SIGNAL_FILE	/root/Documents/Titan grid/TITAN_Grid_Forensic_Check_Active_Data_Export.xlsx	STATIC_SIGNAL_CANDIDATE
42f434b7b859186696f431fba9d9c3d949c998020a345748fb298a983f36d0fc	38815	SIGNAL_FILE	/root/Documents/Titan grid/TITAN_WarRoom_QA.xlsx	STATIC_SIGNAL_CANDIDATE
9137cdcb1109b7d06ae5b5cc06dfbcec3eeca4b012713e8c6afc02ca5ecb8500	23991	SIGNAL_FILE	/root/Documents/Titan grid/TITAN_next_90_days_plan_calendar.ics	STATIC_SIGNAL_CANDIDATE
4f3a200983234285d0605513c78c62e3b6e63f5f29320604a29f5c5e31227f93	2698	SIGNAL_FILE	/root/Documents/extract_titan1_deep_harvest.py	STATIC_SIGNAL_CANDIDATE
4c9f98241cd26655683877954cd7563365050e80203f6530b76833c61df18841	2257	SIGNAL_FILE	/root/Documents/titan1_light_harmonizer.py	STATIC_SIGNAL_CANDIDATE
173760eebe4fe565431406f6cad3ee502b8714a1fc4ce034a1bbd57f867dd4ba	36781	SIGNAL_FILE	/root/IPHONE_LOCAL_STATIC_CENSUS_20260519_082140/03_TITAN_SIGNAL_FILES.txt	STATIC_SIGNAL_CANDIDATE
aeaf0de8fdbc0635342569cb98d4dcc47f885021e67d700e2183913864321fee	588	SIGNAL_FILE	/root/IPHONE_STATIC_EXPORT_PACKET_FOR_MSI_20260516_075526/IPHONE_STATIC_EXPORT_PACKET_FOR_MSI_STATIC_ONLY_HASH_20260516_075526.txt	STATIC_SIGNAL_CANDIDATE
111be2ba3a607866fa451447ff813a4e396f049fcac68db3848ec6b30973de62	588	SIGNAL_FILE	/root/IPHONE_STATIC_EXPORT_PACKET_FOR_MSI_20260516_075558/IPHONE_STATIC_EXPORT_PACKET_FOR_MSI_STATIC_ONLY_HASH_20260516_075558.txt	STATIC_SIGNAL_CANDIDATE
5ab24280d1ce92c945355dc4573bf9f463a3da631ffd4e07bb313759182b412e	131	SIGNAL_FILE	/root/IPHONE_STATIC_EXPORT_PACKET_FOR_MSI_20260516_075558_TAR_SHA256.txt	STATIC_SIGNAL_CANDIDATE
e3b0c44298fc1c149afbf4c8996fb92427ae41e4649b934ca495991b7852b855	0	SIGNAL_FILE	/root/TITAN_SIMPLE_SEARCH.txt	STATIC_SIGNAL_CANDIDATE
e3b0c44298fc1c149afbf4c8996fb92427ae41e4649b934ca495991b7852b855	0	SIGNAL_FILE	/root/TITAN_TOKENS_I_SIGNALI.txt	STATIC_SIGNAL_CANDIDATE
c3f84df7c9488ea51a1834caa86cc20b711f6e63e21bb0066d36b1c7f3a1add4	7605	ARCHIVE_DO_NOT_UNZIP	/root/Documents/.Trash/TITAN_122_123_124_FinalClosure_Reconciliation_v1.zip	DO_NOT_UNZIP_STATIC_ONLY
3a2b3bb7b568e1456d796a5c7ed8afde739af40436bcc2a1cc57a3b8366b57c4	7424	ARCHIVE_DO_NOT_UNZIP	/root/Documents/.Trash/TITAN_125_126_127_MasterIndex_Seal_v1.zip	DO_NOT_UNZIP_STATIC_ONLY
e33d506a1791d936671c8995b13f0c376ab5851a6c1036aca06f7a2537fcd31e	7196	ARCHIVE_DO_NOT_UNZIP	/root/Documents/.Trash/TITAN_146_147_148_Terminal_FreezeOfArchives_v1.zip	DO_NOT_UNZIP_STATIC_ONLY
18471087f2cc60f391e3d7be9df918cb769c9cd338aa20706088049d405dfbbc	7157	ARCHIVE_DO_NOT_UNZIP	/root/Documents/.Trash/TITAN_158_159_160_ReviewOnly_ChainArchive_v1.zip	DO_NOT_UNZIP_STATIC_ONLY
1a4bbfe28b617346c627d0e77d4133d7719abd48073de3f381f1def70bef5f51	6957	ARCHIVE_DO_NOT_UNZIP	/root/Documents/.Trash/TITAN_43_44_49_Handoff_Rollback_FinalEvidence_v1.zip	DO_NOT_UNZIP_STATIC_ONLY
0fc3e6f3052c98bf75cab66d1b4f8f6a7bb5b3359fe460b78b04811a504ef6ff	6967	ARCHIVE_DO_NOT_UNZIP	/root/Documents/.Trash/TITAN_53_54_55_Completeness_Issues_NoRelease_v1.zip	DO_NOT_UNZIP_STATIC_ONLY
4f7fc99ea2919dd0324c2a0113617c1732aa44db033b8ceefe0b8a51d05b832f	7470	ARCHIVE_DO_NOT_UNZIP	/root/Documents/.Trash/TITAN_62_63_64_Traceability_Graph_Seal_v1.zip	DO_NOT_UNZIP_STATIC_ONLY
49a71c21798cff8c9560979f7780b58d00903b7e3653e8bc7e1b19ca781c4021	7303	ARCHIVE_DO_NOT_UNZIP	/root/Documents/.Trash/TITAN_68_69_70_Attestation_Scoring_ImmutableManifest_v1.zip	DO_NOT_UNZIP_STATIC_ONLY
018a64939f12564065da298ae4122afa6326ce1efc435228bd580821f7c65549	10007	ARCHIVE_DO_NOT_UNZIP	/root/Documents/.Trash/TITAN_GOVERNANCE_JSON_STARTER_PACK_v1 2.zip	DO_NOT_UNZIP_STATIC_ONLY
018a64939f12564065da298ae4122afa6326ce1efc435228bd580821f7c65549	10007	ARCHIVE_DO_NOT_UNZIP	/root/Documents/.Trash/TITAN_GOVERNANCE_JSON_STARTER_PACK_v1.zip	DO_NOT_UNZIP_STATIC_ONLY
a42bd61f472650ac434a303a431d99fe8829b988b94dddd8f02e80972cf8f9f0	5069	ARCHIVE_DO_NOT_UNZIP	/root/Documents/.Trash/TITAN_Grid_Financial_Model_CSV_Exports.zip	DO_NOT_UNZIP_STATIC_ONLY
6600b7dac1b082412ccc5a7604438b20f68a1db19680e626b09ea1442ba14522	7753561	ARCHIVE_DO_NOT_UNZIP	/root/Documents/0000000000000/DANASSSSS/KARADAĞ MEKANİK TESİSAT PROJELERİ.rar	DO_NOT_UNZIP_STATIC_ONLY
ee72a94d8ecb34e1abfd9d31bcd7b24335190a3f6b09d7aa3cca09b457ffb302	225750	ARCHIVE_DO_NOT_UNZIP	/root/Documents/0000000000000/DANASSSSS/TITAN_EBRD_IFC_Submission_Pack_v4.zip	DO_NOT_UNZIP_STATIC_ONLY
a42bd61f472650ac434a303a431d99fe8829b988b94dddd8f02e80972cf8f9f0	5069	ARCHIVE_DO_NOT_UNZIP	/root/Documents/0000000000000/DANASSSSS/TITAN_Grid_Financial_Model_CSV_Exports.zip	DO_NOT_UNZIP_STATIC_ONLY
018a64939f12564065da298ae4122afa6326ce1efc435228bd580821f7c65549	10007	ARCHIVE_DO_NOT_UNZIP	/root/Documents/003 DELTA/001. Skripte manual/Novo 1/Novo 2/TITAN_GOVERNANCE_JSON_STARTER_PACK_v1.zip	DO_NOT_UNZIP_STATIC_ONLY
018a64939f12564065da298ae4122afa6326ce1efc435228bd580821f7c65549	10007	ARCHIVE_DO_NOT_UNZIP	/root/Documents/003 DELTA/001. Skripte manual/Novo 1/Novo 3/TITAN_GOVERNANCE_JSON_STARTER_PACK_v1.zip	DO_NOT_UNZIP_STATIC_ONLY
afd0ee76e3da1c8246b0beb2defa427135b55b2377bc15b56e6e206fb76034f2	5287	ARCHIVE_DO_NOT_UNZIP	/root/Documents/003 DELTA/001. Skripte manual/Novo 1/Novo 3/TITAN_TEST_HARNESS_STARTER_PACK_v1.zip	DO_NOT_UNZIP_STATIC_ONLY
75971c994a8e041143aa85a4db0c80554a67938b4267b8d33ddf212af9076219	8264	ARCHIVE_DO_NOT_UNZIP	/root/Documents/003 DELTA/TITAN_03_04_05_SSOT_Integrity_Manifest_v1.zip	DO_NOT_UNZIP_STATIC_ONLY
c0a4a27895e5d0c16a83fede847829810a320af99d8f7bdecc5f09b24bb7c554	8439	ARCHIVE_DO_NOT_UNZIP	/root/Documents/003 DELTA/TITAN_06_17_18_Integrity_Evidence_Weight_v1.zip	DO_NOT_UNZIP_STATIC_ONLY
94ba95ace3f37b1fa5a6fbf4ebb0644e02058cbaf4923d38acff3fbd2eb19cd5	6931	ARCHIVE_DO_NOT_UNZIP	/root/Documents/003 DELTA/TITAN_101_102_103_Post100_Closure_Verification_v1.zip	DO_NOT_UNZIP_STATIC_ONLY
fa3f00b7936cfc38846d06a981694f45861c28cf65ce71e3d82a535a813aa078	6565	ARCHIVE_DO_NOT_UNZIP	/root/Documents/003 DELTA/TITAN_104_105_106_Final_Closure_Archive_v1.zip	DO_NOT_UNZIP_STATIC_ONLY
fe041d6927ef8b491ff79f8259e432eccdf691986a46a9161f0f2dbb1f25536a	6660	ARCHIVE_DO_NOT_UNZIP	/root/Documents/003 DELTA/TITAN_107_108_109_NonUse_BlockedOps_DoNotRun_v1.zip	DO_NOT_UNZIP_STATIC_ONLY
0487e10c3b4ef628dfdce59c234ccee3776f9e851c649dfcd15e460f95edebde	6690	ARCHIVE_DO_NOT_UNZIP	/root/Documents/003 DELTA/TITAN_110_111_112_Final_Warning_ReadOnly_Proof_v1.zip	DO_NOT_UNZIP_STATIC_ONLY
44d58dc81e087c8bc2ba4a76571da20f6188a8e408c750a66ce8d369b26b42c6	6758	ARCHIVE_DO_NOT_UNZIP	/root/Documents/003 DELTA/TITAN_113_114_115_Ultimate_Archive_Seal_v1.zip	DO_NOT_UNZIP_STATIC_ONLY
ece35192cccbf2d252a6411ec7d3256a1d679b87b7d542c7d20799002c244ed3	7171	ARCHIVE_DO_NOT_UNZIP	/root/Documents/003 DELTA/TITAN_116_117_118_LockedChain_Index_NothingAccepted_v1.zip	DO_NOT_UNZIP_STATIC_ONLY
7161eb82830a9461e49d50f0b50ec72d0234ac8d697d186b8604a4d63aca6151	7325	ARCHIVE_DO_NOT_UNZIP	/root/Documents/003 DELTA/TITAN_119_120_121_NonAcceptance_Archive_StatusRegister_v1.zip	DO_NOT_UNZIP_STATIC_ONLY
c3f84df7c9488ea51a1834caa86cc20b711f6e63e21bb0066d36b1c7f3a1add4	7605	ARCHIVE_DO_NOT_UNZIP	/root/Documents/003 DELTA/TITAN_122_123_124_FinalClosure_Reconciliation_v1.zip	DO_NOT_UNZIP_STATIC_ONLY
3a2b3bb7b568e1456d796a5c7ed8afde739af40436bcc2a1cc57a3b8366b57c4	7424	ARCHIVE_DO_NOT_UNZIP	/root/Documents/003 DELTA/TITAN_125_126_127_MasterIndex_Seal_v1.zip	DO_NOT_UNZIP_STATIC_ONLY
ba3d3ae654031b2ab6a579b57e0c3d53c94bc24d29db226994864cf8e1853042	7028	ARCHIVE_DO_NOT_UNZIP	/root/Documents/003 DELTA/TITAN_128_129_130_PostMasterSeal_Verification_v1.zip	DO_NOT_UNZIP_STATIC_ONLY
03d1a32c2000a0aa63b5246b7b4fad1e4c7df3f11a0b8c007aadf70ec1ac4f2e	6909	ARCHIVE_DO_NOT_UNZIP	/root/Documents/003 DELTA/TITAN_131_132_133_HandoffDenial_Archive_v1.zip	DO_NOT_UNZIP_STATIC_ONLY
fbbd82fa37ae50d2530f7f3d35a0769661951432bc800c87badb91588c28b168	7211	ARCHIVE_DO_NOT_UNZIP	/root/Documents/003 DELTA/TITAN_134_135_136_HandoffBoundary_Reconciliation_v1.zip	DO_NOT_UNZIP_STATIC_ONLY
d64731e244aec64e56abdbf6384e200e75abc2f4b861f79b0c0af556a80bc6be	7553	ARCHIVE_DO_NOT_UNZIP	/root/Documents/003 DELTA/TITAN_137_138_139_Ultimate_Handoff_Lock_Seal_v1.zip	DO_NOT_UNZIP_STATIC_ONLY
1096abd08170286b22ffc6aed161791df00efb0731c590f12b5f74c5df82c5ab	7001	ARCHIVE_DO_NOT_UNZIP	/root/Documents/003 DELTA/TITAN_140_141_142_HandoffLock_ArchiveReceipt_v1.zip	DO_NOT_UNZIP_STATIC_ONLY
49a2fbec81504be5fc946e53b5dbdc5d8317b5c3dfc0d4b68b1bf241e2412fc8	7710	ARCHIVE_DO_NOT_UNZIP	/root/Documents/003 DELTA/TITAN_143_144_145_ArchiveOfArchives_LockedReceipt_v1.zip	DO_NOT_UNZIP_STATIC_ONLY
e33d506a1791d936671c8995b13f0c376ab5851a6c1036aca06f7a2537fcd31e	7196	ARCHIVE_DO_NOT_UNZIP	/root/Documents/003 DELTA/TITAN_146_147_148_Terminal_FreezeOfArchives_v1.zip	DO_NOT_UNZIP_STATIC_ONLY
599c2e119c9fc2f38f0e28d1ba5fec34ddeec44d87dddd94137f74fb5ab58c57	7067	ARCHIVE_DO_NOT_UNZIP	/root/Documents/003 DELTA/TITAN_149_150_151_Terminal_Freeze_Closeout_v1.zip	DO_NOT_UNZIP_STATIC_ONLY
f5449828ac990dba6a3b159637e4753ad22a608348ae753b1a93d7fd737494c4	7139	ARCHIVE_DO_NOT_UNZIP	/root/Documents/003 DELTA/TITAN_152_153_154_ReviewOnly_ClosureArchive_v1.zip	DO_NOT_UNZIP_STATIC_ONLY
461c8c269570054ab2fb76c06f123f8a62b8c1774be9fbc5b8c310a7e25ed154	8012	ARCHIVE_DO_NOT_UNZIP	/root/Documents/003 DELTA/TITAN_155_156_157_ReviewOnly_SuperIndex_Seal_v1.zip	DO_NOT_UNZIP_STATIC_ONLY
18471087f2cc60f391e3d7be9df918cb769c9cd338aa20706088049d405dfbbc	7157	ARCHIVE_DO_NOT_UNZIP	/root/Documents/003 DELTA/TITAN_158_159_160_ReviewOnly_ChainArchive_v1.zip	DO_NOT_UNZIP_STATIC_ONLY
11f9f24eca02dc4c5c23e90b760e6978d74d97faa0d4edf558c4b310bb7374f8	7515	ARCHIVE_DO_NOT_UNZIP	/root/Documents/003 DELTA/TITAN_161_162_163_ReviewOnly_ChainSuperFreeze_v1.zip	DO_NOT_UNZIP_STATIC_ONLY
0cc8cceab0d63716b65d940c4f42811e853cff8040d81e647e98dcf375a3d87b	7674	ARCHIVE_DO_NOT_UNZIP	/root/Documents/003 DELTA/TITAN_164_165_166_ReviewOnly_SuperFreeze_Closeout_v1.zip	DO_NOT_UNZIP_STATIC_ONLY
a54a61cffb4e66659a7280016ea6bf61ab82f6a3b8a012f0b81f0578018cf22f	7182	ARCHIVE_DO_NOT_UNZIP	/root/Documents/003 DELTA/TITAN_167_168_169_AbsoluteTerminal_ArchiveReceipt_v1.zip	DO_NOT_UNZIP_STATIC_ONLY
7e0b741ac5a877eac43caf8bf444f9ea6008e1cc72d408eee1154340557ebae9	8210	ARCHIVE_DO_NOT_UNZIP	/root/Documents/003 DELTA/TITAN_170_171_172_AbsoluteTerminal_SuperIndex_Seal_v1.zip	DO_NOT_UNZIP_STATIC_ONLY
48649ca78c691b9a545c116d2f4cde0b1d59fbfb5c9ff1fa9e89e334824fbe61	58327	ARCHIVE_DO_NOT_UNZIP	/root/Documents/003 DELTA/TITAN_173_200_FinalMegaBlock_EndOfChain_v1.zip	DO_NOT_UNZIP_STATIC_ONLY
68026c5cae86fa7bdbd38987956b60e8ff7bacf7e03ce841b1dc8ecb10b8d345	8026	ARCHIVE_DO_NOT_UNZIP	/root/Documents/003 DELTA/TITAN_19_20_21_Evidence_Review_Package_v1.zip	DO_NOT_UNZIP_STATIC_ONLY
552391f0d267494be633ed8e14bc1d548e51e33228bad6fc54c85df21e44dfdc	6373	ARCHIVE_DO_NOT_UNZIP	/root/Documents/003 DELTA/TITAN_22_23_24_Review_Governance_Audit_v1.zip	DO_NOT_UNZIP_STATIC_ONLY
5368c6a8bfeef70971d4e5477d542b2b8e3af36a6565d9f05557f0a7c099df6d	6213	ARCHIVE_DO_NOT_UNZIP	/root/Documents/003 DELTA/TITAN_28_29_30_Observability_Drift_Dependency_v1.zip	DO_NOT_UNZIP_STATIC_ONLY
ec72a0461a39dd70020fd2f49a3e6aded7a442a2da581554692e3f9e39ba71ff	8030	ARCHIVE_DO_NOT_UNZIP	/root/Documents/003 DELTA/TITAN_31_32_33_Package_Runbook_Registry_v1.zip	DO_NOT_UNZIP_STATIC_ONLY
cb5ed1472d4b7b2620f2e06393351c4eb640d98b5fd457d499344a7b464e7a6a	7160	ARCHIVE_DO_NOT_UNZIP	/root/Documents/003 DELTA/TITAN_34_35_36_SelfTest_DryRun_Receipt_v1.zip	DO_NOT_UNZIP_STATIC_ONLY
6df02633df0d96a05bec49bd3f6008707fbc3bc689c4d468ec7c426ab8056336	7381	ARCHIVE_DO_NOT_UNZIP	/root/Documents/003 DELTA/TITAN_37_38_39_Operator_Console_Index_v1.zip	DO_NOT_UNZIP_STATIC_ONLY
aa5fad0d05eda0361bff972333f2137d4df536c9de2da402b03462f9e5327516	8525	ARCHIVE_DO_NOT_UNZIP	/root/Documents/003 DELTA/TITAN_40_41_42_Remediation_Gate_Matrix_v1.zip	DO_NOT_UNZIP_STATIC_ONLY
1a4bbfe28b617346c627d0e77d4133d7719abd48073de3f381f1def70bef5f51	6957	ARCHIVE_DO_NOT_UNZIP	/root/Documents/003 DELTA/TITAN_43_44_49_Handoff_Rollback_FinalEvidence_v1.zip	DO_NOT_UNZIP_STATIC_ONLY
5a3113e484463cd78c1809a64b078a1eeeb5df1302d89b250c88450f31dc3c59	8645	ARCHIVE_DO_NOT_UNZIP	/root/Documents/003 DELTA/TITAN_47_48_91_97_PreProduction_v1.zip	DO_NOT_UNZIP_STATIC_ONLY
037d7b09f897c5ead3a2c62fe9dd298087e2aa09617aea0bea6f454b7965bf00	6967	ARCHIVE_DO_NOT_UNZIP	/root/Documents/003 DELTA/TITAN_50_51_52_PostHandoff_Ops_Archive_Catalog_v1.zip	DO_NOT_UNZIP_STATIC_ONLY
0fc3e6f3052c98bf75cab66d1b4f8f6a7bb5b3359fe460b78b04811a504ef6ff	6967	ARCHIVE_DO_NOT_UNZIP	/root/Documents/003 DELTA/TITAN_53_54_55_Completeness_Issues_NoRelease_v1.zip	DO_NOT_UNZIP_STATIC_ONLY
b635c6e97f2a94b3e1923963cd2a694ebc686cacf2581935debef806173036c8	7505	ARCHIVE_DO_NOT_UNZIP	/root/Documents/003 DELTA/TITAN_56_57_58_Master_Deployment_Binder_v1.zip	DO_NOT_UNZIP_STATIC_ONLY
d2a4096938ee33c9ad56e337fad4a3e7ff1d50d97fe609c9fa0357d1ec171f7e	7427	ARCHIVE_DO_NOT_UNZIP	/root/Documents/003 DELTA/TITAN_59_60_61_Closeout_Ledger_Map_v1.zip	DO_NOT_UNZIP_STATIC_ONLY
4f7fc99ea2919dd0324c2a0113617c1732aa44db033b8ceefe0b8a51d05b832f	7470	ARCHIVE_DO_NOT_UNZIP	/root/Documents/003 DELTA/TITAN_62_63_64_Traceability_Graph_Seal_v1.zip	DO_NOT_UNZIP_STATIC_ONLY
208c5109f65f0affb1922081ab741317ea16e9256f7be8415d1165c2fa13384a	6785	ARCHIVE_DO_NOT_UNZIP	/root/Documents/003 DELTA/TITAN_65_66_67_Provenance_Exception_Verifier_v1.zip	DO_NOT_UNZIP_STATIC_ONLY
49a71c21798cff8c9560979f7780b58d00903b7e3653e8bc7e1b19ca781c4021	7303	ARCHIVE_DO_NOT_UNZIP	/root/Documents/003 DELTA/TITAN_68_69_70_Attestation_Scoring_ImmutableManifest_v1.zip	DO_NOT_UNZIP_STATIC_ONLY
423645c56e8342acec0c1fb7347cb424a6e2bec03968d20c4524db2712bb63a1	6797	ARCHIVE_DO_NOT_UNZIP	/root/Documents/003 DELTA/TITAN_71_72_73_ApprovalBoundary_RedTeam_SafetyIndex_v1.zip	DO_NOT_UNZIP_STATIC_ONLY
791180ffba6ef43bf900d66a2e4d40297ddd7ff9c8af14013666b98a4598937a	6910	ARCHIVE_DO_NOT_UNZIP	/root/Documents/003 DELTA/TITAN_74_75_76_AuditReplay_CommandTranscript_DenialArchive_v1.zip	DO_NOT_UNZIP_STATIC_ONLY
daa21e33c839578790f7f1962a5e308ece2f0f3fadb28d9f28a03a60b49a01a9	6907	ARCHIVE_DO_NOT_UNZIP	/root/Documents/003 DELTA/TITAN_77_78_79_AuditBoard_Dissent_DecisionLedger_v1.zip	DO_NOT_UNZIP_STATIC_ONLY
3c5f262e1dfbd17ea81aed007ac7cc02b40f063395a25e66c3b3f8c598852f13	6429	ARCHIVE_DO_NOT_UNZIP	/root/Documents/003 DELTA/TITAN_80_81_82_BoardQuorum_LockedCertificate_v1.zip	DO_NOT_UNZIP_STATIC_ONLY
1a90736cf487b41a4c24c59a6bfff43c115cb1a3413dc8882819024e4a4f5794	7088	ARCHIVE_DO_NOT_UNZIP	/root/Documents/003 DELTA/TITAN_83_84_85_Certificate_Archive_Validation_v1.zip	DO_NOT_UNZIP_STATIC_ONLY
bfce2df57f71ffbba87cf78e4728db988d3aacaa1d39409d4b4ad18ef1820c17	7211	ARCHIVE_DO_NOT_UNZIP	/root/Documents/003 DELTA/TITAN_86_87_88_Archive_Reconciliation_Duplicate_Register_v1.zip	DO_NOT_UNZIP_STATIC_ONLY
23525181a82d83830a2784464f8b2efa79ca95845fe0ec532025d65e08068e46	7203	ARCHIVE_DO_NOT_UNZIP	/root/Documents/003 DELTA/TITAN_89_89A_89B_Transition_To_Orchestration_v1.zip	DO_NOT_UNZIP_STATIC_ONLY
3d0538db4ff9c5e52da0b9d45e1de4296baf3f391d93ac8aecba3beb17fa86de	6533	ARCHIVE_DO_NOT_UNZIP	/root/Documents/003 DELTA/TITAN_90_92_93_State_Management_Diff_v1.zip	DO_NOT_UNZIP_STATIC_ONLY
49c8e9d66fda640128feb5aedceb0f4f1675f2f86e2a00e6760c2dd0549c6dc1	6217	ARCHIVE_DO_NOT_UNZIP	/root/Documents/003 DELTA/TITAN_94_95_96_PreFreeze_Safeguards_v1.zip	DO_NOT_UNZIP_STATIC_ONLY
6c16550af7c951809afd678bcd7f935f723d914d4b78fe10688f06bfcdbc6c85	6895	ARCHIVE_DO_NOT_UNZIP	/root/Documents/003 DELTA/TITAN_98_99_100_Final_Orchestration_Boundary_v1.zip	DO_NOT_UNZIP_STATIC_ONLY
b7367485e531031eb4b7651d4e2159f8fc46d2ec92b4591f51716e1b1cc08011	8289	ARCHIVE_DO_NOT_UNZIP	/root/Documents/003 DELTA/TITAN_Control_Tower_Validator_v2_Package.zip	DO_NOT_UNZIP_STATIC_ONLY
a69c2c20b15e48a6c1074b9927b810b2cb50a43c422b691c0f53d32026c4031a	2030	ARCHIVE_DO_NOT_UNZIP	/root/Documents/003 DELTA/TITAN_FileFinding_EvidenceGap_TSV_Templates.zip	DO_NOT_UNZIP_STATIC_ONLY
ba5f818e3c69dcc7a31e30f89166c118bd0ce786591b290a8b68be5ac4a1842b	12851	ARCHIVE_DO_NOT_UNZIP	/root/Documents/003 DELTA/TITAN_Missing_Pipeline_Scripts_v1.zip	DO_NOT_UNZIP_STATIC_ONLY
ee72a94d8ecb34e1abfd9d31bcd7b24335190a3f6b09d7aa3cca09b457ffb302	225750	ARCHIVE_DO_NOT_UNZIP	/root/Documents/Exeli/TITAN_EBRD_IFC_Submission_Pack_v4.zip	DO_NOT_UNZIP_STATIC_ONLY
a42bd61f472650ac434a303a431d99fe8829b988b94dddd8f02e80972cf8f9f0	5069	ARCHIVE_DO_NOT_UNZIP	/root/Documents/Exeli/TITAN_Grid_Financial_Model_CSV_Exports.zip	DO_NOT_UNZIP_STATIC_ONLY
7014be9792eb1398c4fb313f29e95ca44312d5cf117807e2816808077ac87d65	432207	ARCHIVE_DO_NOT_UNZIP	/root/Documents/LAS_VEGAS_GOLD_PACKAGE.tar.gz	DO_NOT_UNZIP_STATIC_ONLY
016bada3d28c9db101251637562327813d50f73e90b0ab6c10f210dea35dc03f	31343	ARCHIVE_DO_NOT_UNZIP	/root/Documents/TITAN FINAL/01.04/brand_engine_replit_app.zip	DO_NOT_UNZIP_STATIC_ONLY
f9084262a84b6c3173c6e9c911770267ed905fefb37d0c548e68ce6d3dbc65b9	12475	ARCHIVE_DO_NOT_UNZIP	/root/Documents/TITAN FINAL/01.04/instagram_automation_system.zip	DO_NOT_UNZIP_STATIC_ONLY
364671d95d1ac29949b76ff047d9d3ac4ba6f1a0ded5135c6cf34a86a2db0880	175632	ARCHIVE_DO_NOT_UNZIP	/root/Documents/TITAN FINAL/27.03/TITAN_Data_Room_v6_3_Automated.zip	DO_NOT_UNZIP_STATIC_ONLY
8873455e227a90438ea3e96779784a0f2c280a51f6b3bcd772411c9ebcbe5678	387959	ARCHIVE_DO_NOT_UNZIP	/root/Documents/Titan grid/Prezentacija/Nove kalkulacija  24.03/25.03/Titan_Grid_v52_Data_Room_Ready.zip	DO_NOT_UNZIP_STATIC_ONLY
177485e106ea99b9b0676a2205e98af7988e7004a0354ef9dc5715508ee5c34e	2339	ARCHIVE_DO_NOT_UNZIP	/root/IPHONE_STATIC_EXPORT_PACKET_FOR_MSI_20260516_075558.tar.gz	DO_NOT_UNZIP_STATIC_ONLY
