SHA256,SIZE_BYTES,COPY_PATH
7698f3c985d955562b146097f0ca35acdc5b974e2e98f79a14d2d204653056e5,737,"/root/PVE_DIAMOND_EXPORT_20260525_055151/DIAMONDS/DIAMOND_1_ISH_005_MSI_EXPORT_NAMES.csv"
5c2f14955230a2964c83dbb6b2ab22f5cfb0807b905979236fcf3c5355283658,2379,"/root/PVE_DIAMOND_EXPORT_20260525_055151/DIAMONDS/DIAMOND_2_ISH_005_DELTA_CORE_NAMES.csv"
e791a4a82bfda5b0b39763b69787fda474c4f3a12335d4564a6554df5b37d7c3,37846,"/root/PVE_DIAMOND_EXPORT_20260525_055151/DIAMONDS/DIAMOND_3_ISH_005_CMU_CENSUS_NAMES.csv"
2862961d2f22f606a8a59f8591bbd8a9ebccab7850124b534a2e174c0fd500cc,1610,"/root/PVE_DIAMOND_EXPORT_20260525_055151/DIAMONDS/DIAMOND_4_ISH_005_HASH_REGISTER.txt"
04f862e66be68e994689cf1b014b1eeb3ca126c54ca331b283e93475a793316a,1481,"/root/PVE_DIAMOND_EXPORT_20260525_055151/DIAMONDS/DIAMOND_5_ISH_005_STATUS.txt"
9428572dfbeb02e8a86ed475550fb48297deb7d5f5c75c37d2e050b415b284f6,18763,"/root/PVE_DIAMOND_EXPORT_20260525_055151/DIAMONDS/DIAMOND_6_ISH_005_ARCHIVE_TAR_GZ_NAMES.csv"
60b0f3d2ac8b30030b68ae62e880f7e6801dbfae44e7231b186effd31dcd1d72,79925,"/root/PVE_DIAMOND_EXPORT_20260525_055151/DIAMONDS/DIAMOND_7_ISH_005_UNKNOWN_REVIEW_NAMES.csv"
53d2b19ccd3063aee8eb7a6689222d41a7c1d01151af5555f9adf51fca530648,6292,"/root/PVE_DIAMOND_EXPORT_20260525_055151/DIAMONDS/DIAMOND_8_ISH_005_RUNTIME_BLOCKED_NAMES.csv"
49ba5b64cec6150921c31645419cd97d314d8a298f5c9cb036f8441e096d84ab,225815,"/root/PVE_DIAMOND_EXPORT_20260525_055151/DIAMONDS/DIAMOND_9_ISH_005_ALL_CLASSIFIED_NAMES.csv"
8d5e83435e03f8e22a0b9b7aae018a9bcfc5218a5f26d9edfe902424de2dc7ac,72851,"/root/PVE_DIAMOND_EXPORT_20260525_055151/DIAMONDS/DIAMOND_10_ISH_005_TITAN_DOCUMENTS_NAMES.csv"
1bd9876a85a252f658c0e084c0b2888cb3e614a71b5a1146059ead76d605a094,40511,"/root/PVE_DIAMOND_EXPORT_20260525_055151/DIAMONDS/DIAMOND_11_ALPINE_IPHONE_STORAGE_CENSUS_20260524_144342.txt"
46df93bfa6a40071de36d8175edc23acd86fe647ac5f4406a6b90fe3307ed487,26406,"/root/PVE_DIAMOND_EXPORT_20260525_055151/DIAMONDS/DIAMOND_12_TITAN_GRID_v5_Full_Lender_Closing_Book.pdf"
3b93a6c54ee70ceb8a893ce989f6f19fc38ad750a2ca0ff6e365976d93777c04,4667,"/root/PVE_DIAMOND_EXPORT_20260525_055151/DIAMONDS/DIAMOND_13_37_system_index_builder.py"
4179fd699b8f2a344868fbe87fb0e897b9ebc83af52416fe5e1da97211bf7d61,13200,"/root/PVE_DIAMOND_EXPORT_20260525_055151/DIAMONDS/DIAMOND_14_TITAN_FINAL_HUMAN_REVIEW_CHECKLIST.md"
fce5a81a54acad8839ac962aa7e1075c15178d88d2bd055a3f1ec17d084b8dee,71143,"/root/PVE_DIAMOND_EXPORT_20260525_055151/DIAMONDS/DIAMOND_15_PUNA_MAPA.txt"
ec8f167807403651a485673b2526875cd08838c5dad5d640404179679cad12ca,48542,"/root/PVE_DIAMOND_EXPORT_20260525_055151/DIAMONDS/DIAMOND_16_MAPA_CIJELOG_UREDAJA.txt"
da570bcb81b582dd8ddfe136bf381c6301b498bb6ae69d285dfacccaea58b1b6,523190,"/root/PVE_DIAMOND_EXPORT_20260525_055151/DIAMONDS/DIAMOND_17_Eco_Transformer_doo-_analitical_card.pdf"
edbe3031e4668ccfabd6648572a57b64eb0c913aa95cfb8b0e33ac298ebe90e1,274267,"/root/PVE_DIAMOND_EXPORT_20260525_055151/DIAMONDS/DIAMOND_18_IRF_-_PRIRUCNIK_ZA_IZRADU_INV_PROJEKATA_2013_-_do_50.pdf"
0dd585e8a36487aa764d230fe08b16df255bd6ae884b9b0f9d90124df021e2ca,274045,"/root/PVE_DIAMOND_EXPORT_20260525_055151/DIAMONDS/DIAMOND_19_Izjava_o_Uskladjivanju-pp.pdf"
5c0e6d7c67fbcdd75a3366fe57596bcf4add574c1aaa54c36fdcece915d9ae69,1783954,"/root/PVE_DIAMOND_EXPORT_20260525_055151/DIAMONDS/DIAMOND_20_srkretarijat_za_Urbanizam_-_Rešenje_07-322-25-8472-1_od_26.11.2025.pdf"
9c4c246dad3ce5b91c05b82e1f435f2bef96b199cba9a04c9430acaeb5190ebc,143827,"/root/PVE_DIAMOND_EXPORT_20260525_055151/DIAMONDS/DIAMOND_21_CRPS_4_Rjesenje_Uskladjivanje_+Promjena_Dir.pdf"
a3bf720a8f41ad5bf0666a1d4bee8c525ce2a6ba7104a17c9e636359d04cc04b,124468,"/root/PVE_DIAMOND_EXPORT_20260525_055151/DIAMONDS/DIAMOND_22_ARS_24.pdf.pdf"
6c51c97ed4450c3542fc93f7bd079a448e5c82903f094e0bc5172dced17c0ef4,184881,"/root/PVE_DIAMOND_EXPORT_20260525_055151/DIAMONDS/DIAMOND_23_Odluka_o_promjeni_Direktora-pp.pdf"
9735ccb5cfd976a52b00dcab21790498fb6f5bf46199b10b4441658d7b06b3fb,125608,"/root/PVE_DIAMOND_EXPORT_20260525_055151/DIAMONDS/DIAMOND_24_ARS_25.pdf.pdf"
404ae57ea0854f44183cf1bfd83c020a74881942681d51b318c49a89d8557b96,189110,"/root/PVE_DIAMOND_EXPORT_20260525_055151/DIAMONDS/DIAMOND_25_Saglasnost_Imenovanje_Ovl.Zastup.-pp.pdf"
7fcd339b723bec5814a6ec038dba563b644fafd4eb8330da4b40478962729db4,271986,"/root/PVE_DIAMOND_EXPORT_20260525_055151/DIAMONDS/DIAMOND_26_Odluka_o_promjeni_Kontakta-pp.pdf"
e0c1a13f56ec80688b034ee40daa449d2a48307e9736a3c6a8dbe3b683cbbf4c,124140,"/root/PVE_DIAMOND_EXPORT_20260525_055151/DIAMONDS/DIAMOND_27_ARS_23.pdf.pdf"
baffd695481339bd959275a2b953174244ad3af0e6ab3e4fbc1d40f598d1687b,223848,"/root/PVE_DIAMOND_EXPORT_20260525_055151/DIAMONDS/DIAMOND_28_BU_2025.pdf"
76c10bf4179e22f9e483afd2dc660c5c8705463a845dfbf69f0216501f8095f0,236289,"/root/PVE_DIAMOND_EXPORT_20260525_055151/DIAMONDS/DIAMOND_29_BU_2024.pdf"
5e3546a6f2a5695023b8e14121e1f501e3d15b38cf1a1c6442c16acdaa7db6a4,243619,"/root/PVE_DIAMOND_EXPORT_20260525_055151/DIAMONDS/DIAMOND_30_BS_24_(2).pdf"
d50f4779d5506d9bcfe36af02c5112d5c3756c3a9466b65531a4c726499dd18c,184866,"/root/PVE_DIAMOND_EXPORT_20260525_055151/DIAMONDS/DIAMOND_31_Odluka_o_imenovanju_Ovl.Zastup.-pp.pdf"
ecd5864f3e9e9f76a2d6c42bb0853f89970d2c36e3a11d863b498eb6d084bb4a,232213,"/root/PVE_DIAMOND_EXPORT_20260525_055151/DIAMONDS/DIAMOND_32_BU_2023.pdf"
5e77828cd613d521064664b0b5d37aa95a3daa6621d08449aba525b812a2dcee,269682,"/root/PVE_DIAMOND_EXPORT_20260525_055151/DIAMONDS/DIAMOND_33_Odluka_o_prom._Tipa_posl._Uloge-pp.pdf"
d7aab13d089c6c3a1c8b30df0e5aaa5f5759f5e8b68ada8b8cd41f24465b53b0,253176,"/root/PVE_DIAMOND_EXPORT_20260525_055151/DIAMONDS/DIAMOND_34_CRPS_4_Izvod_sa_SVIM_podaci.pdf"
f642aa3b3f332d6353e2fac649a1c4a7fab53f0c575007249d55b568c2e42941,268805,"/root/PVE_DIAMOND_EXPORT_20260525_055151/DIAMONDS/DIAMOND_35_Odluka_o_promjeni_Prefiksa-pp.pdf"
bc26890eb9e005694a2ad3506d463d01ee4e92b1b308af3d5170cb59997b9a14,188298,"/root/PVE_DIAMOND_EXPORT_20260525_055151/DIAMONDS/DIAMOND_36_Odluka_o_usvajanju_novog_Statuta-pp.pdf"
2dc32165a86fd2b341405933cc37d24df74e0eeb028a3f819a400d9fd81fb585,245981,"/root/PVE_DIAMOND_EXPORT_20260525_055151/DIAMONDS/DIAMOND_37_BS_2023.pdf"
18b9cf47a928918ad603d11114ef151eaccf96c58c02e7d9ee7d5968825975e5,998981,"/root/PVE_DIAMOND_EXPORT_20260525_055151/DIAMONDS/DIAMOND_38_Statut_(mne+eng)-pp.pdf"
20c15a9010b151aca0b38ad5654244d7ff8c44206d6e5e4ecb8878b166030938,236016,"/root/PVE_DIAMOND_EXPORT_20260525_055151/DIAMONDS/DIAMOND_39_BS_2025.pdf"
ea6e8a1a15d12a573404c2fd3e1e72d3fcf1a9f7c05c32e5417fccdc86336dd8,249957,"/root/PVE_DIAMOND_EXPORT_20260525_055151/DIAMONDS/DIAMOND_40_BS_2024.pdf"
110d1d56c7114d9e2174d65cd4fa254e1bfccd08d81e20f54b02d4d239daa240,376,"/root/PVE_DIAMOND_EXPORT_20260525_055151/DIAMONDS/DIAMOND_41_SOUL_MANIFEST.txt"
22684a7022143838ad2f71d21d243488e4a1d4a053e7fcfbc5aea78b893ad22b,6110,"/root/PVE_DIAMOND_EXPORT_20260525_055151/DIAMONDS/DIAMOND_42_DELTA_UNITY_ENGINE_v1_7.py"
db0d1fd704f188e0ac5ef0bd7eb1cee032050c593a645ebf3660a5c21e861807,3513,"/root/PVE_DIAMOND_EXPORT_20260525_055151/DIAMONDS/DIAMOND_43_iphone_sha_analyzer.py"
323a623bd1cdeb6bb3e52383aa236b74871c745b8cb085f6812705ee9c1d63a7,1456,"/root/PVE_DIAMOND_EXPORT_20260525_055151/DIAMONDS/DIAMOND_44_DELTA_CORE_v1_0.py"
6f3e4535ab2b54deb71cfd380f2473e390f4f49f73d5e90211c129cd51c76a96,145,"/root/PVE_DIAMOND_EXPORT_20260525_055151/DIAMONDS/DIAMOND_45_iphone_manifest_for_msi_sha256.txt"
5ab24280d1ce92c945355dc4573bf9f463a3da631ffd4e07bb313759182b412e,131,"/root/PVE_DIAMOND_EXPORT_20260525_055151/DIAMONDS/DIAMOND_46_IPHONE_STATIC_EXPORT_PACKET_FOR_MSI_20260516_075558_TAR_SHA256.txt"
6f3e4535ab2b54deb71cfd380f2473e390f4f49f73d5e90211c129cd51c76a96,145,"/root/PVE_DIAMOND_EXPORT_20260525_055151/DIAMONDS/DIAMOND_47_IPHONE_STATIC_EXPORT_PACKET_MANIFEST_ONLY_20260519_082406_FOR_MSI_SHA256.txt"
1e48655033acbbbc1b2ebdf977ef195b2ad2ca6dbc69a34667d46acc7fdbbae4,1120,"/root/PVE_DIAMOND_EXPORT_20260525_055151/DIAMONDS/DIAMOND_48_DELTA_SSOT_SIGNAL_TO_DOCUMENT_GOVERNANCE_MAP.csv"
55c08e17d5d17dd9a382861f723ece84162b2e129c0e898efcbd8c23bd6bc3b6,866,"/root/PVE_DIAMOND_EXPORT_20260525_055151/DIAMONDS/DIAMOND_49_README_DELTA_SSOT_SIGNAL_TO_DOCUMENT_GOVERNANCE_MAP.md"
a8934a86b44d7242da8fc30f1b43a141ae3661d7e8fc9c6b5ee451fa6e25f571,1005,"/root/PVE_DIAMOND_EXPORT_20260525_055151/DIAMONDS/DIAMOND_50_README_GROK_CENTRAL_BRAIN.txt"
fcff4c9755243b9b7d27a9433693b06fcb0bbba4cdb988bdab8d6bfce0a45e95,5060,"/root/PVE_DIAMOND_EXPORT_20260525_055151/DIAMONDS/DIAMOND_51_grok_central_brain_exporter.py"
7c074eea6523e6332559f122e4bcb208bc4d0334713b7bec14efdcd56e40dfc8,1226,"/root/PVE_DIAMOND_EXPORT_20260525_055151/DIAMONDS/DIAMOND_52_GROK_CENTRAL_BRAIN_INSTRUCTIONS.txt"
5e8e6d11bf3310c15aeafad6f5e59a8605831056bd6c6f9e7fa75b7c7ab5f8ca,101680,"/root/PVE_DIAMOND_EXPORT_20260525_055151/DIAMONDS/DIAMOND_53_grok_central_brain_lookup.csv"
e6837a20f4b6336305600f2a2cfd50613921f9c2aab352aadc338dd781e444c1,260612,"/root/PVE_DIAMOND_EXPORT_20260525_055151/DIAMONDS/DIAMOND_54_grok_central_brain_lookup.json"
917831ae935e0bcb01bb46bbdc923e851914e04b0d0acfad7a342b2e6f4d7e50,102514,"/root/PVE_DIAMOND_EXPORT_20260525_055151/DIAMONDS/DIAMOND_55_grok_mutation_generator_safe_only.csv"
2b7a8f195126f9dd4e4d17c963d28190f18687a0761c8e230cf2ba71110bb904,630,"/root/PVE_DIAMOND_EXPORT_20260525_055151/DIAMONDS/DIAMOND_56_grok_only_step_by_step.txt"
3cf122896a38577d12709a4415aad0a6ce622b4aea05c15288c201dd422697e6,143616,"/root/PVE_DIAMOND_EXPORT_20260525_055151/DIAMONDS/DIAMOND_57_grok_mutation_generator_safe_only.json"
bfe6dc934505a0328721ea39831b5222190869df6556bfb19c869a0635cd87b8,128254,"/root/PVE_DIAMOND_EXPORT_20260525_055151/DIAMONDS/DIAMOND_58_grok_mutation_generator_candidates.csv"
4fb527807d4c2f6d70e17148719356881587d083cc83b2d58ff78324c9006580,22811,"/root/PVE_DIAMOND_EXPORT_20260525_055151/DIAMONDS/DIAMOND_59_grok_automated_mutation_generator.py"
7683141333b09abb204341e8f7ffe0a654ce007b528d8f3d48f8eb1f77f799df,641115,"/root/PVE_DIAMOND_EXPORT_20260525_055151/DIAMONDS/DIAMOND_60_izvjestaj_Marija_Đurović.pdf"
39cb0b99a7053d2d0c706e6f14aef32a4949f97d91793adece9515784fa86b62,201454,"/root/PVE_DIAMOND_EXPORT_20260525_055151/DIAMONDS/DIAMOND_61_Medical_Report_Analysis_and_Research.pdf"
677cbdd7535a861a7fd3177b58897e260918d5e793dc56ea53aaec7412fa03e0,233894,"/root/PVE_DIAMOND_EXPORT_20260525_055151/DIAMONDS/DIAMOND_62_Analiza_snaga_tri_firme_za_EU_platformu.pdf"
1732b10485548d925216745927c0b08bd743b003ea71391f93bc98deb7c4b178,200427,"/root/PVE_DIAMOND_EXPORT_20260525_055151/DIAMONDS/DIAMOND_63_Kontrola_nabavke__Moć_u_industriji.pdf"
fb28a9fc191b6b9cc5c0ffcfc60b1e618ff73e8732458a2a68ad3b118f931322,213181,"/root/PVE_DIAMOND_EXPORT_20260525_055151/DIAMONDS/DIAMOND_64_Implementacioni_Plan__Od_Stabilizacije_do_Hegemoni....pdf"
744018d3bf4d1416c5e4f45f6addc77a1329389972181610b4d53d3583ccee8c,178531,"/root/PVE_DIAMOND_EXPORT_20260525_055151/DIAMONDS/DIAMOND_65_ECO_+_ARS__Komercijalna_Ekspanzija_i_Liderstvo.pdf"
9e5724eb3be1618134b6f84ad11c747d2eac8aabe7136871148b1c2a8e16b4a2,193687,"/root/PVE_DIAMOND_EXPORT_20260525_055151/DIAMONDS/DIAMOND_66_Industrijska_Transformacija__Od_Haosa_Ka_Sistemu.pdf"
36082bdd9cb51014b6ee2e9db1098390c9b5c89301310ed5d61846ff8ecf22b2,208733,"/root/PVE_DIAMOND_EXPORT_20260525_055151/DIAMONDS/DIAMOND_67_Strateški_Plan_za_Industrijsku_Moć.pdf"
caf621de7a756004b73133e58bce5f383c16a9d9a5d76360ef1cfa43921ba60c,199249,"/root/PVE_DIAMOND_EXPORT_20260525_055151/DIAMONDS/DIAMOND_68_Ljudski_kapital__Mikro-koraci_za_Fabriku.pdf"
72917050d7e5c56e8c97b04cb63ecad56e39402590e7b5af4f4d5363ad43f0b1,151851,"/root/PVE_DIAMOND_EXPORT_20260525_055151/DIAMONDS/DIAMOND_69_Strategija_Visoko_Svjesnog_Bića.pdf"
