FILE_PATH,SIZE_BYTES,LAST_WRITE
"/root/ISH_005_EXPORT_CLASSIFICATION_STATUS_FOR_BIG_UNITY_COMPARE_20260523_185017/ISH_005_MSI_EXPORT_NAMES.csv",737,"2026-05-23 18:51:04.334334260 +0000"
"/root/ISH_005_EXPORT_CLASSIFICATION_STATUS_FOR_BIG_UNITY_COMPARE_20260523_185017/ISH_005_DELTA_CORE_NAMES.csv",2379,"2026-05-23 18:51:04.147997366 +0000"
"/root/ISH_005_EXPORT_CLASSIFICATION_STATUS_FOR_BIG_UNITY_COMPARE_20260523_185017/ISH_005_CMU_CENSUS_NAMES.csv",37846,"2026-05-23 18:51:03.935495182 +0000"
"/root/ISH_005_EXPORT_CLASSIFICATION_STATUS_FOR_BIG_UNITY_COMPARE_20260523_185017/ISH_005_HASH_REGISTER.txt",1610,"2026-05-23 18:51:04.730540847 +0000"
"/root/ISH_005_EXPORT_CLASSIFICATION_STATUS_FOR_BIG_UNITY_COMPARE_20260523_185017/ISH_005_STATUS.txt",1481,"2026-05-23 18:51:04.765440359 +0000"
"/root/ISH_005_EXPORT_CLASSIFICATION_STATUS_FOR_BIG_UNITY_COMPARE_20260523_185017/ISH_005_ARCHIVE_TAR_GZ_NAMES.csv",18763,"2026-05-23 18:51:04.560505608 +0000"
"/root/ISH_005_EXPORT_CLASSIFICATION_STATUS_FOR_BIG_UNITY_COMPARE_20260523_185017/ISH_005_UNKNOWN_REVIEW_NAMES.csv",79925,"2026-05-23 18:51:04.669040714 +0000"
"/root/ISH_005_EXPORT_CLASSIFICATION_STATUS_FOR_BIG_UNITY_COMPARE_20260523_185017/ISH_005_RUNTIME_BLOCKED_NAMES.csv",6292,"2026-05-23 18:51:04.453427331 +0000"
"/root/ISH_005_EXPORT_CLASSIFICATION_STATUS_FOR_BIG_UNITY_COMPARE_20260523_185017/ISH_005_ALL_CLASSIFIED_NAMES.csv",225815,"2026-05-23 18:50:53.597677916 +0000"
"/root/ISH_005_EXPORT_CLASSIFICATION_STATUS_FOR_BIG_UNITY_COMPARE_20260523_185017/ISH_005_TITAN_DOCUMENTS_NAMES.csv",72851,"2026-05-23 18:51:03.909743349 +0000"
"/root/ALPINE_IPHONE_STORAGE_CENSUS_20260524_144342.txt",40511,"2026-05-24 14:43:47.157699495 +0000"
"/root/Documents/Exeli/TITAN_GRID_v5_Full_Lender_Closing_Book.pdf",26406,"2026-03-23 04:14:37.383769922 +0000"
"/root/Documents/003 DELTA/37_system_index_builder.py",4667,"2026-05-05 23:48:52.000000000 +0000"
"/root/Documents/003 DELTA/TITAN_FINAL_HUMAN_REVIEW_CHECKLIST.md",13200,"2026-05-06 03:05:03.773142974 +0000"
"/root/Documents/PUNA_MAPA.txt",71143,"2026-05-10 10:36:34.777323796 +0000"
"/root/Documents/SVE_OSJETLJIVO.txt",0,"2026-05-10 10:41:00.238317097 +0000"
"/root/Documents/MAPA_CIJELOG_UREDAJA.txt",48542,"2026-05-10 10:36:02.651807780 +0000"
"/root/Documents/Finansiski model /Eco Transformer doo- analitical card.pdf",523190,"2025-12-16 10:17:23.184845639 +0000"
"/root/Documents/Finansiski model /IRF - PRIRUCNIK ZA IZRADU INV PROJEKATA 2013 - do 50.pdf",274267,"2026-03-02 14:48:59.839611000 +0000"
"/root/Documents/000. Titan/Izjava o Uskladjivanju-pp.pdf",274045,"2026-05-05 14:50:04.240449297 +0000"
"/root/Documents/000. Titan/srkretarijat za Urbanizam - Rešenje 07-322-25-8472-1 od 26.11.2025.pdf",1783954,"2026-05-05 14:36:47.020139396 +0000"
"/root/Documents/000. Titan/CRPS 4 Rjesenje Uskladjivanje +Promjena Dir.pdf",143827,"2026-05-05 14:50:04.156800689 +0000"
"/root/Documents/000. Titan/ARS 24.pdf.pdf",124468,"2026-05-05 14:39:11.199945032 +0000"
"/root/Documents/000. Titan/Odluka o promjeni Direktora-pp.pdf",184881,"2026-05-05 14:50:04.152239535 +0000"
"/root/Documents/000. Titan/ARS 25.pdf.pdf",125608,"2026-05-05 14:39:19.073944284 +0000"
"/root/Documents/000. Titan/Saglasnost Imenovanje Ovl.Zastup.-pp.pdf",189110,"2026-05-05 14:50:04.238134595 +0000"
"/root/Documents/000. Titan/Odluka o promjeni Kontakta-pp.pdf",271986,"2026-05-05 14:50:04.242461959 +0000"
"/root/Documents/000. Titan/ARS 23.pdf.pdf",124140,"2026-05-05 14:39:00.350860175 +0000"
"/root/Documents/000. Titan/BU 2025.pdf",223848,"2026-05-05 14:41:18.163638321 +0000"
"/root/Documents/000. Titan/BU 2024.pdf",236289,"2026-05-05 14:41:27.606189174 +0000"
"/root/Documents/000. Titan/BS 24 (2).pdf",243619,"2026-05-05 14:42:19.654629714 +0000"
"/root/Documents/000. Titan/Odluka o imenovanju Ovl.Zastup.-pp.pdf",184866,"2026-05-05 14:50:04.192604343 +0000"
"/root/Documents/000. Titan/BU 2023.pdf",232213,"2026-05-05 14:41:35.485722619 +0000"
"/root/Documents/000. Titan/Odluka o prom. Tipa posl. Uloge-pp.pdf",269682,"2026-05-05 14:50:04.233162692 +0000"
"/root/Documents/000. Titan/CRPS 4 Izvod sa SVIM podaci.pdf",253176,"2026-05-05 14:50:04.385257116 +0000"
"/root/Documents/000. Titan/Odluka o promjeni Prefiksa-pp.pdf",268805,"2026-05-05 14:50:04.197534871 +0000"
"/root/Documents/000. Titan/Odluka o usvajanju novog Statuta-pp.pdf",188298,"2026-05-05 14:50:04.269284095 +0000"
"/root/Documents/000. Titan/BS 2023.pdf",245981,"2026-05-05 14:42:29.045030377 +0000"
"/root/Documents/000. Titan/Statut (mne+eng)-pp.pdf",998981,"2026-05-05 14:50:04.259868537 +0000"
"/root/Documents/000. Titan/BS 2025.pdf",236016,"2026-05-05 14:41:49.927537091 +0000"
"/root/Documents/000. Titan/BS 2024.pdf",249957,"2026-05-05 14:41:59.345787635 +0000"
"/root/Documents/SOUL_EXPORT_20260519_1232/SOUL_MANIFEST.txt",376,"2026-05-19 12:32:42.000000000 +0000"
"/root/Documents/SOUL_EXPORT_20260519_1232/Scripts/DELTA_UNITY_ENGINE_v1_7.py",6110,"2026-05-19 12:32:41.000000000 +0000"
"/root/Documents/SOUL_EXPORT_20260519_1232/Scripts/iphone_sha_analyzer.py",3513,"2026-05-19 12:32:41.000000000 +0000"
"/root/Documents/SOUL_EXPORT_20260519_1232/Scripts/DELTA_CORE_v1_0.py",1456,"2026-05-19 12:32:41.000000000 +0000"
"/root/Documents/SOUL_EXPORT_20260519_1232/iPhone_Exports/iphone_manifest_for_msi_sha256.txt",145,"2026-05-19 12:32:41.000000000 +0000"
"/root/Documents/SOUL_EXPORT_20260519_1232/iPhone_Exports/IPHONE_STATIC_EXPORT_PACKET_FOR_MSI_20260516_075558_TAR_SHA256.txt",131,"2026-05-19 12:32:41.000000000 +0000"
"/root/Documents/SOUL_EXPORT_20260519_1232/iPhone_Exports/IPHONE_STATIC_EXPORT_PACKET_MANIFEST_ONLY_20260519_082406_FOR_MSI_SHA256.txt",145,"2026-05-19 12:32:41.000000000 +0000"
"/root/Documents/002. Materijal za Tik tok/07.04/IMG_0229.JPG",141516,"2026-04-06 20:01:20.372902000 +0000"
"/root/Documents/002. Materijal za Tik tok/07.04/IMG_0215.JPG",175938,"2026-04-06 19:52:28.855124000 +0000"
"/root/Documents/002. Materijal za Tik tok/07.04/IMG_0017.JPG",213740,"2026-04-01 14:07:13.409239000 +0000"
"/root/Documents/002. Materijal za Tik tok/07.04/IMG_0003.JPG",180190,"2026-04-01 13:43:11.907167000 +0000"
"/root/Documents/002. Materijal za Tik tok/07.04/IMG_0201.PNG",1247508,"2026-04-06 19:31:11.713038000 +0000"
"/root/Documents/002. Materijal za Tik tok/07.04/IMG_0200.PNG",8860136,"2026-04-06 19:29:20.000000000 +0000"
"/root/Documents/002. Materijal za Tik tok/07.04/IMG_0002.JPG",202629,"2026-04-01 13:41:47.387835000 +0000"
"/root/Documents/002. Materijal za Tik tok/07.04/IMG_0016.JPG",201027,"2026-04-01 14:05:30.360384000 +0000"
"/root/Documents/002. Materijal za Tik tok/07.04/IMG_0214.JPG",172631,"2026-04-06 19:51:01.447513000 +0000"
"/root/Documents/002. Materijal za Tik tok/07.04/IMG_0228.JPG",141591,"2026-04-06 20:01:12.734228000 +0000"
"/root/Documents/002. Materijal za Tik tok/07.04/IMG_0216.JPG",179628,"2026-04-06 19:52:36.661807000 +0000"
"/root/Documents/002. Materijal za Tik tok/07.04/IMG_9959.PNG",1168800,"2026-04-01 08:18:32.175937000 +0000"
"/root/Documents/002. Materijal za Tik tok/07.04/IMG_0028.JPG",248437,"2026-04-01 15:16:48.470529000 +0000"
"/root/Documents/002. Materijal za Tik tok/07.04/IMG_0014.JPG",157498,"2026-04-01 14:02:30.249515000 +0000"
"/root/Documents/002. Materijal za Tik tok/07.04/IMG_0202.PNG",1261255,"2026-04-06 19:33:04.017947000 +0000"
"/root/Documents/002. Materijal za Tik tok/07.04/IMG_0217.PNG",1214367,"2026-04-06 19:52:55.672477000 +0000"
"/root/Documents/002. Materijal za Tik tok/07.04/IMG_0015.JPG",229665,"2026-04-01 14:04:20.126204000 +0000"
"/root/Documents/002. Materijal za Tik tok/07.04/IMG_0001.JPG",181792,"2026-04-01 13:40:43.744007000 +0000"
"/root/Documents/002. Materijal za Tik tok/07.04/IMG_9958.PNG",1144383,"2026-04-01 08:17:47.477315000 +0000"
"/root/Documents/002. Materijal za Tik tok/07.04/60292C09-83C1-4419-A0EB-91EA55373AE7.PNG",2251558,"2026-04-01 06:37:12.000000000 +0000"
"/root/Documents/002. Materijal za Tik tok/07.04/IMG_0175.JPG",200237,"2026-04-06 08:05:18.068480000 +0000"
"/root/Documents/002. Materijal za Tik tok/07.04/66609BCA-9D18-4121-ABB3-B45A1A70BA5A.JPG",188297,"2026-04-02 18:02:03.324323000 +0000"
"/root/Documents/002. Materijal za Tik tok/07.04/IMG_9948.PNG",1169157,"2026-04-01 06:39:27.805788000 +0000"
"/root/Documents/002. Materijal za Tik tok/07.04/IMG_9960.PNG",1168800,"2026-04-01 08:19:39.897748000 +0000"
"/root/Documents/002. Materijal za Tik tok/07.04/IMG_0005.JPG",208416,"2026-04-01 13:46:13.621808000 +0000"
"/root/Documents/002. Materijal za Tik tok/07.04/IMG_0011.JPG",185274,"2026-04-01 13:58:27.139741000 +0000"
"/root/Documents/002. Materijal za Tik tok/07.04/IMG_0207.PNG",1203095,"2026-04-06 19:46:05.653479000 +0000"
"/root/Documents/002. Materijal za Tik tok/07.04/IMG_0010.JPG",169342,"2026-04-01 13:57:06.209689000 +0000"
"/root/Documents/002. Materijal za Tik tok/07.04/IMG_0004.JPG",198737,"2026-04-01 13:44:24.761708000 +0000"
"/root/Documents/002. Materijal za Tik tok/07.04/IMG_0212.JPG",187976,"2026-04-06 19:50:40.199889000 +0000"
"/root/Documents/002. Materijal za Tik tok/07.04/IMG_0206.JPG",158695,"2026-04-06 19:45:55.281769000 +0000"
"/root/Documents/002. Materijal za Tik tok/07.04/IMG_9949.PNG",1237607,"2026-04-01 06:40:28.784136000 +0000"
"/root/Documents/002. Materijal za Tik tok/07.04/IMG_0199.PNG",7492685,"2026-04-06 19:28:55.000000000 +0000"
"/root/Documents/002. Materijal za Tik tok/07.04/IMG_0172.PNG",1331156,"2026-04-06 07:35:15.457788000 +0000"
"/root/Documents/002. Materijal za Tik tok/07.04/IMG_0210.JPG",155101,"2026-04-06 19:48:45.944030000 +0000"
"/root/Documents/002. Materijal za Tik tok/07.04/IMG_9988.PNG",1419281,"2026-04-01 08:30:37.698088000 +0000"
"/root/Documents/002. Materijal za Tik tok/07.04/IMG_0012.JPG",190189,"2026-04-01 14:00:19.494931000 +0000"
"/root/Documents/002. Materijal za Tik tok/07.04/IMG_0006.JPG",174107,"2026-04-01 13:47:24.559257000 +0000"
"/root/Documents/002. Materijal za Tik tok/07.04/IMG_0204.PNG",1347565,"2026-04-06 19:44:00.426949000 +0000"
"/root/Documents/002. Materijal za Tik tok/07.04/34846FE0-A03D-499D-B799-7D33810127DB.JPG",143953,"2026-04-06 07:00:08.221483000 +0000"
"/root/Documents/002. Materijal za Tik tok/07.04/IMG_0211.PNG",1161061,"2026-04-06 19:50:38.341782000 +0000"
"/root/Documents/002. Materijal za Tik tok/07.04/IMG_0007.JPG",182872,"2026-04-01 13:48:28.074358000 +0000"
"/root/Documents/002. Materijal za Tik tok/07.04/IMG_9989.JPG",125151,"2026-04-01 08:47:23.974111000 +0000"
"/root/Documents/002. Materijal za Tik tok/07.04/IMG_0013.JPG",176885,"2026-04-01 14:01:25.480071000 +0000"
"/root/Documents/002. Materijal za Tik tok/07.04/IMG_0205.JPG",151384,"2026-04-06 19:44:08.867912000 +0000"
"/root/Documents/002. Materijal za Tik tok/07.04/IMG_0198.PNG",3008672,"2026-04-06 19:28:33.000000000 +0000"
"/root/Documents/002. Materijal za Tik tok/07.04/IMG_0225 2.JPG",156169,"2026-04-06 19:59:35.707554000 +0000"
"/root/Documents/002. Materijal za Tik tok/07.04/IMG_9911.JPG",226052,"2026-03-31 22:26:12.937147000 +0000"
"/root/Documents/002. Materijal za Tik tok/07.04/IMG_9910.JPG",203048,"2026-03-31 22:11:12.667890000 +0000"
"/root/Documents/002. Materijal za Tik tok/07.04/IMG_9906.JPG",213971,"2026-03-31 20:46:00.131002000 +0000"
"/root/Documents/002. Materijal za Tik tok/07.04/IMG_9912.JPG",204196,"2026-03-31 22:26:46.625117000 +0000"
"/root/Documents/002. Materijal za Tik tok/07.04/IMG_9907.JPG",198192,"2026-03-31 20:46:50.780008000 +0000"
"/root/Documents/002. Materijal za Tik tok/07.04/IMG_9903.JPG",216316,"2026-03-31 20:34:41.205420000 +0000"
"/root/Documents/002. Materijal za Tik tok/07.04/IMG_0073.JPG",219204,"2026-04-01 19:51:26.033174000 +0000"
"/root/Documents/002. Materijal za Tik tok/07.04/IMG_0065.JPG",205142,"2026-04-01 19:40:45.538574000 +0000"
"/root/Documents/002. Materijal za Tik tok/07.04/IMG_0212 2.JPG",187976,"2026-04-06 19:50:51.705737000 +0000"
"/root/Documents/002. Materijal za Tik tok/07.04/IMG_0208.JPG",157953,"2026-04-06 19:48:13.385113000 +0000"
"/root/Documents/002. Materijal za Tik tok/07.04/IMG_9990.JPG",206510,"2026-04-01 08:57:19.298293000 +0000"
"/root/Documents/002. Materijal za Tik tok/07.04/IMG_0022.JPG",227667,"2026-04-01 14:20:12.877039000 +0000"
"/root/Documents/002. Materijal za Tik tok/07.04/IMG_9953.JPG",169265,"2026-04-01 06:48:29.740403000 +0000"
"/root/Documents/002. Materijal za Tik tok/07.04/IMG_0220.PNG",1139495,"2026-04-06 19:55:50.053982000 +0000"
"/root/Documents/002. Materijal za Tik tok/07.04/IMG_0209.PNG",1204950,"2026-04-06 19:48:27.079243000 +0000"
"/root/Documents/002. Materijal za Tik tok/07.04/IMG_0023.JPG",198640,"2026-04-01 14:22:32.984690000 +0000"
"/root/Documents/002. Materijal za Tik tok/07.04/IMG_9991.PNG",1287701,"2026-04-01 11:49:56.580421000 +0000"
"/root/Documents/002. Materijal za Tik tok/07.04/IMG_0221.JPG",159394,"2026-04-06 19:57:33.432089000 +0000"
"/root/Documents/002. Materijal za Tik tok/07.04/IMG_9952.PNG",1050997,"2026-04-01 06:48:20.375627000 +0000"
"/root/Documents/002. Materijal za Tik tok/07.04/IMG_0196.PNG",4345861,"2026-04-06 19:06:07.000000000 +0000"
"/root/Documents/002. Materijal za Tik tok/07.04/IMG_9950.PNG",1211820,"2026-04-01 06:43:29.297532000 +0000"
"/root/Documents/002. Materijal za Tik tok/07.04/IMG_0021.JPG",237930,"2026-04-01 14:19:08.114920000 +0000"
"/root/Documents/002. Materijal za Tik tok/07.04/IMG_0223.PNG",1360786,"2026-04-06 19:57:55.490907000 +0000"
"/root/Documents/002. Materijal za Tik tok/07.04/IMG_0020.JPG",234132,"2026-04-01 14:17:06.948895000 +0000"
"/root/Documents/002. Materijal za Tik tok/07.04/IMG_0008.JPG",221972,"2026-04-01 13:52:46.475952000 +0000"
"/root/Documents/002. Materijal za Tik tok/07.04/IMG_9992.PNG",1287702,"2026-04-01 11:52:16.173454000 +0000"
"/root/Documents/002. Materijal za Tik tok/07.04/IMG_0222.JPG",171329,"2026-04-06 19:57:40.927981000 +0000"
"/root/Documents/002. Materijal za Tik tok/07.04/IMG_9951.PNG",1211819,"2026-04-01 06:44:38.391670000 +0000"
"/root/Documents/002. Materijal za Tik tok/07.04/IMG_0024.JPG",239952,"2026-04-01 15:09:55.997055000 +0000"
"/root/Documents/002. Materijal za Tik tok/07.04/IMG_0018.JPG",204778,"2026-04-01 14:13:17.369642000 +0000"
"/root/Documents/002. Materijal za Tik tok/07.04/IMG_9996.JPG",203965,"2026-04-01 12:39:05.116942000 +0000"
"/root/Documents/002. Materijal za Tik tok/07.04/IMG_0227.PNG",1233431,"2026-04-06 19:59:49.687767000 +0000"
"/root/Documents/002. Materijal za Tik tok/07.04/IMG_0019.JPG",216773,"2026-04-01 14:16:00.474970000 +0000"
"/root/Documents/002. Materijal za Tik tok/07.04/IMG_0025.JPG",188939,"2026-04-01 15:11:16.110526000 +0000"
"/root/Documents/002. Materijal za Tik tok/07.04/IMG_0153.PNG",1184221,"2026-04-02 15:12:32.099008000 +0000"
"/root/Documents/002. Materijal za Tik tok/07.04/IMG_0225.JPG",156169,"2026-04-06 19:59:30.471912000 +0000"
"/root/Documents/002. Materijal za Tik tok/07.04/IMG_9956.PNG",1318599,"2026-04-01 07:35:01.494243000 +0000"
"/root/Documents/002. Materijal za Tik tok/07.04/IMG_0219.JPG",151410,"2026-04-06 19:55:32.649417000 +0000"
"/root/Documents/002. Materijal za Tik tok/07.04/IMG_0027.JPG",210182,"2026-04-01 15:15:07.318738000 +0000"
"/root/Documents/002. Materijal za Tik tok/07.04/IMG_9995.JPG",211629,"2026-04-01 12:34:32.830440000 +0000"
"/root/Documents/002. Materijal za Tik tok/07.04/IMG_0230.PNG",1186882,"2026-04-06 20:01:36.667913000 +0000"
"/root/Documents/002. Materijal za Tik tok/07.04/IMG_0026.JPG",177968,"2026-04-01 15:12:19.017994000 +0000"
"/root/Documents/002. Materijal za Tik tok/07.04/IMG_9994.PNG",1331591,"2026-04-01 12:32:42.849087000 +0000"
"/root/Documents/002. Materijal za Tik tok/07.04/IMG_0218.JPG",169422,"2026-04-06 19:55:24.428982000 +0000"
"/root/Documents/002. Materijal za Tik tok/07.04/IMG_9957.PNG",1144384,"2026-04-01 08:15:30.670311000 +0000"
"/root/Documents/002. Materijal za Tik tok/07.04/IMG_0224.JPG",156372,"2026-04-06 19:59:22.690415000 +0000"
"/root/Documents/Irf/IRF - PRIRUCNIK ZA IZRADU INV PROJEKATA 2013 - do 50.pdf",274267,"2026-03-02 14:48:59.839611000 +0000"
"/root/Documents/01. DELTA REAL-TIME SSOT GENERATION POPLINE /DELTA_SSOT_SIGNAL_TO_DOCUMENT_GOVERNANCE_MAP.csv",1120,"2026-05-20 20:31:59.610434000 +0000"
"/root/Documents/01. DELTA REAL-TIME SSOT GENERATION POPLINE /README_DELTA_SSOT_SIGNAL_TO_DOCUMENT_GOVERNANCE_MAP.md",866,"2026-05-20 20:34:17.398077000 +0000"
"/root/Documents/TITAN FINAL/01.04/README_GROK_CENTRAL_BRAIN.txt",1005,"2026-04-01 06:08:20.308783383 +0000"
"/root/Documents/TITAN FINAL/01.04/grok_central_brain_exporter.py",5060,"2026-04-01 06:08:05.361011352 +0000"
"/root/Documents/TITAN FINAL/01.04/GROK_CENTRAL_BRAIN_INSTRUCTIONS.txt",1226,"2026-04-01 06:07:43.071621334 +0000"
"/root/Documents/TITAN FINAL/01.04/grok_central_brain_lookup.csv",101680,"2026-04-01 06:08:46.851451390 +0000"
"/root/Documents/TITAN FINAL/01.04/grok_central_brain_lookup.json",260612,"2026-04-01 06:08:34.149353295 +0000"
"/root/Documents/TITAN FINAL/31.03/grok_mutation_generator_safe_only.csv",102514,"2026-03-31 22:22:18.360251555 +0000"
"/root/Documents/TITAN FINAL/31.03/grok_only_step_by_step.txt",630,"2026-03-31 22:05:50.569439358 +0000"
"/root/Documents/TITAN FINAL/31.03/grok_mutation_generator_safe_only.json",143616,"2026-03-31 22:22:26.877688964 +0000"
"/root/Documents/TITAN FINAL/31.03/grok_mutation_generator_candidates.csv",128254,"2026-03-31 22:22:09.354745423 +0000"
"/root/Documents/TITAN FINAL/31.03/grok_automated_mutation_generator.py",22811,"2026-03-31 22:21:53.094996293 +0000"
"/root/Documents/TITAN FINAL/Marija/izvjestaj_Marija_Đurović.pdf",641115,"2026-03-27 09:42:01.227634000 +0000"
"/root/Documents/TITAN FINAL/Marija/Medical Report Analysis and Research.pdf",201454,"2026-03-27 13:32:38.655047182 +0000"
"/root/Documents/TITAN FINAL/Arhiva informacija/07. Gemini analize/Analiza snaga tri firme za EU platformu.pdf",233894,"2026-03-27 14:11:08.764056171 +0000"
"/root/Documents/TITAN FINAL/Arhiva informacija/07. Gemini analize/Kontrola nabavke: Moć u industriji.pdf",200427,"2026-03-27 17:23:06.657353423 +0000"
"/root/Documents/TITAN FINAL/Arhiva informacija/07. Gemini analize/Implementacioni Plan: Od Stabilizacije do Hegemoni....pdf",213181,"2026-03-27 14:46:50.145809043 +0000"
"/root/Documents/TITAN FINAL/Arhiva informacija/07. Gemini analize/ECO + ARS: Komercijalna Ekspanzija i Liderstvo.pdf",178531,"2026-03-27 17:33:19.317123817 +0000"
"/root/Documents/TITAN FINAL/Arhiva informacija/07. Gemini analize/Industrijska Transformacija: Od Haosa Ka Sistemu.pdf",193687,"2026-03-27 17:34:05.933879184 +0000"
"/root/Documents/TITAN FINAL/Arhiva informacija/07. Gemini analize/Strateški Plan za Industrijsku Moć.pdf",208733,"2026-03-27 17:38:28.098977482 +0000"
"/root/Documents/TITAN FINAL/Arhiva informacija/07. Gemini analize/Ljudski kapital: Mikro-koraci za Fabriku.pdf",199249,"2026-03-27 17:21:54.656498136 +0000"
"/root/Documents/TITAN FINAL/Arhiva informacija/07. Gemini analize/Strategija Visoko Svjesnog Bića.pdf",151851,"2026-03-27 17:20:48.292134162 +0000"
"/root/Documents/TITAN FINAL/Arhiva informacija/07. Gemini analize/Poslovni plan za investitora: 20 tačaka.pdf",178246,"2026-03-27 14:43:07.463005959 +0000"
"/root/Documents/TITAN FINAL/Arhiva informacija/07. Gemini analize/Plan Implementacije Industrijske Hegemonije.pdf",182158,"2026-03-27 14:06:29.494346500 +0000"
"/root/Documents/TITAN FINAL/Arhiva informacija/07. Gemini analize/Fabrika: Od Kvaliteta do Transformacije.pdf",212825,"2026-03-27 17:32:18.511185974 +0000"
"/root/Documents/TITAN FINAL/Arhiva informacija/07. Gemini analize/Strateški model akvizicije ECO-a.pdf",242874,"2026-03-27 14:48:40.378642351 +0000"
"/root/Documents/TITAN FINAL/Arhiva informacija/07. Gemini analize/Strateške prilike za industrijsku ekspanziju.pdf",230199,"2026-03-27 14:12:41.143212893 +0000"
"/root/Documents/TITAN FINAL/Arhiva informacija/01. Nesto o bogu/IMG_7750.PNG",314543,"2025-12-07 23:42:16.000000000 +0000"
"/root/Documents/TITAN FINAL/Arhiva informacija/01. Nesto o bogu/IMG_7744.PNG",227687,"2025-12-07 23:39:21.000000000 +0000"
"/root/Documents/TITAN FINAL/Arhiva informacija/01. Nesto o bogu/IMG_7745.PNG",240064,"2025-12-07 23:39:29.000000000 +0000"
"/root/Documents/TITAN FINAL/Arhiva informacija/01. Nesto o bogu/IMG_7751.PNG",289306,"2025-12-07 23:42:30.000000000 +0000"
"/root/Documents/TITAN FINAL/Arhiva informacija/01. Nesto o bogu/IMG_7747.PNG",276093,"2025-12-07 23:39:43.000000000 +0000"
"/root/Documents/TITAN FINAL/Arhiva informacija/01. Nesto o bogu/IMG_7753.PNG",288995,"2025-12-07 23:43:35.000000000 +0000"
"/root/Documents/TITAN FINAL/Arhiva informacija/01. Nesto o bogu/IMG_7752.PNG",287980,"2025-12-07 23:42:45.000000000 +0000"
"/root/Documents/TITAN FINAL/Arhiva informacija/01. Nesto o bogu/IMG_7746.PNG",271881,"2025-12-07 23:39:36.000000000 +0000"
"/root/Documents/TITAN FINAL/Arhiva informacija/01. Nesto o bogu/IMG_7742.PNG",242550,"2025-12-07 23:38:58.000000000 +0000"
"/root/Documents/TITAN FINAL/Arhiva informacija/01. Nesto o bogu/IMG_7756.PNG",226420,"2025-12-07 23:44:55.000000000 +0000"
"/root/Documents/TITAN FINAL/Arhiva informacija/01. Nesto o bogu/IMG_7757.PNG",229425,"2025-12-07 23:45:03.000000000 +0000"
"/root/Documents/TITAN FINAL/Arhiva informacija/01. Nesto o bogu/IMG_7743.PNG",214189,"2025-12-07 23:39:11.000000000 +0000"
"/root/Documents/TITAN FINAL/Arhiva informacija/01. Nesto o bogu/IMG_7755.PNG",246371,"2025-12-07 23:44:46.000000000 +0000"
"/root/Documents/TITAN FINAL/Arhiva informacija/01. Nesto o bogu/IMG_7741.PNG",236121,"2025-12-07 23:38:51.000000000 +0000"
"/root/Documents/TITAN FINAL/Arhiva informacija/01. Nesto o bogu/IMG_7740.PNG",246795,"2025-12-07 23:38:42.000000000 +0000"
"/root/Documents/TITAN FINAL/Arhiva informacija/01. Nesto o bogu/IMG_7754.PNG",236673,"2025-12-07 23:44:33.000000000 +0000"
"/root/Documents/TITAN FINAL/Arhiva informacija/01. Nesto o bogu/IMG_7733.PNG",245000,"2025-12-07 23:30:55.000000000 +0000"
"/root/Documents/TITAN FINAL/Arhiva informacija/01. Nesto o bogu/IMG_7727.PNG",216167,"2025-12-07 23:29:03.000000000 +0000"
"/root/Documents/TITAN FINAL/Arhiva informacija/01. Nesto o bogu/IMG_7726.PNG",238436,"2025-12-07 23:28:40.000000000 +0000"
"/root/Documents/TITAN FINAL/Arhiva informacija/01. Nesto o bogu/IMG_7732.PNG",294342,"2025-12-07 23:30:34.000000000 +0000"
"/root/Documents/TITAN FINAL/Arhiva informacija/01. Nesto o bogu/IMG_7724.PNG",242140,"2025-12-07 23:22:05.000000000 +0000"
"/root/Documents/TITAN FINAL/Arhiva informacija/01. Nesto o bogu/IMG_7730.PNG",227331,"2025-12-07 23:30:01.000000000 +0000"
"/root/Documents/TITAN FINAL/Arhiva informacija/01. Nesto o bogu/IMG_7731.PNG",201176,"2025-12-07 23:30:17.000000000 +0000"
"/root/Documents/TITAN FINAL/Arhiva informacija/01. Nesto o bogu/IMG_7725.PNG",216182,"2025-12-07 23:26:04.000000000 +0000"
"/root/Documents/TITAN FINAL/Arhiva informacija/01. Nesto o bogu/IMG_7735.PNG",251000,"2025-12-07 23:31:35.000000000 +0000"
"/root/Documents/TITAN FINAL/Arhiva informacija/01. Nesto o bogu/IMG_7734.PNG",247469,"2025-12-07 23:31:19.000000000 +0000"
"/root/Documents/TITAN FINAL/Arhiva informacija/01. Nesto o bogu/IMG_7736.PNG",260434,"2025-12-07 23:37:43.000000000 +0000"
"/root/Documents/TITAN FINAL/Arhiva informacija/01. Nesto o bogu/IMG_7723.PNG",209623,"2025-12-07 23:21:48.000000000 +0000"
"/root/Documents/TITAN FINAL/Arhiva informacija/01. Nesto o bogu/IMG_7737.PNG",251390,"2025-12-07 23:38:06.000000000 +0000"
"/root/Documents/TITAN FINAL/Arhiva informacija/01. Nesto o bogu/IMG_7739.PNG",246148,"2025-12-07 23:38:32.000000000 +0000"
"/root/Documents/TITAN FINAL/Arhiva informacija/01. Nesto o bogu/IMG_7738.PNG",236694,"2025-12-07 23:38:17.000000000 +0000"
"/root/Documents/TITAN FINAL/Arhiva informacija/01. Nesto o bogu/IMG_7728.PNG",223743,"2025-12-07 23:29:27.000000000 +0000"
"/root/Documents/TITAN FINAL/Arhiva informacija/01. Nesto o bogu/IMG_7729.PNG",198290,"2025-12-07 23:29:40.000000000 +0000"
"/root/Documents/TITAN FINAL/Arhiva informacija/01. Nesto o bogu/IMG_7759.PNG",235664,"2025-12-07 23:45:18.000000000 +0000"
"/root/Documents/TITAN FINAL/Arhiva informacija/01. Nesto o bogu/IMG_7758.PNG",246695,"2025-12-07 23:45:11.000000000 +0000"
"/root/Documents/TITAN FINAL/Arhiva informacija/01. Nesto o bogu/IMG_7764.PNG",270810,"2025-12-07 23:48:31.000000000 +0000"
"/root/Documents/TITAN FINAL/Arhiva informacija/01. Nesto o bogu/IMG_7763.PNG",246161,"2025-12-07 23:48:00.000000000 +0000"
"/root/Documents/TITAN FINAL/Arhiva informacija/01. Nesto o bogu/IMG_7762.PNG",272949,"2025-12-07 23:46:08.000000000 +0000"
"/root/Documents/TITAN FINAL/Arhiva informacija/01. Nesto o bogu/IMG_7748.PNG",266263,"2025-12-07 23:41:57.000000000 +0000"
"/root/Documents/TITAN FINAL/Arhiva informacija/01. Nesto o bogu/IMG_7760.PNG",253198,"2025-12-07 23:45:26.000000000 +0000"
"/root/Documents/TITAN FINAL/Arhiva informacija/01. Nesto o bogu/IMG_7761.PNG",248264,"2025-12-07 23:45:51.000000000 +0000"
"/root/Documents/TITAN FINAL/Arhiva informacija/01. Nesto o bogu/IMG_7749.PNG",367763,"2025-12-07 23:42:08.000000000 +0000"
"/root/Documents/TITAN FINAL/29.03/Irf investicioni plan.pdf",2272128,"2026-03-29 03:53:29.760082014 +0000"
"/root/Documents/TITAN FINAL/28.03/Memory Update and Conversation Synthesis.pdf",274267,"2026-03-02 14:48:59.839611000 +0000"
"/root/Documents/TITAN FINAL/03.03/04.04/Assignment tracker.pdf",125990,"2026-04-04 12:56:53.408111920 +0000"
"/root/Documents/TITAN FINAL/03.03/grok_payload_v6_2.py",2674,"2026-04-03 12:20:43.551282597 +0000"
"/root/Documents/TITAN FINAL/03.03/titan_central_brain_v6_1_generator.py",30287,"2026-05-10 11:10:22.018186295 +0000"
"/root/Documents/TITAN FINAL/03.03/README.md",883,"2026-04-03 07:29:05.000000000 +0000"
"/root/Documents/TITAN FINAL/03.03/grok_payload_v6_2.json",2654,"2026-04-03 12:20:32.820883418 +0000"
"/root/Documents/TITAN FINAL/03.03/build_control_tower_v1.py",526,"2026-04-03 07:31:31.922424767 +0000"
"/root/Documents/TITAN FINAL/27.03/TITAN_IC_Memo.pdf",2154,"2026-03-28 02:00:12.853081920 +0000"
"/root/Documents/TITAN FINAL/27.03/TITAN_Data_Room_v6_3_Automated/AUTOMATE_ALL_DOCUMENTS.py",1089,"2026-03-27 06:21:24.000000000 +0000"
"/root/Documents/TITAN FINAL/27.03/TITAN_Data_Room_v6_3_Automated/README_AUTOMATION.md",893,"2026-03-27 06:21:24.000000000 +0000"
"/root/Documents/TITAN FINAL/27.03/TITAN_IC_Memo_Annex.pdf",2445,"2026-03-28 02:05:51.329593244 +0000"
"/root/Documents/TITAN FINAL/27.03/TITAN_IC_Memo_FINAL.pdf",3726,"2026-03-28 02:02:27.368267752 +0000"
"/root/Documents/TITAN FINAL/27.03/TITAN_v5_0_board_ic_dashboard_upgrade.py",19294,"2026-03-28 01:58:35.590047057 +0000"
"/root/Documents/TITAN FINAL/27.03/TITAN_Investment_Memo_v6_2.pdf",13593,"2026-03-27 10:14:40.471003817 +0000"
"/root/Documents/0000000000000/vDR/Kopija Plana.pdf",1233716,"2026-02-05 22:47:25.669296799 +0000"
"/root/Documents/0000000000000/TITANGRID_DELTA_888_DIGITAL_TRANSFORMER.py",47757,"2026-05-13 20:19:46.270187530 +0000"
"/root/Documents/0000000000000/DANASSSSS/001. INVESTICIONI PLAN IRF kopyası.pdf",589579,"2026-04-06 02:15:40.967809603 +0000"
"/root/Documents/0000000000000/DANASSSSS/Izjava o Uskladjivanju-pp.pdf",274045,"2026-05-05 14:50:04.240449297 +0000"
"/root/Documents/0000000000000/DANASSSSS/Analiza snaga tri firme za EU platformu.pdf",233894,"2026-03-27 14:11:08.764056171 +0000"
"/root/Documents/0000000000000/DANASSSSS/00_Cover_Letter_EBRD.pdf.pdf",1012235,"2026-03-22 16:28:25.341005854 +0000"
"/root/Documents/0000000000000/DANASSSSS/study trial.pdf",6291288,"2026-04-06 23:57:19.671860949 +0000"
"/root/Documents/0000000000000/DANASSSSS/PHOTO-2026-04-06-07-59-08.jpg",311307,"2026-04-06 05:59:09.558066054 +0000"
"/root/Documents/0000000000000/DANASSSSS/Poslovni plan za investitora 20 tačaka.pdf",178246,"2026-03-27 14:43:07.463005959 +0000"
"/root/Documents/0000000000000/DANASSSSS/SA 2025.pdf",225732,"2026-02-06 07:58:57.095160000 +0000"
"/root/Documents/0000000000000/DANASSSSS/srkretarijat za Urbanizam - Rešenje 07-322-25-8472-1 od 26.11.2025.pdf",1783954,"2026-05-05 14:36:47.020139396 +0000"
"/root/Documents/0000000000000/DANASSSSS/CRPS 4 Rjesenje Uskladjivanje +Promjena Dir.pdf",143827,"2026-05-05 14:50:04.156800689 +0000"
"/root/Documents/0000000000000/DANASSSSS/text 4.txt",55,"2026-05-18 13:31:59.554563158 +0000"
"/root/Documents/0000000000000/DANASSSSS/ARS 24.pdf.pdf",124468,"2026-05-05 14:39:11.199945032 +0000"
"/root/Documents/0000000000000/DANASSSSS/text 5.txt",55,"2026-05-18 14:01:58.968845259 +0000"
"/root/Documents/0000000000000/DANASSSSS/Implementacioni Plan Od Stabilizacije do Hegemoni....pdf",213181,"2026-03-27 14:46:50.145809043 +0000"
"/root/Documents/0000000000000/DANASSSSS/01.1_DSCR.pdf",1024047,"2026-03-22 16:28:25.322343878 +0000"
"/root/Documents/0000000000000/DANASSSSS/Eco Transformer doo- analitical card.pdf",523190,"2025-12-16 10:17:23.184845639 +0000"
"/root/Documents/0000000000000/DANASSSSS/ARS 25.pdf.pdf",125608,"2026-05-05 14:39:19.073944284 +0000"
"/root/Documents/0000000000000/DANASSSSS/Industrijska Transformacija Od Haosa Ka Sistemu.pdf",193687,"2026-03-27 17:34:05.933879184 +0000"
"/root/Documents/0000000000000/DANASSSSS/ECO + ARS Komercijalna Ekspanzija i Liderstvo.pdf",178531,"2026-03-27 17:33:19.317123817 +0000"
"/root/Documents/0000000000000/DANASSSSS/Assignment tracker.pdf",125990,"2026-04-04 12:56:53.408111920 +0000"
"/root/Documents/0000000000000/DANASSSSS/text 2.txt",55,"2026-05-18 13:31:26.405074735 +0000"
"/root/Documents/0000000000000/DANASSSSS/grok_mutation_generator_safe_only.csv",102514,"2026-03-31 22:22:18.360251555 +0000"
"/root/Documents/0000000000000/DANASSSSS/text 3.txt",55,"2026-05-18 13:31:44.973783475 +0000"
"/root/Documents/0000000000000/DANASSSSS/00_Cover_Letter_EIB.pdf.pdf",1010249,"2026-03-22 16:28:25.337491124 +0000"
"/root/Documents/0000000000000/DANASSSSS/ADS GAZETE SON.pdf",40696,"2026-05-09 14:51:00.833569913 +0000"
"/root/Documents/0000000000000/DANASSSSS/IRF - PRIRUCNIK ZA IZRADU INV PROJEKATA 2013 - do 50.pdf",274267,"2026-03-02 14:48:59.839611000 +0000"
"/root/Documents/0000000000000/DANASSSSS/Titan_Grid_v52_Credit_Committee_Pack.pdf",1215615,"2026-03-25 23:52:56.376382627 +0000"
"/root/Documents/0000000000000/DANASSSSS/ADS İMZA SİRKÜSÜ 2027.pdf",3519079,"2026-05-09 14:51:01.107755893 +0000"
"/root/Documents/0000000000000/DANASSSSS/Saglasnost Imenovanje Ovl.Zastup.-pp.pdf",189110,"2026-05-05 14:50:04.238134595 +0000"
"/root/Documents/0000000000000/DANASSSSS/rjesenje.pdf",881580,"2025-12-16 13:27:26.611124868 +0000"
"/root/Documents/0000000000000/DANASSSSS/TITAN_GRID_Risk_Allocation_Matrix_Annex.pdf",53829,"2026-04-20 18:17:16.977072827 +0000"
"/root/Documents/0000000000000/DANASSSSS/FIN-2.2 CAPEX Schedule – Capital Deployment Strategy.pdf",1416685,"2026-03-25 19:26:22.519334564 +0000"
"/root/Documents/0000000000000/DANASSSSS/Odluka o promjeni Kontakta-pp.pdf",271986,"2026-05-05 14:50:04.242461959 +0000"
"/root/Documents/0000000000000/DANASSSSS/Ljudski kapital Mikro-koraci za Fabriku.pdf",199249,"2026-03-27 17:21:54.656498136 +0000"
"/root/Documents/0000000000000/DANASSSSS/PHOTO-2026-03-22-23-40-42.jpg",311210,"2026-03-22 22:56:09.462118929 +0000"
"/root/Documents/0000000000000/DANASSSSS/01.4_Security.pdf",1095581,"2026-03-22 16:28:25.352181205 +0000"
"/root/Documents/0000000000000/DANASSSSS/ads vl 2025.pdf",71412,"2026-05-09 14:51:00.867880135 +0000"
"/root/Documents/0000000000000/DANASSSSS/Preliminary Information Memorandum (PIM) .pdf",2256607,"2026-03-24 17:20:30.020050396 +0000"
"/root/Documents/0000000000000/DANASSSSS/FIN-2.4 OPERATIVNI TROŠKOVI I MATRICA RADNE SNAGE (OPEX & LABOR).pdf",1042535,"2026-03-25 19:26:21.665238789 +0000"
"/root/Documents/0000000000000/DANASSSSS/ARS 23.pdf.pdf",124140,"2026-05-05 14:39:00.350860175 +0000"
"/root/Documents/0000000000000/DANASSSSS/01.2_Stress_Test.pdf",1034809,"2026-03-22 16:28:25.356359140 +0000"
"/root/Documents/0000000000000/DANASSSSS/FIN-2.2 CAPEX Schedule .pdf",1417042,"2026-03-25 19:26:22.351482283 +0000"
"/root/Documents/0000000000000/DANASSSSS/FIN-2.5 Energy Arbitrage (1.4 MWp).pdf",1003116,"2026-03-25 19:26:21.674989022 +0000"
"/root/Documents/0000000000000/DANASSSSS/FIN-2.1 Executive Financial Dashboard.pdf",1246560,"2026-03-25 19:26:22.464436436 +0000"
"/root/Documents/0000000000000/DANASSSSS/BU 2025.pdf",223848,"2026-05-05 14:41:18.163638321 +0000"
"/root/Documents/0000000000000/DANASSSSS/BU 2024.pdf",236289,"2026-05-05 14:41:27.606189174 +0000"
"/root/Documents/0000000000000/DANASSSSS/Strateški Plan za Industrijsku Moć.pdf",208733,"2026-03-27 17:38:28.098977482 +0000"
"/root/Documents/0000000000000/DANASSSSS/README.md",883,"2026-04-03 07:29:05.000000000 +0000"
"/root/Documents/0000000000000/DANASSSSS/Kontrola nabavke Moć u industriji.pdf",200427,"2026-03-27 17:23:06.657353423 +0000"
"/root/Documents/0000000000000/DANASSSSS/Strategija Visoko Svjesnog Bića.pdf",151851,"2026-03-27 17:20:48.292134162 +0000"
"/root/Documents/0000000000000/DANASSSSS/00_STRATESKI_MEMORANDUM_Vlada_CG.pdf.pdf",1009394,"2026-03-22 16:28:25.348525602 +0000"
"/root/Documents/0000000000000/DANASSSSS/PHOTO-2026-04-20-09-17-46.jpg",44012,"2026-02-17 14:06:08.762941292 +0000"
"/root/Documents/0000000000000/DANASSSSS/Odluka o imenovanju Ovl.Zastup.-pp.pdf",184866,"2026-05-05 14:50:04.192604343 +0000"
"/root/Documents/0000000000000/DANASSSSS/BU 2023.pdf",232213,"2026-05-05 14:41:35.485722619 +0000"
"/root/Documents/0000000000000/DANASSSSS/text.txt",55,"2026-05-18 13:29:59.610342976 +0000"
"/root/Documents/0000000000000/DANASSSSS/ORG-001_Project_Concept_Note.pdf (3).pdf",658434,"2026-03-24 12:39:39.995679031 +0000"
"/root/Documents/0000000000000/DANASSSSS/CRPS 4 Izvod sa SVIM podaci.pdf",253176,"2026-05-05 14:50:04.385257116 +0000"
"/root/Documents/0000000000000/DANASSSSS/01.3_Pass-Through.pdf",1029294,"2026-03-22 16:28:25.304819313 +0000"
"/root/Documents/0000000000000/DANASSSSS/Plan Implementacije Industrijske Hegemonije.pdf",182158,"2026-03-27 14:06:29.494346500 +0000"
"/root/Documents/0000000000000/DANASSSSS/Odluka o promjeni Prefiksa-pp.pdf",268805,"2026-05-05 14:50:04.197534871 +0000"
"/root/Documents/0000000000000/DANASSSSS/FIN-2.1 EXECUTIVE FINANCIAL DASHBOARD (PREGLED).pdf",926816,"2026-03-25 19:26:21.561796745 +0000"
"/root/Documents/0000000000000/DANASSSSS/Odluka o usvajanju novog Statuta-pp.pdf",188298,"2026-05-05 14:50:04.269284095 +0000"
"/root/Documents/0000000000000/DANASSSSS/BS 2023.pdf",245981,"2026-05-05 14:42:29.045030377 +0000"
"/root/Documents/0000000000000/DANASSSSS/01.5_Velocity.pdf",1013625,"2026-03-22 16:28:25.349275764 +0000"
"/root/Documents/0000000000000/DANASSSSS/TITAN_GRID_v5_Full_Lender_Closing_Book.pdf",26406,"2026-03-23 04:14:37.383769922 +0000"
"/root/Documents/0000000000000/DANASSSSS/PHOTO-2026-04-06-07-59-05.jpg",108449,"2026-04-06 05:59:06.480025919 +0000"
"/root/Documents/0000000000000/DANASSSSS/PHOTO-2026-04-06-07-59-07.jpg",183114,"2026-04-06 05:59:07.521823220 +0000"
"/root/Documents/0000000000000/DANASSSSS/FIN-2.4 OPEX & Labor Matrix.pdf",1034076,"2026-03-25 19:26:21.601709797 +0000"
"/root/Documents/0000000000000/DANASSSSS/Statut (mne+eng)-pp.pdf",998981,"2026-05-05 14:50:04.259868537 +0000"
"/root/Documents/0000000000000/DANASSSSS/Strateški model akvizicije ECO-a.pdf",242874,"2026-03-27 14:48:40.378642351 +0000"
"/root/Documents/0000000000000/DANASSSSS/Kopija Plana.pdf",1233716,"2026-02-05 22:47:25.669296799 +0000"
"/root/Documents/0000000000000/DANASSSSS/Saglasnost Imenovanje Direktora-pp.pdf",188881,"2026-05-05 14:50:04.273965707 +0000"
"/root/Documents/0000000000000/DANASSSSS/Strateške prilike za industrijsku ekspanziju.pdf",230199,"2026-03-27 14:12:41.143212893 +0000"
"/root/Documents/Titan grid/Prezentacija/Osnovna dokument/CFO REPORT 2023 BILANS STANJA I USPJEHA.pdf",2578060,"2026-01-22 09:59:34.480875362 +0000"
"/root/Documents/Titan grid/Prezentacija/Osnovna dokument/List Nepokretnosti 3301.pdf",374684,"2026-02-02 11:55:19.155633514 +0000"
"/root/Documents/Titan grid/Prezentacija/Osnovna dokument/BILANSI FINAL 2024.pdf",5528864,"2026-01-22 12:54:30.410925281 +0000"
"/root/Documents/Titan grid/Prezentacija/Osnovna dokument/REŠENJE O PIB-U ADS METAL INDUSTRIES.pdf",218653,"2025-12-06 12:30:38.150819459 +0000"
"/root/Documents/Titan grid/Prezentacija/Osnovna dokument/Rješenje o registraciji - ARS METAL INDUSTRIES DOO Podgorica.pdf",288759,"2025-12-06 12:30:48.634100664 +0000"
"/root/Documents/Titan grid/Prezentacija/Osnovna dokument/012. DECEMBAR 2025.pdf",7238043,"2026-01-26 13:31:31.701555249 +0000"
"/root/Documents/Titan grid/Prezentacija/Osnovna dokument/Kopija Plana.pdf",1233716,"2026-02-05 22:47:25.669296799 +0000"
"/root/Documents/Titan grid/Prezentacija/1 (1).pdf",2901416,"2026-03-24 17:20:30.069597859 +0000"
"/root/Documents/Titan grid/Prezentacija/Preliminary Information Memorandum (PIM) .pdf",2256607,"2026-03-24 17:20:30.020050396 +0000"
"/root/Documents/Titan grid/Prezentacija/Nove kalkulacija  24.03/MAREL_Lead_Magnet_eBook.pdf",6280,"2026-03-25 00:33:12.352672328 +0000"
"/root/Documents/Titan grid/Prezentacija/Nove kalkulacija  24.03/MAREL_Ecosystem_Guide.pdf",2237,"2026-03-25 00:25:56.988660134 +0000"
"/root/Documents/Titan grid/Prezentacija/Nove kalkulacija  24.03/MAREL_Ecosystem_eBook.pdf",8337,"2026-03-25 00:30:40.828520778 +0000"
"/root/Documents/Titan grid/Onur/00_Cover_Letter_EBRD.pdf.pdf",1012235,"2026-03-22 16:28:25.341005854 +0000"
"/root/Documents/Titan grid/Onur/01.1_DSCR.pdf",1024047,"2026-03-22 16:28:25.322343878 +0000"
"/root/Documents/Titan grid/Onur/FIN-2.5 ENERGETSKA ARBITRAŽA I SOLARNI PRINOS (LCOE MODEL).pdf",1031737,"2026-03-25 19:26:21.656099927 +0000"
"/root/Documents/Titan grid/Onur/FIN-2.4 OPEX & Labor Matrix .pdf",1581096,"2026-03-25 19:26:21.921537996 +0000"
"/root/Documents/Titan grid/Onur/00_Cover_Letter_EIB.pdf.pdf",1010249,"2026-03-22 16:28:25.337491124 +0000"
"/root/Documents/Titan grid/Onur/FIN-2.2 CAPEX Schedule – Capital Deployment Strategy.pdf",1416685,"2026-03-25 19:26:22.519334564 +0000"
"/root/Documents/Titan grid/Onur/FIN-2.2 CAPEX Schedule – Capital Deployment Strategy..pdf",1416685,"2026-03-25 19:26:22.504015281 +0000"
"/root/Documents/Titan grid/Onur/01.4_Security.pdf",1095581,"2026-03-22 16:28:25.352181205 +0000"
"/root/Documents/Titan grid/Onur/FIN-2.4 OPERATIVNI TROŠKOVI I MATRICA RADNE SNAGE (OPEX & LABOR).pdf",1042535,"2026-03-25 19:26:21.665238789 +0000"
"/root/Documents/Titan grid/Onur/01.2_Stress_Test.pdf",1034809,"2026-03-22 16:28:25.356359140 +0000"
"/root/Documents/Titan grid/Onur/FIN-2.2 CAPEX Schedule .pdf",1417042,"2026-03-25 19:26:22.351482283 +0000"
"/root/Documents/Titan grid/Onur/FIN-2.5 Energy Arbitrage (1.4 MWp).pdf",1003116,"2026-03-25 19:26:21.674989022 +0000"
"/root/Documents/Titan grid/Onur/FIN-2.1 Executive Financial Dashboard.pdf",1246560,"2026-03-25 19:26:22.464436436 +0000"
"/root/Documents/Titan grid/Onur/00_STRATESKI_MEMORANDUM_OPSTINA_TUZI_TITAN_GRID.pdf.pdf",1007146,"2026-03-22 16:28:25.310462281 +0000"
"/root/Documents/Titan grid/Onur/00_STRATESKI_MEMORANDUM_Vlada_CG.pdf.pdf",1009394,"2026-03-22 16:28:25.348525602 +0000"
"/root/Documents/Titan grid/Onur/01.3_Pass-Through.pdf",1029294,"2026-03-22 16:28:25.304819313 +0000"
"/root/Documents/Titan grid/Onur/FIN-2.1 EXECUTIVE FINANCIAL DASHBOARD (PREGLED).pdf",926816,"2026-03-25 19:26:21.561796745 +0000"
"/root/Documents/Titan grid/Onur/FIN-2.4 OPEX & Labor Matrix.pdf",1034076,"2026-03-25 19:26:21.601709797 +0000"
"/root/Documents/FINAL_SEND_PACKAGE_TITAN1_2026-05-10/ACTIVE_DOCUMENT_REGISTRY.json",737,"2026-05-11 06:52:16.785921534 +0000"
"/root/Documents/FINAL_SEND_PACKAGE_TITAN1_2026-05-10/README_TITAN1_FINAL_PACKAGE.txt",486,"2026-05-11 06:52:16.879573735 +0000"
"/root/Documents/FINAL_SEND_PACKAGE_TITAN1_2026-05-10/HASH_LEDGER.txt",421,"2026-05-11 06:52:16.855934873 +0000"
"/root/Documents/O02 chatgbt /FIN-2.5 ENERGETSKA ARBITRAŽA I SOLARNI PRINOS (LCOE MODEL).pdf",1031737,"2026-03-25 19:26:21.656099927 +0000"
"/root/Documents/O02 chatgbt /Kontrola nabavke: Moć u industriji.pdf",200427,"2026-03-27 17:23:06.657353423 +0000"
"/root/Documents/O02 chatgbt /Irf investicioni plan.pdf",2272128,"2026-03-29 03:53:29.760082014 +0000"
"/root/Documents/O02 chatgbt /Strateški Plan za Industrijsku Moć.pdf",208733,"2026-03-27 17:38:28.098977482 +0000"
"/root/Documents/O02 chatgbt /Novo harvest /TITAN_UPLOAD_PDF_HARVEST_100_888_SUMMARY.json",584,"2026-05-05 02:14:25.308784290 +0000"
"/root/Documents/O02 chatgbt /Novo harvest /TITAN_UPLOAD_PDF_HARVEST_100_888.md",2454,"2026-05-05 02:13:59.316632700 +0000"
"/root/Documents/O02 chatgbt /Strateške prilike za industrijsku ekspanziju.pdf",230199,"2026-03-27 14:12:41.143212893 +0000"
"/root/Documents/titan1_light_harmonizer.py",2257,"2026-05-10 11:41:28.322535412 +0000"
"/root/Documents/Sistem final /01_discover_files_v9_AUDIT_LOCKED.py",75998,"2026-05-01 23:34:19.881223000 +0000"
"/root/Documents/Sistem final /TITAN_MASTER_SSOT_v1.0.pdf",15425,"2026-04-26 17:14:07.043290528 +0000"
"/root/Documents/Sistem final /01_discover_files_v8_AUDIT_LOCKED.py",68398,"2026-05-01 23:34:19.917139000 +0000"
"/root/Documents/Sistem final /01_discover_files_v8_1_AUDIT_LOCKED.py",72224,"2026-05-01 23:34:19.914827000 +0000"
"/root/Documents/001. Zakoni i regulative/zakon-o-radu.pdf",543796,"2026-02-02 19:40:39.310855081 +0000"
"/root/Documents/001. Zakoni i regulative/zakon-o-izgradnji-objekata.pdf",350283,"2026-02-02 19:42:12.111048697 +0000"
"/root/Documents/001. Zakoni i regulative/Zakon_o_privrednim_drustvima_2025.pdf",1294781,"2026-01-29 20:17:00.537514816 +0000"
"/root/Documents/extract_titan1_deep_harvest.py",2698,"2026-05-10 11:52:57.380263533 +0000"
"/root/Documents/.Trash/00_Cover_Letter_EBRD.pdf.pdf",1012235,"2026-03-22 16:28:25.341005854 +0000"
"/root/Documents/.Trash/PUNA_MAPA.txt",71143,"2026-05-10 10:36:34.000000000 +0000"
"/root/Documents/.Trash/SVE_OSJETLJIVO.txt",0,"2026-05-10 10:41:00.000000000 +0000"
"/root/Documents/.Trash/MAPA_CIJELOG_UREDAJA.txt",48542,"2026-05-10 10:36:02.000000000 +0000"
"/root/Documents/.Trash/02. Neki LinkedIn postovi/D34B80BA-9E01-455D-8EF2-2242CC6A441E.PNG",2157836,"2025-12-10 01:10:00.000000000 +0000"
"/root/Documents/.Trash/02. Neki LinkedIn postovi/3720A27F-37A1-419A-9F19-22CAADBE0B85.PNG",2459709,"2025-12-10 01:55:40.000000000 +0000"
"/root/Documents/.Trash/02. Neki LinkedIn postovi/4BD9FFF8-142D-4578-AB95-F8D74685F7A7.PNG",1576071,"2025-12-09 22:50:42.000000000 +0000"
"/root/Documents/.Trash/02. Neki LinkedIn postovi/6A21C8E2-86A9-43A3-B3A1-325AB952A472.PNG",2128810,"2025-12-10 01:42:06.000000000 +0000"
"/root/Documents/.Trash/02. Neki LinkedIn postovi/89A4CB56-5144-42FA-9AF8-7BEA6F922B08 2.PNG",2439212,"2025-12-10 01:37:07.000000000 +0000"
"/root/Documents/.Trash/02. Neki LinkedIn postovi/D4084BAF-7BAF-43B5-BD19-9EEAD1B8AAAB.PNG",2185245,"2025-12-09 23:00:30.000000000 +0000"
"/root/Documents/.Trash/02. Neki LinkedIn postovi/C458E6CE-50EF-473F-BDA2-335461AD6690.PNG",2675995,"2025-12-09 23:28:38.000000000 +0000"
"/root/Documents/.Trash/02. Neki LinkedIn postovi/F9AF67D5-F251-4B0B-A6B7-B2580117A65E.PNG",2332844,"2025-12-10 01:18:26.000000000 +0000"
"/root/Documents/.Trash/02. Neki LinkedIn postovi/89F3EFF6-2ACE-4FA0-AFB9-3B473612E10D.PNG",2973074,"2025-12-10 00:25:50.000000000 +0000"
"/root/Documents/.Trash/02. Neki LinkedIn postovi/6F217806-0859-4E2D-8E73-9280530C4748.PNG",2455765,"2025-12-09 23:20:19.000000000 +0000"
"/root/Documents/.Trash/02. Neki LinkedIn postovi/375274A3-F66B-48C3-A123-5FE824A3DAA3.PNG",2225132,"2025-12-09 23:09:30.000000000 +0000"
"/root/Documents/.Trash/02. Neki LinkedIn postovi/68173AD2-A58D-4558-ABAE-72DA49B51182.PNG",2466458,"2025-12-10 00:59:47.000000000 +0000"
"/root/Documents/.Trash/02. Neki LinkedIn postovi/A0208FDE-8356-461D-BABD-0A1B02A13750.PNG",2258312,"2025-12-10 02:19:04.000000000 +0000"
"/root/Documents/.Trash/02. Neki LinkedIn postovi/019E3534-B752-4B3D-90AD-0EDCA1715F75.PNG",2044681,"2025-12-10 00:53:19.000000000 +0000"
"/root/Documents/.Trash/02. Neki LinkedIn postovi/74A1BBDE-6E37-45E1-9CA7-6B17A20EB394.PNG",2551675,"2025-12-09 23:46:54.000000000 +0000"
"/root/Documents/.Trash/02. Neki LinkedIn postovi/177090be-b370-4776-8478-385ab2981914.JPG",133058,"2025-12-09 22:54:58.628433000 +0000"
"/root/Documents/.Trash/02. Neki LinkedIn postovi/1AA31326-455A-4EBF-8F6A-D9796C33D5DC.PNG",2745297,"2025-12-09 23:58:14.000000000 +0000"
"/root/Documents/.Trash/02. Neki LinkedIn postovi/B1DB1D6F-9107-4CE7-802F-E757E641FCAF.PNG",2054480,"2025-12-09 22:30:45.000000000 +0000"
"/root/Documents/.Trash/02. Neki LinkedIn postovi/A62C59F7-DF87-4BC6-903C-28C2114612B7.PNG",2186387,"2025-12-09 22:54:11.000000000 +0000"
"/root/Documents/.Trash/02. Neki LinkedIn postovi/89A4CB56-5144-42FA-9AF8-7BEA6F922B08.PNG",2439212,"2025-12-10 01:27:31.000000000 +0000"
"/root/Documents/.Trash/02. Neki LinkedIn postovi/0007141C-6DD0-42E3-8F4E-C3353D3423BB.PNG",2645428,"2025-12-10 00:06:12.000000000 +0000"
"/root/Documents/.Trash/02. Neki LinkedIn postovi/9BE23F54-EEE0-40C6-9960-2D64E03E4D59.PNG",2295755,"2025-12-09 22:52:14.000000000 +0000"
"/root/Documents/.Trash/02. Neki LinkedIn postovi/7A63DD09-7BD1-486C-9473-D9952189D8A6.PNG",2416302,"2025-12-10 00:24:17.000000000 +0000"
"/root/Documents/.Trash/02. Neki LinkedIn postovi/74A869FD-82FD-4ED3-B456-868B52EB5496.PNG",2439092,"2025-12-09 23:39:00.000000000 +0000"
"/root/Documents/.Trash/02. Neki LinkedIn postovi/454E7C1E-8AB4-4C39-91B5-71638E83465A.PNG",2646253,"2025-12-10 02:01:46.000000000 +0000"
"/root/Documents/.Trash/TITAN_GRID_v5_Full_Lender_Closing_Book.pdf",26406,"2026-03-23 04:14:37.383769922 +0000"
"/root/Documents/.Trash/Strateške prilike za industrijsku ekspanziju.pdf",230199,"2026-03-27 14:12:41.143212893 +0000"
"/root/Documents/003. PPP/titan_grid_vdr_enterprise_v3_4.py",62981,"2026-04-21 05:44:17.193510543 +0000"
"/root/Documents/003. PPP/TITAN_GRID_PPP_Concept_Note_v2.1.pdf",11179,"2026-04-20 16:57:08.603155349 +0000"
"/root/Documents/003. PPP/Montenegro_PPP_Framework_Analysis.pdf",20334,"2026-04-20 16:03:49.780608113 +0000"
"/root/Documents/003. PPP/TITAN_GRID_Risk_Allocation_Matrix_Annex.pdf",53829,"2026-04-20 18:17:16.977072827 +0000"
"/root/Documents/003. PPP/TITAN_GRID_PPP_Concept_Note_v2.pdf",10589,"2026-04-20 16:53:43.838737234 +0000"
"/root/Documents/003. PPP/titan_grid_v5_max_pojaczony.py",65772,"2026-04-24 15:38:41.271899830 +0000"
"/root/Documents/003. PPP/TITAN_GRID_Decision_Brief.pdf",3767,"2026-04-20 17:02:55.861181881 +0000"
"/root/Documents/003. PPP/TITAN_GRID_Decision_Brief_v1.6.pdf",56367,"2026-04-20 17:58:12.671642141 +0000"
"/root/Documents/003. PPP/titan_grid_vdr_ultimate_final_clean.py",25946,"2026-04-21 05:31:37.020977373 +0000"
"/root/Documents/003. PPP/TITAN_GRID_PPP_Concept_Note.pdf",9273,"2026-04-20 16:48:28.596964420 +0000"
"/root/Documents/004. Extrakcije iz chatova/4.md",13420,"2026-05-06 06:58:14.690551551 +0000"
"/root/Documents/004. Extrakcije iz chatova/TITAN_DEEP_FORENSIC_CONTEXT_EXTRACTION_RAG_READY_v2.md",35968,"2026-05-06 06:49:36.484403116 +0000"
"/root/Documents/004. Extrakcije iz chatova/3.md",13420,"2026-05-06 06:57:36.537744243 +0000"
"/root/Documents/004. Extrakcije iz chatova/2.md",32025,"2026-05-06 06:53:59.510047641 +0000"
"/root/Documents/TITAN1_DEEP_HARVEST_20260510_1153/TITAN1_DEEP_SIGNALS.json",378026,"2026-05-10 12:28:56.132355367 +0000"
"/root/IPHONE_LOCAL_STATIC_CENSUS_20260519_082140/03_TITAN_SIGNAL_FILES.txt",36781,"2026-05-19 08:21:50.627738025 +0000"
"/root/IPHONE_LOCAL_STATIC_CENSUS_20260519_082140/04_ARCHIVES_DO_NOT_UNZIP.txt",6184,"2026-05-19 08:21:53.911625431 +0000"
"/root/IPHONE_LOCAL_STATIC_CENSUS_20260519_082140/01_DIRECTORIES_MAXDEPTH6.txt",13153,"2026-05-19 08:21:44.018858003 +0000"
"/root/IPHONE_LOCAL_STATIC_CENSUS_20260519_082140/02_FILES_MAXDEPTH6.txt",126809,"2026-05-19 08:21:47.208804412 +0000"
"/root/IPHONE_LOCAL_STATIC_CENSUS_20260519_082140/05_REPORT_SHA256_REGISTER.txt",567,"2026-05-19 08:22:48.754427250 +0000"
"/root/DELTA_UNITY_ENGINE_v1_7.py",6110,"2026-05-14 08:45:15.122245206 +0000"
"/root/ISH_003_PROJECT_LAYER_STATIC_CENSUS_20260523_183737/ISH_003_PROJECT_FILES_REGISTER.csv",196379,"2026-05-23 18:38:10.548046560 +0000"
"/root/ISH_003_PROJECT_LAYER_STATIC_CENSUS_20260523_183737/ISH_003_STATUS.txt",493,"2026-05-23 18:38:10.611779852 +0000"
"/root/ISH_003_PROJECT_LAYER_STATIC_CENSUS_20260523_183737/TARGET_PATHS.txt",121,"2026-05-23 18:37:37.918381068 +0000"
"/root/ISH_003_PROJECT_LAYER_STATIC_CENSUS_20260523_183737/ISH_003_HASH_REGISTER.txt",159,"2026-05-23 18:38:10.586023853 +0000"
"/root/DELTA_LENOVO_CENTRAL/04_CORE_CANDIDATE_REVIEW/CORE_SHA256.txt",139,"2026-05-15 11:29:37.735464673 +0000"
"/root/DELTA_LENOVO_CENTRAL/04_CORE_CANDIDATE_REVIEW/CORE_FILE_INFO.txt",128,"2026-05-15 11:29:37.707294030 +0000"
"/root/DELTA_LENOVO_CENTRAL/04_CORE_CANDIDATE_REVIEW/CORE_RUNTIME_RISK_SCAN.txt",3039,"2026-05-15 11:29:38.547215829 +0000"
"/root/DELTA_LENOVO_CENTRAL/04_CORE_CANDIDATE_REVIEW/CORE_FUNCTION_CLASS_MAP.txt",2982,"2026-05-15 11:29:37.761128735 +0000"
"/root/DELTA_LENOVO_CENTRAL/01_HASH_REGISTERS/IPHONE_NOTES_PRIORITY_SHA256_REGISTER.txt",68,"2026-05-15 09:01:14.805530413 +0000"
"/root/DELTA_LENOVO_CENTRAL/50_HARMONIZATION/DELTA_HARMONIZATION_STATUS.txt",845,"2026-05-15 11:41:01.421481639 +0000"
"/root/DELTA_LENOVO_CENTRAL/50_HARMONIZATION/DELTA_HARMONIZATION_STATUS.sha256.txt",141,"2026-05-15 11:41:02.315887821 +0000"
"/root/DELTA_LENOVO_CENTRAL/02_INDEX/IPHONE_NOTES_PRIORITY_INDEX.txt",0,"2026-05-15 09:01:14.783920432 +0000"
"/root/DELTA_LENOVO_CENTRAL/03_SCRIPT_INVENTORY/IPHONE_SCRIPT_SHA256_REGISTER.txt",6267,"2026-05-15 09:04:00.208687597 +0000"
"/root/DELTA_LENOVO_CENTRAL/03_SCRIPT_INVENTORY/IPHONE_SCRIPT_FILE_INDEX.txt",3231,"2026-05-15 09:03:47.651627267 +0000"
"/root/DELTA_LENOVO_CENTRAL/03_SCRIPT_INVENTORY/IPHONE_SCRIPT_SIGNAL_SCAN.txt",27111,"2026-05-15 09:04:27.503820236 +0000"
"/root/DELTA_LENOVO_CENTRAL/00_IPHONE_INTAKE/002. Materijal za Tik tok/07.04/IMG_0229.JPG",141516,"2026-04-06 20:01:20.000000000 +0000"
"/root/DELTA_LENOVO_CENTRAL/00_IPHONE_INTAKE/002. Materijal za Tik tok/07.04/IMG_0215.JPG",175938,"2026-04-06 19:52:28.000000000 +0000"
"/root/DELTA_LENOVO_CENTRAL/00_IPHONE_INTAKE/002. Materijal za Tik tok/07.04/IMG_0017.JPG",213740,"2026-04-01 14:07:13.000000000 +0000"
"/root/DELTA_LENOVO_CENTRAL/00_IPHONE_INTAKE/002. Materijal za Tik tok/07.04/IMG_0003.JPG",180190,"2026-04-01 13:43:11.000000000 +0000"
"/root/DELTA_LENOVO_CENTRAL/00_IPHONE_INTAKE/002. Materijal za Tik tok/07.04/IMG_0201.PNG",1247508,"2026-04-06 19:31:11.000000000 +0000"
"/root/DELTA_LENOVO_CENTRAL/00_IPHONE_INTAKE/002. Materijal za Tik tok/07.04/IMG_0200.PNG",8860136,"2026-04-06 19:29:20.000000000 +0000"
"/root/DELTA_LENOVO_CENTRAL/00_IPHONE_INTAKE/002. Materijal za Tik tok/07.04/IMG_0002.JPG",202629,"2026-04-01 13:41:47.000000000 +0000"
"/root/DELTA_LENOVO_CENTRAL/00_IPHONE_INTAKE/002. Materijal za Tik tok/07.04/IMG_0016.JPG",201027,"2026-04-01 14:05:30.000000000 +0000"
"/root/DELTA_LENOVO_CENTRAL/00_IPHONE_INTAKE/002. Materijal za Tik tok/07.04/IMG_0214.JPG",172631,"2026-04-06 19:51:01.000000000 +0000"
"/root/DELTA_LENOVO_CENTRAL/00_IPHONE_INTAKE/002. Materijal za Tik tok/07.04/IMG_0228.JPG",141591,"2026-04-06 20:01:12.000000000 +0000"
"/root/DELTA_LENOVO_CENTRAL/00_IPHONE_INTAKE/002. Materijal za Tik tok/07.04/IMG_0216.JPG",179628,"2026-04-06 19:52:36.000000000 +0000"
"/root/DELTA_LENOVO_CENTRAL/00_IPHONE_INTAKE/002. Materijal za Tik tok/07.04/IMG_9959.PNG",1168800,"2026-04-01 08:18:32.000000000 +0000"
"/root/DELTA_LENOVO_CENTRAL/00_IPHONE_INTAKE/002. Materijal za Tik tok/07.04/IMG_0028.JPG",248437,"2026-04-01 15:16:48.000000000 +0000"
"/root/DELTA_LENOVO_CENTRAL/00_IPHONE_INTAKE/002. Materijal za Tik tok/07.04/IMG_0014.JPG",157498,"2026-04-01 14:02:30.000000000 +0000"
"/root/DELTA_LENOVO_CENTRAL/00_IPHONE_INTAKE/002. Materijal za Tik tok/07.04/IMG_0202.PNG",1261255,"2026-04-06 19:33:04.000000000 +0000"
"/root/DELTA_LENOVO_CENTRAL/00_IPHONE_INTAKE/002. Materijal za Tik tok/07.04/IMG_0217.PNG",1214367,"2026-04-06 19:52:55.000000000 +0000"
"/root/DELTA_LENOVO_CENTRAL/00_IPHONE_INTAKE/002. Materijal za Tik tok/07.04/IMG_0015.JPG",229665,"2026-04-01 14:04:20.000000000 +0000"
"/root/DELTA_LENOVO_CENTRAL/00_IPHONE_INTAKE/002. Materijal za Tik tok/07.04/IMG_0001.JPG",181792,"2026-04-01 13:40:43.000000000 +0000"
"/root/DELTA_LENOVO_CENTRAL/00_IPHONE_INTAKE/002. Materijal za Tik tok/07.04/IMG_9958.PNG",1144383,"2026-04-01 08:17:47.000000000 +0000"
"/root/DELTA_LENOVO_CENTRAL/00_IPHONE_INTAKE/002. Materijal za Tik tok/07.04/60292C09-83C1-4419-A0EB-91EA55373AE7.PNG",2251558,"2026-04-01 06:37:12.000000000 +0000"
"/root/DELTA_LENOVO_CENTRAL/00_IPHONE_INTAKE/002. Materijal za Tik tok/07.04/IMG_0175.JPG",200237,"2026-04-06 08:05:18.000000000 +0000"
"/root/DELTA_LENOVO_CENTRAL/00_IPHONE_INTAKE/002. Materijal za Tik tok/07.04/66609BCA-9D18-4121-ABB3-B45A1A70BA5A.JPG",188297,"2026-04-02 18:02:03.000000000 +0000"
"/root/DELTA_LENOVO_CENTRAL/00_IPHONE_INTAKE/002. Materijal za Tik tok/07.04/IMG_9948.PNG",1169157,"2026-04-01 06:39:27.000000000 +0000"
"/root/DELTA_LENOVO_CENTRAL/00_IPHONE_INTAKE/002. Materijal za Tik tok/07.04/IMG_9960.PNG",1168800,"2026-04-01 08:19:39.000000000 +0000"
"/root/DELTA_LENOVO_CENTRAL/00_IPHONE_INTAKE/002. Materijal za Tik tok/07.04/IMG_0005.JPG",208416,"2026-04-01 13:46:13.000000000 +0000"
"/root/DELTA_LENOVO_CENTRAL/00_IPHONE_INTAKE/002. Materijal za Tik tok/07.04/IMG_0011.JPG",185274,"2026-04-01 13:58:27.000000000 +0000"
"/root/DELTA_LENOVO_CENTRAL/00_IPHONE_INTAKE/002. Materijal za Tik tok/07.04/IMG_0207.PNG",1203095,"2026-04-06 19:46:05.000000000 +0000"
"/root/DELTA_LENOVO_CENTRAL/00_IPHONE_INTAKE/002. Materijal za Tik tok/07.04/IMG_0010.JPG",169342,"2026-04-01 13:57:06.000000000 +0000"
"/root/DELTA_LENOVO_CENTRAL/00_IPHONE_INTAKE/002. Materijal za Tik tok/07.04/IMG_0004.JPG",198737,"2026-04-01 13:44:24.000000000 +0000"
"/root/DELTA_LENOVO_CENTRAL/00_IPHONE_INTAKE/002. Materijal za Tik tok/07.04/IMG_0212.JPG",187976,"2026-04-06 19:50:40.000000000 +0000"
"/root/DELTA_LENOVO_CENTRAL/00_IPHONE_INTAKE/002. Materijal za Tik tok/07.04/IMG_0206.JPG",158695,"2026-04-06 19:45:55.000000000 +0000"
"/root/DELTA_LENOVO_CENTRAL/00_IPHONE_INTAKE/002. Materijal za Tik tok/07.04/IMG_9949.PNG",1237607,"2026-04-01 06:40:28.000000000 +0000"
"/root/DELTA_LENOVO_CENTRAL/00_IPHONE_INTAKE/002. Materijal za Tik tok/07.04/IMG_0199.PNG",7492685,"2026-04-06 19:28:55.000000000 +0000"
"/root/DELTA_LENOVO_CENTRAL/00_IPHONE_INTAKE/002. Materijal za Tik tok/07.04/IMG_0172.PNG",1331156,"2026-04-06 07:35:15.000000000 +0000"
"/root/DELTA_LENOVO_CENTRAL/00_IPHONE_INTAKE/002. Materijal za Tik tok/07.04/IMG_0210.JPG",155101,"2026-04-06 19:48:45.000000000 +0000"
"/root/DELTA_LENOVO_CENTRAL/00_IPHONE_INTAKE/002. Materijal za Tik tok/07.04/IMG_9988.PNG",1419281,"2026-04-01 08:30:37.000000000 +0000"
"/root/DELTA_LENOVO_CENTRAL/00_IPHONE_INTAKE/002. Materijal za Tik tok/07.04/IMG_0012.JPG",190189,"2026-04-01 14:00:19.000000000 +0000"
"/root/DELTA_LENOVO_CENTRAL/00_IPHONE_INTAKE/002. Materijal za Tik tok/07.04/IMG_0006.JPG",174107,"2026-04-01 13:47:24.000000000 +0000"
"/root/DELTA_LENOVO_CENTRAL/00_IPHONE_INTAKE/002. Materijal za Tik tok/07.04/IMG_0204.PNG",1347565,"2026-04-06 19:44:00.000000000 +0000"
"/root/DELTA_LENOVO_CENTRAL/00_IPHONE_INTAKE/002. Materijal za Tik tok/07.04/34846FE0-A03D-499D-B799-7D33810127DB.JPG",143953,"2026-04-06 07:00:08.000000000 +0000"
"/root/DELTA_LENOVO_CENTRAL/00_IPHONE_INTAKE/002. Materijal za Tik tok/07.04/IMG_0211.PNG",1161061,"2026-04-06 19:50:38.000000000 +0000"
"/root/DELTA_LENOVO_CENTRAL/00_IPHONE_INTAKE/002. Materijal za Tik tok/07.04/IMG_0007.JPG",182872,"2026-04-01 13:48:28.000000000 +0000"
"/root/DELTA_LENOVO_CENTRAL/00_IPHONE_INTAKE/002. Materijal za Tik tok/07.04/IMG_9989.JPG",125151,"2026-04-01 08:47:23.000000000 +0000"
"/root/DELTA_LENOVO_CENTRAL/00_IPHONE_INTAKE/002. Materijal za Tik tok/07.04/IMG_0013.JPG",176885,"2026-04-01 14:01:25.000000000 +0000"
"/root/DELTA_LENOVO_CENTRAL/00_IPHONE_INTAKE/002. Materijal za Tik tok/07.04/IMG_0205.JPG",151384,"2026-04-06 19:44:08.000000000 +0000"
"/root/DELTA_LENOVO_CENTRAL/00_IPHONE_INTAKE/002. Materijal za Tik tok/07.04/IMG_0198.PNG",3008672,"2026-04-06 19:28:33.000000000 +0000"
"/root/DELTA_LENOVO_CENTRAL/00_IPHONE_INTAKE/002. Materijal za Tik tok/07.04/IMG_0225 2.JPG",156169,"2026-04-06 19:59:35.000000000 +0000"
"/root/DELTA_LENOVO_CENTRAL/00_IPHONE_INTAKE/002. Materijal za Tik tok/07.04/IMG_9911.JPG",226052,"2026-03-31 22:26:12.000000000 +0000"
"/root/DELTA_LENOVO_CENTRAL/00_IPHONE_INTAKE/002. Materijal za Tik tok/07.04/IMG_9910.JPG",203048,"2026-03-31 22:11:12.000000000 +0000"
"/root/DELTA_LENOVO_CENTRAL/00_IPHONE_INTAKE/002. Materijal za Tik tok/07.04/IMG_9906.JPG",213971,"2026-03-31 20:46:00.000000000 +0000"
"/root/DELTA_LENOVO_CENTRAL/00_IPHONE_INTAKE/002. Materijal za Tik tok/07.04/IMG_9912.JPG",204196,"2026-03-31 22:26:46.000000000 +0000"
"/root/DELTA_LENOVO_CENTRAL/00_IPHONE_INTAKE/002. Materijal za Tik tok/07.04/IMG_9907.JPG",198192,"2026-03-31 20:46:50.000000000 +0000"
"/root/DELTA_LENOVO_CENTRAL/00_IPHONE_INTAKE/002. Materijal za Tik tok/07.04/IMG_9903.JPG",216316,"2026-03-31 20:34:41.000000000 +0000"
"/root/DELTA_LENOVO_CENTRAL/00_IPHONE_INTAKE/002. Materijal za Tik tok/07.04/IMG_0073.JPG",219204,"2026-04-01 19:51:26.000000000 +0000"
"/root/DELTA_LENOVO_CENTRAL/00_IPHONE_INTAKE/002. Materijal za Tik tok/07.04/IMG_0065.JPG",205142,"2026-04-01 19:40:45.000000000 +0000"
"/root/DELTA_LENOVO_CENTRAL/00_IPHONE_INTAKE/002. Materijal za Tik tok/07.04/IMG_0212 2.JPG",187976,"2026-04-06 19:50:51.000000000 +0000"
"/root/DELTA_LENOVO_CENTRAL/00_IPHONE_INTAKE/002. Materijal za Tik tok/07.04/IMG_0208.JPG",157953,"2026-04-06 19:48:13.000000000 +0000"
"/root/DELTA_LENOVO_CENTRAL/00_IPHONE_INTAKE/002. Materijal za Tik tok/07.04/IMG_9990.JPG",206510,"2026-04-01 08:57:19.000000000 +0000"
"/root/DELTA_LENOVO_CENTRAL/00_IPHONE_INTAKE/002. Materijal za Tik tok/07.04/IMG_0022.JPG",227667,"2026-04-01 14:20:12.000000000 +0000"
"/root/DELTA_LENOVO_CENTRAL/00_IPHONE_INTAKE/002. Materijal za Tik tok/07.04/IMG_9953.JPG",169265,"2026-04-01 06:48:29.000000000 +0000"
"/root/DELTA_LENOVO_CENTRAL/00_IPHONE_INTAKE/002. Materijal za Tik tok/07.04/IMG_0220.PNG",1139495,"2026-04-06 19:55:50.000000000 +0000"
"/root/DELTA_LENOVO_CENTRAL/00_IPHONE_INTAKE/002. Materijal za Tik tok/07.04/IMG_0209.PNG",1204950,"2026-04-06 19:48:27.000000000 +0000"
"/root/DELTA_LENOVO_CENTRAL/00_IPHONE_INTAKE/002. Materijal za Tik tok/07.04/IMG_0023.JPG",198640,"2026-04-01 14:22:32.000000000 +0000"
"/root/DELTA_LENOVO_CENTRAL/00_IPHONE_INTAKE/002. Materijal za Tik tok/07.04/IMG_9991.PNG",1287701,"2026-04-01 11:49:56.000000000 +0000"
"/root/DELTA_LENOVO_CENTRAL/00_IPHONE_INTAKE/002. Materijal za Tik tok/07.04/IMG_0221.JPG",159394,"2026-04-06 19:57:33.000000000 +0000"
"/root/DELTA_LENOVO_CENTRAL/00_IPHONE_INTAKE/002. Materijal za Tik tok/07.04/IMG_9952.PNG",1050997,"2026-04-01 06:48:20.000000000 +0000"
"/root/DELTA_LENOVO_CENTRAL/00_IPHONE_INTAKE/002. Materijal za Tik tok/07.04/IMG_0196.PNG",4345861,"2026-04-06 19:06:07.000000000 +0000"
"/root/DELTA_LENOVO_CENTRAL/00_IPHONE_INTAKE/002. Materijal za Tik tok/07.04/IMG_9950.PNG",1211820,"2026-04-01 06:43:29.000000000 +0000"
"/root/DELTA_LENOVO_CENTRAL/00_IPHONE_INTAKE/002. Materijal za Tik tok/07.04/IMG_0021.JPG",237930,"2026-04-01 14:19:08.000000000 +0000"
"/root/DELTA_LENOVO_CENTRAL/00_IPHONE_INTAKE/002. Materijal za Tik tok/07.04/IMG_0223.PNG",1360786,"2026-04-06 19:57:55.000000000 +0000"
"/root/DELTA_LENOVO_CENTRAL/00_IPHONE_INTAKE/002. Materijal za Tik tok/07.04/IMG_0020.JPG",234132,"2026-04-01 14:17:06.000000000 +0000"
"/root/DELTA_LENOVO_CENTRAL/00_IPHONE_INTAKE/002. Materijal za Tik tok/07.04/IMG_0008.JPG",221972,"2026-04-01 13:52:46.000000000 +0000"
"/root/DELTA_LENOVO_CENTRAL/00_IPHONE_INTAKE/002. Materijal za Tik tok/07.04/IMG_9992.PNG",1287702,"2026-04-01 11:52:16.000000000 +0000"
"/root/DELTA_LENOVO_CENTRAL/00_IPHONE_INTAKE/002. Materijal za Tik tok/07.04/IMG_0222.JPG",171329,"2026-04-06 19:57:40.000000000 +0000"
"/root/DELTA_LENOVO_CENTRAL/00_IPHONE_INTAKE/002. Materijal za Tik tok/07.04/IMG_9951.PNG",1211819,"2026-04-01 06:44:38.000000000 +0000"
"/root/DELTA_LENOVO_CENTRAL/00_IPHONE_INTAKE/002. Materijal za Tik tok/07.04/IMG_0024.JPG",239952,"2026-04-01 15:09:55.000000000 +0000"
"/root/DELTA_LENOVO_CENTRAL/00_IPHONE_INTAKE/002. Materijal za Tik tok/07.04/IMG_0018.JPG",204778,"2026-04-01 14:13:17.000000000 +0000"
"/root/DELTA_LENOVO_CENTRAL/00_IPHONE_INTAKE/002. Materijal za Tik tok/07.04/IMG_9996.JPG",203965,"2026-04-01 12:39:05.000000000 +0000"
"/root/DELTA_LENOVO_CENTRAL/00_IPHONE_INTAKE/002. Materijal za Tik tok/07.04/IMG_0227.PNG",1233431,"2026-04-06 19:59:49.000000000 +0000"
"/root/DELTA_LENOVO_CENTRAL/00_IPHONE_INTAKE/002. Materijal za Tik tok/07.04/IMG_0019.JPG",216773,"2026-04-01 14:16:00.000000000 +0000"
"/root/DELTA_LENOVO_CENTRAL/00_IPHONE_INTAKE/002. Materijal za Tik tok/07.04/IMG_0025.JPG",188939,"2026-04-01 15:11:16.000000000 +0000"
"/root/DELTA_LENOVO_CENTRAL/00_IPHONE_INTAKE/002. Materijal za Tik tok/07.04/IMG_0153.PNG",1184221,"2026-04-02 15:12:32.000000000 +0000"
"/root/DELTA_LENOVO_CENTRAL/00_IPHONE_INTAKE/002. Materijal za Tik tok/07.04/IMG_0225.JPG",156169,"2026-04-06 19:59:30.000000000 +0000"
"/root/DELTA_LENOVO_CENTRAL/00_IPHONE_INTAKE/002. Materijal za Tik tok/07.04/IMG_9956.PNG",1318599,"2026-04-01 07:35:01.000000000 +0000"
"/root/DELTA_LENOVO_CENTRAL/00_IPHONE_INTAKE/002. Materijal za Tik tok/07.04/IMG_0219.JPG",151410,"2026-04-06 19:55:32.000000000 +0000"
"/root/DELTA_LENOVO_CENTRAL/00_IPHONE_INTAKE/002. Materijal za Tik tok/07.04/IMG_0027.JPG",210182,"2026-04-01 15:15:07.000000000 +0000"
"/root/DELTA_LENOVO_CENTRAL/00_IPHONE_INTAKE/002. Materijal za Tik tok/07.04/IMG_9995.JPG",211629,"2026-04-01 12:34:32.000000000 +0000"
"/root/DELTA_LENOVO_CENTRAL/00_IPHONE_INTAKE/002. Materijal za Tik tok/07.04/IMG_0230.PNG",1186882,"2026-04-06 20:01:36.000000000 +0000"
"/root/DELTA_LENOVO_CENTRAL/00_IPHONE_INTAKE/002. Materijal za Tik tok/07.04/IMG_0026.JPG",177968,"2026-04-01 15:12:19.000000000 +0000"
"/root/DELTA_LENOVO_CENTRAL/00_IPHONE_INTAKE/002. Materijal za Tik tok/07.04/IMG_9994.PNG",1331591,"2026-04-01 12:32:42.000000000 +0000"
"/root/DELTA_LENOVO_CENTRAL/00_IPHONE_INTAKE/002. Materijal za Tik tok/07.04/IMG_0218.JPG",169422,"2026-04-06 19:55:24.000000000 +0000"
"/root/DELTA_LENOVO_CENTRAL/00_IPHONE_INTAKE/002. Materijal za Tik tok/07.04/IMG_9957.PNG",1144384,"2026-04-01 08:15:30.000000000 +0000"
"/root/DELTA_LENOVO_CENTRAL/00_IPHONE_INTAKE/002. Materijal za Tik tok/07.04/IMG_0224.JPG",156372,"2026-04-06 19:59:22.000000000 +0000"
"/root/DELTA_LENOVO_CENTRAL/99_STATIC_REPORTS/ALPINE_LARGE_FILE_CHECK/possible_duplicates_by_size.txt",63302,"2026-05-18 00:35:09.374776995 +0000"
"/root/DELTA_LENOVO_CENTRAL/99_STATIC_REPORTS/ALPINE_LARGE_FILE_CHECK/top_100_largest_files.txt",13989,"2026-05-18 00:29:12.791291810 +0000"
"/root/DELTA_LENOVO_CENTRAL/40_STEP_PROTOCOL/STEP_01_CONTROL_SNAPSHOT/STEP_01_CORE_SHA256.txt",139,"2026-05-15 11:33:50.688088315 +0000"
"/root/DELTA_LENOVO_CENTRAL/40_STEP_PROTOCOL/STEP_01_CONTROL_SNAPSHOT/STEP_01_STATUS.txt",52,"2026-05-15 11:33:50.713768084 +0000"
"/root/DELTA_LENOVO_CENTRAL/40_STEP_PROTOCOL/STEP_01_CONTROL_SNAPSHOT/STEP_01_CORE_FILE_INFO.txt",128,"2026-05-15 11:33:50.661254671 +0000"
"/root/DELTA_LENOVO_CENTRAL/40_STEP_PROTOCOL/STEP_01_CONTROL_SNAPSHOT/STEP_01_CURRENT_LOCATION.txt",59,"2026-05-15 11:33:50.624573536 +0000"
"/root/DELTA_LENOVO_CENTRAL/40_STEP_PROTOCOL/STEP_01_CONTROL_SNAPSHOT/STEP_01_CORE_STRUCTURE_MAP.txt",3294,"2026-05-15 11:33:50.711446586 +0000"
"/root/DELTA_LENOVO_CENTRAL/40_STEP_PROTOCOL/STEP_01_CONTROL_SNAPSHOT/STEP_01_TIMESTAMP.txt",29,"2026-05-15 11:33:50.621157206 +0000"
"/root/DELTA_LENOVO_CENTRAL/40_STEP_PROTOCOL/STEP_07_FUNCTION_CLASSIFICATION/STEP_07_REVIEW_REQUIRED_FUNCTIONS.txt",480,"2026-05-15 11:37:52.298161968 +0000"
"/root/DELTA_LENOVO_CENTRAL/40_STEP_PROTOCOL/STEP_07_FUNCTION_CLASSIFICATION/STEP_07_SAFE_GOVERNANCE_FUNCTIONS.txt",1366,"2026-05-15 11:37:52.250680926 +0000"
"/root/DELTA_LENOVO_CENTRAL/40_STEP_PROTOCOL/STEP_07_FUNCTION_CLASSIFICATION/STEP_07_STATUS.txt",46,"2026-05-15 11:37:52.300513716 +0000"
"/root/DELTA_LENOVO_CENTRAL/40_STEP_PROTOCOL/STEP_07_FUNCTION_CLASSIFICATION/STEP_07_OUTPUT_FUNCTIONS.txt",716,"2026-05-15 11:37:52.275477779 +0000"
"/root/DELTA_LENOVO_CENTRAL/40_STEP_PROTOCOL/STEP_05_GOVERNANCE_EXTRACTION/STEP_05_CORE_GOVERNANCE_FUNCTIONS.txt",908,"2026-05-15 11:36:31.583874562 +0000"
"/root/DELTA_LENOVO_CENTRAL/40_STEP_PROTOCOL/STEP_05_GOVERNANCE_EXTRACTION/STEP_05_GOVERNANCE_SIGNALS.txt",5204,"2026-05-15 11:36:31.554914087 +0000"
"/root/DELTA_LENOVO_CENTRAL/40_STEP_PROTOCOL/STEP_05_GOVERNANCE_EXTRACTION/STEP_05_STATUS.txt",44,"2026-05-15 11:36:31.586326143 +0000"
"/root/DELTA_LENOVO_CENTRAL/40_STEP_PROTOCOL/STEP_06_OUTPUT_SURFACE/STEP_06_STATUS.txt",44,"2026-05-15 11:37:20.396249815 +0000"
"/root/DELTA_LENOVO_CENTRAL/40_STEP_PROTOCOL/STEP_06_OUTPUT_SURFACE/STEP_06_OUTPUT_SIGNALS.txt",3889,"2026-05-15 11:37:20.363368219 +0000"
"/root/DELTA_LENOVO_CENTRAL/40_STEP_PROTOCOL/STEP_06_OUTPUT_SURFACE/STEP_06_OUTPUT_VARIABLES.txt",2165,"2026-05-15 11:37:20.393534484 +0000"
"/root/DELTA_LENOVO_CENTRAL/40_STEP_PROTOCOL/STEP_08_CANONICAL_PACKAGE/STEP_08_ALL_STEP_ARTIFACTS.txt",2703,"2026-05-15 11:38:30.466695645 +0000"
"/root/DELTA_LENOVO_CENTRAL/40_STEP_PROTOCOL/STEP_08_CANONICAL_PACKAGE/STEP_08_ALL_STEP_SHA256.txt",4715,"2026-05-15 11:38:30.496548744 +0000"
"/root/DELTA_LENOVO_CENTRAL/40_STEP_PROTOCOL/STEP_08_CANONICAL_PACKAGE/STEP_08_ARTIFACT_COUNT.txt",104,"2026-05-15 11:38:30.500910074 +0000"
"/root/DELTA_LENOVO_CENTRAL/40_STEP_PROTOCOL/STEP_08_CANONICAL_PACKAGE/STEP_08_STATUS.txt",50,"2026-05-15 11:38:30.503249238 +0000"
"/root/DELTA_LENOVO_CENTRAL/40_STEP_PROTOCOL/STEP_04_COMPLEXITY_REVIEW/STEP_04_FUNCTION_COUNT.txt",3,"2026-05-15 11:36:00.766643438 +0000"
"/root/DELTA_LENOVO_CENTRAL/40_STEP_PROTOCOL/STEP_04_COMPLEXITY_REVIEW/STEP_04_STATUS.txt",40,"2026-05-15 11:36:00.816171812 +0000"
"/root/DELTA_LENOVO_CENTRAL/40_STEP_PROTOCOL/STEP_04_COMPLEXITY_REVIEW/STEP_04_SIGNAL_DENSITY.txt",4,"2026-05-15 11:36:00.813761730 +0000"
"/root/DELTA_LENOVO_CENTRAL/40_STEP_PROTOCOL/STEP_04_COMPLEXITY_REVIEW/STEP_04_CLASS_COUNT.txt",2,"2026-05-15 11:36:00.786814629 +0000"
"/root/DELTA_LENOVO_CENTRAL/40_STEP_PROTOCOL/STEP_04_COMPLEXITY_REVIEW/STEP_04_TOTAL_LINES.txt",78,"2026-05-15 11:36:00.741871460 +0000"
"/root/DELTA_LENOVO_CENTRAL/40_STEP_PROTOCOL/STEP_02_DEPENDENCY_INVENTORY/STEP_02_UNIQUE_IMPORTS.txt",83,"2026-05-15 11:35:02.914621161 +0000"
"/root/DELTA_LENOVO_CENTRAL/40_STEP_PROTOCOL/STEP_02_DEPENDENCY_INVENTORY/STEP_02_STATUS.txt",43,"2026-05-15 11:35:02.916937825 +0000"
"/root/DELTA_LENOVO_CENTRAL/40_STEP_PROTOCOL/STEP_02_DEPENDENCY_INVENTORY/STEP_02_IMPORT_MAP.txt",312,"2026-05-15 11:35:02.907286625 +0000"
"/root/DELTA_LENOVO_CENTRAL/40_STEP_PROTOCOL/STEP_03_MODULE_MAP/STEP_03_FUNCTION_MAP.txt",2910,"2026-05-15 11:35:33.178488929 +0000"
"/root/DELTA_LENOVO_CENTRAL/40_STEP_PROTOCOL/STEP_03_MODULE_MAP/STEP_03_STATUS.txt",47,"2026-05-15 11:35:33.181114927 +0000"
"/root/DELTA_LENOVO_CENTRAL/40_STEP_PROTOCOL/STEP_03_MODULE_MAP/STEP_03_SIGNAL_MODULE_MAP.txt",7275,"2026-05-15 11:35:33.154914617 +0000"
"/root/DELTA_LENOVO_CENTRAL/40_STEP_PROTOCOL/STEP_10_STATUS_REPORT/STEP_10_DELTA_CORE_STATUS.txt",639,"2026-05-15 11:39:52.224540548 +0000"
"/root/DELTA_LENOVO_CENTRAL/40_STEP_PROTOCOL/STEP_10_STATUS_REPORT/STEP_10_DELTA_CORE_STATUS_SHA256.txt",162,"2026-05-15 11:39:52.229832960 +0000"
"/root/DELTA_LENOVO_CENTRAL/40_STEP_PROTOCOL/STEP_09_HASH_VERIFICATION/STEP_09_STATUS.txt",40,"2026-05-15 11:39:13.521548583 +0000"
"/root/DELTA_LENOVO_CENTRAL/40_STEP_PROTOCOL/STEP_09_HASH_VERIFICATION/STEP_09_ARTIFACT_INDEX_HASH.txt",167,"2026-05-15 11:39:13.517328337 +0000"
"/root/DELTA_LENOVO_CENTRAL/40_STEP_PROTOCOL/STEP_09_HASH_VERIFICATION/STEP_09_PACKAGE_HASH.txt",164,"2026-05-15 11:39:13.506664096 +0000"
"/root/iphone_manifest_for_msi_sha256.txt",145,"2026-05-19 08:43:31.325437438 +0000"
"/root/IPHONE_STATIC_EXPORT_PACKET_FOR_MSI_20260516_075558_TAR_SHA256.txt",131,"2026-05-16 08:18:08.750922837 +0000"
"/root/IPHONE_VISIBLE_EXPORT_PACKET_20260525_053302/IPHONE_ALPINE_VISIBLE_FILE_INVENTORY_20260525_053302.csv",127384,"2026-05-25 05:33:29.437371829 +0000"
"/root/IPHONE_VISIBLE_EXPORT_PACKET_20260525_053302/IPHONE_ALPINE_VISIBLE_EXPORT_STATUS_20260525_053302.txt",551,"2026-05-25 05:33:29.470704293 +0000"
"/root/IPHONE_VISIBLE_EXPORT_PACKET_20260525_053507/IPHONE_ALPINE_VISIBLE_FILE_INVENTORY_20260525_053507.csv",127384,"2026-05-25 05:35:41.047964608 +0000"
"/root/IPHONE_VISIBLE_EXPORT_PACKET_20260525_053507/IPHONE_ALPINE_VISIBLE_EXPORT_STATUS_20260525_053507.txt",551,"2026-05-25 05:35:41.085840978 +0000"
"/root/IPHONE_VISIBLE_EXPORT_PACKET_20260525_053020/IPHONE_ALPINE_VISIBLE_FILE_INVENTORY_20260525_053020.csv",127384,"2026-05-25 05:30:47.931754265 +0000"
"/root/IPHONE_VISIBLE_EXPORT_PACKET_20260525_053020/IPHONE_ALPINE_VISIBLE_EXPORT_STATUS_20260525_053020.txt",551,"2026-05-25 05:30:47.967892598 +0000"
"/root/CMU_IPHONE_CENSUS/06A_TITAN_FINAL_FILE_COUNT.txt",4,"2026-05-23 01:33:19.005570707 +0000"
"/root/CMU_IPHONE_CENSUS/03_CANDIDATE_FOLDERS.txt",17851,"2026-05-23 01:24:49.021528773 +0000"
"/root/CMU_IPHONE_CENSUS/01_CMU_SIGNAL_PATHS.txt",180191,"2026-05-23 01:24:31.773067386 +0000"
"/root/CMU_IPHONE_CENSUS/14_OLD_VDR_V6_3_INDEX_HASHES.txt",357,"2026-05-23 01:34:48.891724711 +0000"
"/root/CMU_IPHONE_CENSUS/09_TITAN_FINAL_FOLDER_MAP_DEPTH3.txt",2757,"2026-05-23 01:34:10.763416181 +0000"
"/root/CMU_IPHONE_CENSUS/10_TITAN_FINAL_FOLDER_MAP_HASH.txt",127,"2026-05-23 01:34:10.773696922 +0000"
"/root/CMU_IPHONE_CENSUS/02_IMPORTANT_CONTROL_FILES.txt",340939,"2026-05-23 01:24:40.594237517 +0000"
"/root/CMU_IPHONE_CENSUS/04_NEWEST_300_FILES.txt",24659,"2026-05-23 01:24:49.956933761 +0000"
"/root/CMU_IPHONE_CENSUS/08_TITAN_FINAL_INDEX_HASHES.txt",355,"2026-05-23 01:33:26.795783946 +0000"
"/root/CMU_IPHONE_CENSUS/05_TITAN_FINAL_FILE_HASHES.txt",5032,"2026-05-23 01:32:14.354152033 +0000"
"/root/CMU_IPHONE_CENSUS/12_OLD_VDR_V6_3_FILE_COUNT.txt",4,"2026-05-23 01:34:44.475628162 +0000"
"/root/CMU_IPHONE_CENSUS/11_OLD_VDR_V6_3_FILE_INDEX.txt",18302,"2026-05-23 01:34:43.904819318 +0000"
"/root/CMU_IPHONE_CENSUS/13_OLD_VDR_V6_3_SIZE.txt",72,"2026-05-23 01:34:48.883910759 +0000"
"/root/CMU_IPHONE_CENSUS/99_CENSUS_HASHES.txt",464,"2026-05-23 01:24:50.046387345 +0000"
"/root/CMU_IPHONE_CENSUS/06_TITAN_FINAL_FILE_INDEX.txt",30281,"2026-05-23 01:33:17.987351121 +0000"
"/root/CMU_IPHONE_CENSUS/07_TITAN_FINAL_SIZE.txt",33,"2026-05-23 01:33:26.781552459 +0000"
"/root/DELTA_CORE_v1_0.py",1456,"2026-05-14 08:54:27.394086239 +0000"
"/root/IPHONE_STATIC_EXPORT_PACKET_MANIFEST_ONLY_20260519_082406_FOR_MSI_SHA256.txt",145,"2026-05-19 08:30:29.391132812 +0000"
"/root/IPHONE_STATIC_EXPORT_PACKET_FOR_MSI_20260516_075558/IPHONE_STATIC_EXPORT_PACKET_FOR_MSI_STATIC_ONLY_HASH_20260516_075558.txt",588,"2026-05-16 07:56:02.067219673 +0000"
"/root/IPHONE_STATIC_EXPORT_PACKET_FOR_MSI_20260516_075558/IPHONE_STATIC_EXPORT_PACKET_FOR_MSI_STATIC_ONLY_SEAL_20260516_075558.txt",509,"2026-05-16 07:56:02.060525326 +0000"
"/root/IPHONE_STATIC_EXPORT_PACKET_FOR_MSI_20260516_075558/IPHONE_STATIC_EXPORT_PACKET_FOR_MSI_STATIC_ONLY_REPORT_20260516_075558.txt",1300,"2026-05-16 07:56:02.038942083 +0000"
"/root/IPHONE_STATIC_EXPORT_PACKET_FOR_MSI_20260516_075558/IPHONE_STATIC_EXPORT_PACKET_FOR_MSI_STATIC_ONLY_20260516_075558.csv",7254,"2026-05-16 07:56:02.005127392 +0000"
"/root/ISH_004_CLASSIFY_IPHONE_TO_MSI_EXPORTS_AND_DELTA_CORE_20260523_184130/ISH_004_CLASSIFIED_REGISTER.csv",274459,"2026-05-23 18:48:49.568058691 +0000"
"/root/ISH_004_CLASSIFY_IPHONE_TO_MSI_EXPORTS_AND_DELTA_CORE_20260523_184130/ISH_004_HASH_REGISTER.txt",174,"2026-05-23 18:48:49.614748663 +0000"
"/root/ISH_004_CLASSIFY_IPHONE_TO_MSI_EXPORTS_AND_DELTA_CORE_20260523_184130/ISH_004_SUMMARY.txt",1154,"2026-05-23 18:48:50.063193239 +0000"
"/root/ISH_IPHONE_MEDIA_SAFE_RADAR_20260524_145858/01_INVENTORY/ISH_MEDIA_INVENTORY.csv",1218,"2026-05-24 14:59:03.747640897 +0000"
"/root/ISH_IPHONE_MEDIA_SAFE_RADAR_20260524_145858/02_DUPLICATE_REVIEW/ISH_MEDIA_SHA256_REGISTER.csv",1848,"2026-05-24 14:59:03.715071927 +0000"
"/root/ISH_IPHONE_MEDIA_SAFE_RADAR_20260524_145858/00_CONTROL/ISH_MEDIA_ROUTE_REGISTER.csv",1538,"2026-05-24 14:59:03.728081914 +0000"
"/root/IPHONE_VISIBLE_DEEP_KNOWLEDGE_20260525_023004/IPHONE_VISIBLE_FILE_METADATA_20260525_023004.csv",61396,"2026-05-25 02:39:07.461902073 +0000"
"/root/IPHONE_VISIBLE_DEEP_KNOWLEDGE_20260525_023004/IPHONE_FORMULA_FINANCE_STRATEGY_SIGNALS_20260525_023004.csv",92380,"2026-05-25 02:38:44.119351460 +0000"
"/root/IPHONE_VISIBLE_DEEP_KNOWLEDGE_20260525_023004/IPHONE_KNOWLEDGE_SIGNALS_20260525_023004.csv",107305,"2026-05-25 02:38:48.328219180 +0000"
"/root/IPHONE_STATIC_EXPORT_PACKET_MANIFEST_ONLY_20260519_082406/02_MARKERS/IPHONE_STATIC_EXPORT_PACKET_MANIFEST_MARKER.txt",442,"2026-05-19 08:24:07.008195248 +0000"
"/root/IPHONE_STATIC_EXPORT_PACKET_MANIFEST_ONLY_20260519_082406/01_REPORTS/04_IPHONE_STATIC_EXPORT_PACKET_MANIFEST_SUMMARY.md",884,"2026-05-19 08:24:40.670697410 +0000"
"/root/ISH_IPHONE_MEDIA_RADAR_20260524_144342/01_INVENTORY/ISH_MEDIA_INVENTORY.csv",8362,"2026-05-24 14:52:47.815383967 +0000"
"/root/ISH_IPHONE_MEDIA_RADAR_20260524_144342/02_DUPLICATE_REVIEW/ISH_MEDIA_SHA256_REGISTER.csv",12112,"2026-05-24 14:52:47.777308582 +0000"
"/root/ISH_IPHONE_MEDIA_RADAR_20260524_144342/00_CONTROL/ISH_MEDIA_ROUTING_REGISTER.csv",10410,"2026-05-24 14:52:47.793918907 +0000"
"/root/ISH_003_PROJECT_LAYER_STATIC_CENSUS_20260523_183935/ISH_003_PROJECT_FILES_REGISTER.csv",196379,"2026-05-23 18:40:08.828842371 +0000"
"/root/ISH_003_PROJECT_LAYER_STATIC_CENSUS_20260523_183935/ISH_003_STATUS.txt",493,"2026-05-23 18:40:20.719711742 +0000"
"/root/ISH_003_PROJECT_LAYER_STATIC_CENSUS_20260523_183935/TARGET_PATHS.txt",121,"2026-05-23 18:39:35.356980457 +0000"
"/root/ISH_003_PROJECT_LAYER_STATIC_CENSUS_20260523_183935/ISH_003_HASH_REGISTER.txt",159,"2026-05-23 18:40:20.693629353 +0000"
"/root/ISH_IPHONE_MEDIA_SAFE_RADAR_20260524_145505/01_INVENTORY/ISH_MEDIA_INVENTORY.csv",14803,"2026-05-24 14:56:23.106525463 +0000"
"/root/ISH_IPHONE_MEDIA_SAFE_RADAR_20260524_145505/02_DUPLICATE_REVIEW/ISH_MEDIA_SHA256_REGISTER.csv",23442,"2026-05-24 14:56:23.079021255 +0000"
"/root/ISH_IPHONE_MEDIA_SAFE_RADAR_20260524_145505/00_CONTROL/ISH_MEDIA_ROUTE_REGISTER.csv",19786,"2026-05-24 14:56:23.087427771 +0000"
"/root/TITAN_SIMPLE_SEARCH.txt",0,"2026-05-10 10:48:28.241137542 +0000"
"/root/IPHONE_STATIC_EXPORT_PACKET_FOR_MSI_20260516_075526/IPHONE_STATIC_EXPORT_PACKET_FOR_MSI_STATIC_ONLY_20260516_075526.csv",4926,"2026-05-16 07:55:29.242538548 +0000"
"/root/IPHONE_STATIC_EXPORT_PACKET_FOR_MSI_20260516_075526/IPHONE_STATIC_EXPORT_PACKET_FOR_MSI_STATIC_ONLY_HASH_20260516_075526.txt",588,"2026-05-16 07:55:29.304196788 +0000"
"/root/IPHONE_STATIC_EXPORT_PACKET_FOR_MSI_20260516_075526/IPHONE_STATIC_EXPORT_PACKET_FOR_MSI_STATIC_ONLY_SEAL_20260516_075526.txt",508,"2026-05-16 07:55:29.297331401 +0000"
"/root/IPHONE_STATIC_EXPORT_PACKET_FOR_MSI_20260516_075526/IPHONE_STATIC_EXPORT_PACKET_FOR_MSI_STATIC_ONLY_REPORT_20260516_075526.txt",1299,"2026-05-16 07:55:29.276259823 +0000"
"/root/ISH_003_PROJECT_LAYER_STATIC_CENSUS_20260523_183840/ISH_003_PROJECT_FILES_REGISTER.csv",161223,"2026-05-23 18:39:09.794040309 +0000"
"/root/ISH_003_PROJECT_LAYER_STATIC_CENSUS_20260523_183840/TARGET_PATHS.txt",121,"2026-05-23 18:38:40.235650557 +0000"
"/root/DELTA_FINAL_EXPORT/SOUL_EXPORT_20260519_1232/SOUL_MANIFEST.txt",376,"2026-05-19 12:32:42.201058252 +0000"
"/root/DELTA_FINAL_EXPORT/SOUL_EXPORT_20260519_1232/Scripts/DELTA_UNITY_ENGINE_v1_7.py",6110,"2026-05-19 12:32:41.355905068 +0000"
"/root/DELTA_FINAL_EXPORT/SOUL_EXPORT_20260519_1232/Scripts/iphone_sha_analyzer.py",3513,"2026-05-19 12:32:41.308762904 +0000"
"/root/DELTA_FINAL_EXPORT/SOUL_EXPORT_20260519_1232/Scripts/DELTA_CORE_v1_0.py",1456,"2026-05-19 12:32:41.350790642 +0000"
"/root/DELTA_FINAL_EXPORT/SOUL_EXPORT_20260519_1232/iPhone_Exports/iphone_manifest_for_msi_sha256.txt",145,"2026-05-19 12:32:41.320373549 +0000"
"/root/DELTA_FINAL_EXPORT/SOUL_EXPORT_20260519_1232/iPhone_Exports/IPHONE_STATIC_EXPORT_PACKET_FOR_MSI_20260516_075558_TAR_SHA256.txt",131,"2026-05-19 12:32:41.321045842 +0000"
"/root/DELTA_FINAL_EXPORT/SOUL_EXPORT_20260519_1232/iPhone_Exports/IPHONE_STATIC_EXPORT_PACKET_MANIFEST_ONLY_20260519_082406_FOR_MSI_SHA256.txt",145,"2026-05-19 12:32:41.322395553 +0000"
"/root/DELTA_FINAL_EXPORT/Scripts/iphone_sha_analyzer.py",3513,"2026-05-19 12:22:13.455240998 +0000"
"/root/DELTA_FINAL_EXPORT/iPhone_Exports/iphone_manifest_for_msi_sha256.txt",145,"2026-05-19 12:27:17.278178513 +0000"
"/root/DELTA_FINAL_EXPORT/iPhone_Exports/IPHONE_STATIC_EXPORT_PACKET_FOR_MSI_20260516_075558_TAR_SHA256.txt",131,"2026-05-19 12:27:17.261964069 +0000"
"/root/DELTA_FINAL_EXPORT/iPhone_Exports/IPHONE_STATIC_EXPORT_PACKET_MANIFEST_ONLY_20260519_082406_FOR_MSI_SHA256.txt",145,"2026-05-19 12:27:17.265828034 +0000"
"/root/DELTA_FINAL_EXPORT/README.txt",527,"2026-05-19 12:09:21.586473094 +0000"
