FILE_PATH,FILE_NAME,EXTENSION,SIZE_BYTES,LAST_WRITE_TIME,SHA256,METADATA_CLASS,READ_STATUS
"/Volumes/DANIJELA HARD DISK/MEC_CMU_MACBOOK_BACKUP_VAULT/26_IPHONE_METADATA_KNOWLEDGE_NODE/00_TICKET_20260525_022721/IPHONE_METADATA_EXTRACTION_TICKET_20260525_022721.txt","IPHONE_METADATA_EXTRACTION_TICKET_20260525_022721.txt","txt",894,"2026-05-25 02:27:22",6150c65908182935893922fc3d6169015e353604f07385e975e2ecdf45623839,"DOCUMENT_OR_DATA_REVIEW","METADATA_OK"
"/Volumes/DANIJELA HARD DISK/MEC_CMU_MACBOOK_BACKUP_VAULT/26_IPHONE_METADATA_KNOWLEDGE_NODE/00_TICKET_20260525_022721/IPHONE_METADATA_SCHEMA_MASTER_20260525_022721.csv","IPHONE_METADATA_SCHEMA_MASTER_20260525_022721.csv","csv",872,"2026-05-25 02:27:21",024e9703467de73e869b7022b4ce691df599fd5d991e06b727faf1ffa89880ca,"DOCUMENT_OR_DATA_REVIEW","METADATA_OK"
"/Volumes/DANIJELA HARD DISK/MEC_CMU_MACBOOK_BACKUP_VAULT/26_IPHONE_METADATA_KNOWLEDGE_NODE/00_TICKET_20260525_022721/IPHONE_METADATA_TICKET_SHA256_20260525_022721.csv","IPHONE_METADATA_TICKET_SHA256_20260525_022721.csv","csv",545,"2026-05-25 02:27:22",104e3b5b4591cbd9a639e308bc21e75bd788468c8c248216e89ddb5d6e6173a0,"HASH_REPORT_METADATA","METADATA_OK"
"/Volumes/DANIJELA HARD DISK/MEC_CMU_MACBOOK_BACKUP_VAULT/26_IPHONE_METADATA_KNOWLEDGE_NODE/00_TICKET_20260525_022721/IPHONE_METADATA_TICKET_SHA256_REPAIR_20260525_022818.csv","IPHONE_METADATA_TICKET_SHA256_REPAIR_20260525_022818.csv","csv",746,"2026-05-25 02:28:18",56353caa0bace97a51e043722dce52f5c203db6c1cb87120bd0487e1af015578,"HASH_REPORT_METADATA","METADATA_OK"
"/Volumes/DANIJELA HARD DISK/MEC_CMU_MACBOOK_BACKUP_VAULT/26_IPHONE_METADATA_KNOWLEDGE_NODE/00_TICKET_20260525_022721/IPHONE_METADATA_TICKET_SHA_REPAIR_STATUS_20260525_022818.txt","IPHONE_METADATA_TICKET_SHA_REPAIR_STATUS_20260525_022818.txt","txt",680,"2026-05-25 02:28:18",ca572c4c7993b05db08d756793dbe336d85a9ca90f152c9d1e3b55fb7ad48dc8,"HASH_REPORT_METADATA","METADATA_OK"
"/mnt/ios/IPHONE_STATIC_EXPORT_PACKET_FOR_MSI_20260516_075558.tar.gz","IPHONE_STATIC_EXPORT_PACKET_FOR_MSI_20260516_075558.tar.gz","gz",2339,"2026-05-16 08:19:06",177485e106ea99b9b0676a2205e98af7988e7004a0354ef9dc5715508ee5c34e,"DOCUMENT_OR_DATA_REVIEW","METADATA_OK"
"/mnt/ios/IPHONE_STATIC_EXPORT_PACKET_FOR_MSI_20260516_075558_TAR_SHA256.txt","IPHONE_STATIC_EXPORT_PACKET_FOR_MSI_20260516_075558_TAR_SHA256.txt","txt",131,"2026-05-16 08:19:06",5ab24280d1ce92c945355dc4573bf9f463a3da631ffd4e07bb313759182b412e,"HASH_REPORT_METADATA","METADATA_OK"
"/mnt/marel_transfer/IPHONE_STATIC_EXPORT_PACKET_FOR_MSI_20260516_075558.tar.gz","IPHONE_STATIC_EXPORT_PACKET_FOR_MSI_20260516_075558.tar.gz","gz",2339,"2026-05-16 08:25:02",177485e106ea99b9b0676a2205e98af7988e7004a0354ef9dc5715508ee5c34e,"DOCUMENT_OR_DATA_REVIEW","METADATA_OK"
"/mnt/marel_transfer/IPHONE_STATIC_EXPORT_PACKET_FOR_MSI_20260516_075558_TAR_SHA256.txt","IPHONE_STATIC_EXPORT_PACKET_FOR_MSI_20260516_075558_TAR_SHA256.txt","txt",131,"2026-05-16 08:25:02",5ab24280d1ce92c945355dc4573bf9f463a3da631ffd4e07bb313759182b412e,"HASH_REPORT_METADATA","METADATA_OK"
"/root/.ash_history",".ash_history","ash_history",205308,"2026-05-25 02:30:05",beb56fdf6840245a6f4b68ae7a7863d427793fe19f042e39ab49c37d60b59792,"SCRIPT_OR_AUTOMATION_REVIEW","METADATA_OK"
"/root/.cache/pip/http-v2/0/0/9/3/7/00937b303388648a71f7165eca6c7cf554c56e04ea245b89de99c18c","00937b303388648a71f7165eca6c7cf554c56e04ea245b89de99c18c","00937b303388648a71f7165eca6c7cf554c56e04ea245b89de99c18c",1191,"2026-05-13 23:16:16",7f69494cfb10d11053123d6b75c06e7317c492d8ee1f59be0dc3a1e0ba3d9d93,"DOCUMENT_OR_DATA_REVIEW","METADATA_OK"
"/root/.cache/pip/http-v2/0/0/9/3/7/00937b303388648a71f7165eca6c7cf554c56e04ea245b89de99c18c.body","00937b303388648a71f7165eca6c7cf554c56e04ea245b89de99c18c.body","body",18902015,"2026-05-13 23:16:16",883c987dee1880e2a864ab0dc9892292582510604156762362d9326444636e78,"DOCUMENT_OR_DATA_REVIEW","METADATA_OK"
"/root/.cache/pip/http-v2/0/2/f/8/e/02f8e820ca8231526982c4a2b93baef519d0948ff85c925acd226f06","02f8e820ca8231526982c4a2b93baef519d0948ff85c925acd226f06","02f8e820ca8231526982c4a2b93baef519d0948ff85c925acd226f06",1790,"2026-05-14 12:48:08",a8d535d5a9da0082bc7455a9782789344e163e68cbfd9ef37a6d020c992af9b5,"DOCUMENT_OR_DATA_REVIEW","METADATA_OK"
"/root/.cache/pip/http-v2/0/2/f/8/e/02f8e820ca8231526982c4a2b93baef519d0948ff85c925acd226f06.body","02f8e820ca8231526982c4a2b93baef519d0948ff85c925acd226f06.body","body",45081,"2026-05-13 23:27:06",4925d5ef25c628b548baed009c406ebc54f21a6e89bfa2931972cd7275f09f6e,"DOCUMENT_OR_DATA_REVIEW","METADATA_OK"
"/root/.cache/pip/http-v2/0/7/c/4/4/07c44cb2b6331148d0fc56f928fcb862fb31f79032c5e283813363ca","07c44cb2b6331148d0fc56f928fcb862fb31f79032c5e283813363ca","07c44cb2b6331148d0fc56f928fcb862fb31f79032c5e283813363ca",1195,"2026-05-13 22:55:47",456c37ad2b7f4f1386aa13a5f392c17c1c4bbd3824540c1f05691bb6e4322a4a,"DOCUMENT_OR_DATA_REVIEW","METADATA_OK"
"/root/.cache/pip/http-v2/0/7/c/4/4/07c44cb2b6331148d0fc56f928fcb862fb31f79032c5e283813363ca.body","07c44cb2b6331148d0fc56f928fcb862fb31f79032c5e283813363ca.body","body",4495223,"2026-05-13 22:55:47",e05e1af93b977f7eafa636d043f9f94c7ee3ac81af99c13508215942e64c993b,"DOCUMENT_OR_DATA_REVIEW","METADATA_OK"
"/root/.cache/pip/http-v2/0/f/a/e/c/0faec10fc908d92f19ad98c40f513a1781ae2d868b0add6bff108aff","0faec10fc908d92f19ad98c40f513a1781ae2d868b0add6bff108aff","0faec10fc908d92f19ad98c40f513a1781ae2d868b0add6bff108aff",1774,"2026-05-14 12:47:40",b532e379b7681a39c6ec0cbef5282927ba31cb52b7147f288d428dde8019b314,"DOCUMENT_OR_DATA_REVIEW","METADATA_OK"
"/root/.cache/pip/http-v2/0/f/a/e/c/0faec10fc908d92f19ad98c40f513a1781ae2d868b0add6bff108aff.body","0faec10fc908d92f19ad98c40f513a1781ae2d868b0add6bff108aff.body","body",6393,"2026-05-13 23:26:34",b82abc150a8960db74f424a5f2c6449a0405001fc1eb49e35268018da728ec49,"DOCUMENT_OR_DATA_REVIEW","METADATA_OK"
"/root/.cache/pip/http-v2/1/b/6/1/2/1b612cccb113e0cdb88f86781dc6b1336a098b61f3f5adf287869672","1b612cccb113e0cdb88f86781dc6b1336a098b61f3f5adf287869672","1b612cccb113e0cdb88f86781dc6b1336a098b61f3f5adf287869672",1278,"2026-05-13 23:26:34",9d5fde2fde6f12fc6e380dbb669ab4cbb44b5672964d93bcdc100f6b1ceb10b1,"DOCUMENT_OR_DATA_REVIEW","METADATA_OK"
"/root/.cache/pip/http-v2/1/b/6/1/2/1b612cccb113e0cdb88f86781dc6b1336a098b61f3f5adf287869672.body","1b612cccb113e0cdb88f86781dc6b1336a098b61f3f5adf287869672.body","body",6411,"2026-05-13 23:26:34",48bf7e6bcf5edc81edacc7efe7d8b5b38da550e302db773560fec2e52915e206,"DOCUMENT_OR_DATA_REVIEW","METADATA_OK"
"/root/.cache/pip/http-v2/2/4/8/6/b/2486b281a2bd04b92454ca0e009388667f7f5b943d39e9eea8cfc386","2486b281a2bd04b92454ca0e009388667f7f5b943d39e9eea8cfc386","2486b281a2bd04b92454ca0e009388667f7f5b943d39e9eea8cfc386",1287,"2026-05-13 22:56:20",a274cf93093f6d0cc14034c409d33fe65c566faaba5225bff9fa52e2bdb7f1ca,"DOCUMENT_OR_DATA_REVIEW","METADATA_OK"
"/root/.cache/pip/http-v2/2/4/8/6/b/2486b281a2bd04b92454ca0e009388667f7f5b943d39e9eea8cfc386.body","2486b281a2bd04b92454ca0e009388667f7f5b943d39e9eea8cfc386.body","body",2282,"2026-05-13 22:56:20",d6e8cbbfa21513ed46be4027e61784b131b12c5cafacbde6913ce5ad01767643,"DOCUMENT_OR_DATA_REVIEW","METADATA_OK"
"/root/.cache/pip/http-v2/2/4/c/e/4/24ce44d6a7f754419744e723fad73d6fd0e3d5970787f814dbdc00e9","24ce44d6a7f754419744e723fad73d6fd0e3d5970787f814dbdc00e9","24ce44d6a7f754419744e723fad73d6fd0e3d5970787f814dbdc00e9",1243,"2026-05-13 23:27:06",be2d526ea420f424aef4abc64db4ee6248a90e4aa2207f527daa59352c9013be,"DOCUMENT_OR_DATA_REVIEW","METADATA_OK"
"/root/.cache/pip/http-v2/2/4/c/e/4/24ce44d6a7f754419744e723fad73d6fd0e3d5970787f814dbdc00e9.body","24ce44d6a7f754419744e723fad73d6fd0e3d5970787f814dbdc00e9.body","body",3676,"2026-05-13 23:27:06",aa3669331c8f0eb42dd0cee1f53fc5503bebbcc65f92e9d9ba930d7455c2472f,"DOCUMENT_OR_DATA_REVIEW","METADATA_OK"
"/root/.cache/pip/http-v2/2/8/3/7/a/2837a5918b0bed1201770081f5513a64d8099fd74dcb7a9fe856fcf7","2837a5918b0bed1201770081f5513a64d8099fd74dcb7a9fe856fcf7","2837a5918b0bed1201770081f5513a64d8099fd74dcb7a9fe856fcf7",1222,"2026-05-13 23:26:38",1059aec1a9f8e8a3580d68fda11c3441e6450d7e209e60b05bf3e4493976c106,"DOCUMENT_OR_DATA_REVIEW","METADATA_OK"
"/root/.cache/pip/http-v2/2/8/3/7/a/2837a5918b0bed1201770081f5513a64d8099fd74dcb7a9fe856fcf7.body","2837a5918b0bed1201770081f5513a64d8099fd74dcb7a9fe856fcf7.body","body",14583,"2026-05-13 23:26:38",0d85819802132122da43cb86656f8d1f8c6587d54ae7dcaf30e90533028b49fe,"DOCUMENT_OR_DATA_REVIEW","METADATA_OK"
"/root/.cache/pip/http-v2/3/6/5/e/a/365ea28f603b8ce12b6f327aebb85d07917fc12688bd8ca440f6cd58","365ea28f603b8ce12b6f327aebb85d07917fc12688bd8ca440f6cd58","365ea28f603b8ce12b6f327aebb85d07917fc12688bd8ca440f6cd58",1199,"2026-05-13 23:26:36",448cc964eb09c6862516e80e64384f6587b9828d34b9a27e73afeaa6a529d860,"DOCUMENT_OR_DATA_REVIEW","METADATA_OK"
"/root/.cache/pip/http-v2/3/6/5/e/a/365ea28f603b8ce12b6f327aebb85d07917fc12688bd8ca440f6cd58.body","365ea28f603b8ce12b6f327aebb85d07917fc12688bd8ca440f6cd58.body","body",28946,"2026-05-13 23:26:36",67b5906c37404396d23c195e12c8825506074460d4a2e7083266b845d14f0298,"DOCUMENT_OR_DATA_REVIEW","METADATA_OK"
"/root/.cache/pip/http-v2/4/3/6/8/4/436846b847c9c90a13539a872e2084e3f9ca23eb93b4b1cc44b55964","436846b847c9c90a13539a872e2084e3f9ca23eb93b4b1cc44b55964","436846b847c9c90a13539a872e2084e3f9ca23eb93b4b1cc44b55964",1269,"2026-05-13 23:26:34",7fa3ca49f83b8109c909796dd5c8c3d335b52f3d81a57d08ad12084dbee3b492,"DOCUMENT_OR_DATA_REVIEW","METADATA_OK"
"/root/.cache/pip/http-v2/4/3/6/8/4/436846b847c9c90a13539a872e2084e3f9ca23eb93b4b1cc44b55964.body","436846b847c9c90a13539a872e2084e3f9ca23eb93b4b1cc44b55964.body","body",3543,"2026-05-13 23:26:34",4f9cbcd7933415a4793f7767c98a2b6a512c823fc81c87337815705f230ecabf,"DOCUMENT_OR_DATA_REVIEW","METADATA_OK"
"/root/.cache/pip/http-v2/4/4/e/5/b/44e5b11a6caa92636d8ccfe658d420ba4ed8f67f7f4e835b214255aa","44e5b11a6caa92636d8ccfe658d420ba4ed8f67f7f4e835b214255aa","44e5b11a6caa92636d8ccfe658d420ba4ed8f67f7f4e835b214255aa",1792,"2026-05-14 12:47:39",f07fef3cd01fe8d686dd42045d4ef9db4b2fa6f359d14c8dae39742e85d381dd,"DOCUMENT_OR_DATA_REVIEW","METADATA_OK"
"/root/.cache/pip/http-v2/4/4/e/5/b/44e5b11a6caa92636d8ccfe658d420ba4ed8f67f7f4e835b214255aa.body","44e5b11a6caa92636d8ccfe658d420ba4ed8f67f7f4e835b214255aa.body","body",14648,"2026-05-13 23:26:32",5f5c48b84bd01f94a2b05f4e440aff3e9ae004a9a793bb632f9c4d6a9d590daa,"DOCUMENT_OR_DATA_REVIEW","METADATA_OK"
"/root/.cache/pip/http-v2/4/6/b/2/7/46b27605253afaab5948c760071e5698e5685ca9da8788a2ffc6b3b1","46b27605253afaab5948c760071e5698e5685ca9da8788a2ffc6b3b1","46b27605253afaab5948c760071e5698e5685ca9da8788a2ffc6b3b1",1197,"2026-05-13 23:27:08",916c8ac2b4cf97e3d9c072e70d67de059c66988ea432fe6051751e894b4c5d68,"DOCUMENT_OR_DATA_REVIEW","METADATA_OK"
"/root/.cache/pip/http-v2/4/6/b/2/7/46b27605253afaab5948c760071e5698e5685ca9da8788a2ffc6b3b1.body","46b27605253afaab5948c760071e5698e5685ca9da8788a2ffc6b3b1.body","body",547318,"2026-05-13 23:27:08",09fd848d625a165fc7b7e07745508c24077129b019c4415a882938781d43adf8,"DOCUMENT_OR_DATA_REVIEW","METADATA_OK"
"/root/.cache/pip/http-v2/4/d/2/7/2/4d272e6453941ce8b0a37a02cdb1685fc612c33441fa74691fb40656","4d272e6453941ce8b0a37a02cdb1685fc612c33441fa74691fb40656","4d272e6453941ce8b0a37a02cdb1685fc612c33441fa74691fb40656",1799,"2026-05-14 12:45:26",bc013c71ed5579c29497e97481ba5c232d44980e0f946f7c9b23672ef553fcb9,"DOCUMENT_OR_DATA_REVIEW","METADATA_OK"
"/root/.cache/pip/http-v2/4/d/2/7/2/4d272e6453941ce8b0a37a02cdb1685fc612c33441fa74691fb40656.body","4d272e6453941ce8b0a37a02cdb1685fc612c33441fa74691fb40656.body","body",20870,"2026-05-13 22:56:18",cd184591c12f5b7ae1010bf609cd108bfb8dd633658e72fb208767adc1ba5188,"DOCUMENT_OR_DATA_REVIEW","METADATA_OK"
"/root/.cache/pip/http-v2/5/2/3/f/f/523ff132ae8b533a32374201305af5d98433a0069c34efef8ee4975c","523ff132ae8b533a32374201305af5d98433a0069c34efef8ee4975c","523ff132ae8b533a32374201305af5d98433a0069c34efef8ee4975c",1205,"2026-05-13 23:26:38",9537a332e2859d4bc45dde0b025901baecf528e93881a1cdbedab6c8a7fd5f3b,"DOCUMENT_OR_DATA_REVIEW","METADATA_OK"
"/root/.cache/pip/http-v2/5/2/3/f/f/523ff132ae8b533a32374201305af5d98433a0069c34efef8ee4975c.body","523ff132ae8b533a32374201305af5d98433a0069c34efef8ee4975c.body","body",22040,"2026-05-13 23:26:38",85bbecca8694e2c00f63b492c96921d6c228454057c88e7c352b2077fcaa4096,"DOCUMENT_OR_DATA_REVIEW","METADATA_OK"
"/root/.cache/pip/http-v2/5/9/d/9/f/59d9f659e48ec0730ba0bb7a7dd00a671396b786d79d8d5788a07a59","59d9f659e48ec0730ba0bb7a7dd00a671396b786d79d8d5788a07a59","59d9f659e48ec0730ba0bb7a7dd00a671396b786d79d8d5788a07a59",1274,"2026-05-13 22:56:16",aae75f02f44352b0facf192a7e607ede9edae86ecea1a8fbd2008d8e877c56ad,"DOCUMENT_OR_DATA_REVIEW","METADATA_OK"
"/root/.cache/pip/http-v2/5/9/d/9/f/59d9f659e48ec0730ba0bb7a7dd00a671396b786d79d8d5788a07a59.body","59d9f659e48ec0730ba0bb7a7dd00a671396b786d79d8d5788a07a59.body","body",2124,"2026-05-13 22:56:16",742ff5337e8494ecb7b593f3bde4dbe839b510053a069e78f7827042f3a3b1e2,"DOCUMENT_OR_DATA_REVIEW","METADATA_OK"
"/root/.cache/pip/http-v2/6/6/d/c/a/66dca7bbc71fbb8945b23750a7adc3b26c5b4522cea5aa217a9904f2","66dca7bbc71fbb8945b23750a7adc3b26c5b4522cea5aa217a9904f2","66dca7bbc71fbb8945b23750a7adc3b26c5b4522cea5aa217a9904f2",1791,"2026-05-14 12:47:38",4d9bd6122650b2c6cb49ff5c9b6cc4bcbabd4967c4c777ddec820eba19a5bc1f,"DOCUMENT_OR_DATA_REVIEW","METADATA_OK"
"/root/.cache/pip/http-v2/6/6/d/c/a/66dca7bbc71fbb8945b23750a7adc3b26c5b4522cea5aa217a9904f2.body","66dca7bbc71fbb8945b23750a7adc3b26c5b4522cea5aa217a9904f2.body","body",33780,"2026-05-13 22:56:17",c6b009050ebcbc14df495b55b198cae2f8ea0d8f118781442504ad7a2c9437e1,"DOCUMENT_OR_DATA_REVIEW","METADATA_OK"
"/root/.cache/pip/http-v2/6/6/e/c/7/66ec76a7b6ed4081044f5c7821af293b63c17bc2ac523ff93d5ca7d5","66ec76a7b6ed4081044f5c7821af293b63c17bc2ac523ff93d5ca7d5","66ec76a7b6ed4081044f5c7821af293b63c17bc2ac523ff93d5ca7d5",1799,"2026-05-14 12:44:48",14ab6bf0b6912a3b07e5294aee9229e1d0fe40e74cb41181423a8654bde5e735,"DOCUMENT_OR_DATA_REVIEW","METADATA_OK"
"/root/.cache/pip/http-v2/6/6/e/c/7/66ec76a7b6ed4081044f5c7821af293b63c17bc2ac523ff93d5ca7d5.body","66ec76a7b6ed4081044f5c7821af293b63c17bc2ac523ff93d5ca7d5.body","body",257472,"2026-05-13 22:55:37",d71235737ba171d68e28e5732454ab762410abef95c021c9be9300fae6710d60,"DOCUMENT_OR_DATA_REVIEW","METADATA_OK"
"/root/.cache/pip/http-v2/6/f/4/e/a/6f4eae5724e1c601acf05106487a1d6f74ab8757ddbb705f2573fc01","6f4eae5724e1c601acf05106487a1d6f74ab8757ddbb705f2573fc01","6f4eae5724e1c601acf05106487a1d6f74ab8757ddbb705f2573fc01",1198,"2026-05-13 23:26:37",7a11a9b5af9bf38c96cafe120ea704f071c8612b4c4085ed060858a50d1b86fe,"DOCUMENT_OR_DATA_REVIEW","METADATA_OK"
"/root/.cache/pip/http-v2/6/f/4/e/a/6f4eae5724e1c601acf05106487a1d6f74ab8757ddbb705f2573fc01.body","6f4eae5724e1c601acf05106487a1d6f74ab8757ddbb705f2573fc01.body","body",3225663,"2026-05-13 23:26:37",31a90b4a2c47bb6d56baeb926948348ec968e932c1ae2c53239164e3e8880ccf,"DOCUMENT_OR_DATA_REVIEW","METADATA_OK"
"/root/.cache/pip/http-v2/7/d/e/5/c/7de5c813ec47c0dd961e98da01064c78b3ab7203d21fe89ae26265b8","7de5c813ec47c0dd961e98da01064c78b3ab7203d21fe89ae26265b8","7de5c813ec47c0dd961e98da01064c78b3ab7203d21fe89ae26265b8",1774,"2026-05-14 12:48:10",eb356778c20b908b319b3bd4f04a3545f4ecbea3cafd7a35b7483ed943d006b1,"DOCUMENT_OR_DATA_REVIEW","METADATA_OK"
"/root/.cache/pip/http-v2/7/d/e/5/c/7de5c813ec47c0dd961e98da01064c78b3ab7203d21fe89ae26265b8.body","7de5c813ec47c0dd961e98da01064c78b3ab7203d21fe89ae26265b8.body","body",16910,"2026-05-13 23:27:04",9e5f33af01fc4b3fed587aade49e28893f392e9799d233b5f2b305779a6d2307,"DOCUMENT_OR_DATA_REVIEW","METADATA_OK"
"/root/.cache/pip/http-v2/7/e/7/e/8/7e7e8de0eb124c4fe2fd3f7a6e71b3f193107ee4dda633f578650ee9","7e7e8de0eb124c4fe2fd3f7a6e71b3f193107ee4dda633f578650ee9","7e7e8de0eb124c4fe2fd3f7a6e71b3f193107ee4dda633f578650ee9",1240,"2026-05-13 23:07:29",0e832f3931676c234d365bf3d257a5dd7f7a5cf1192e4718308838befbbf83c8,"DOCUMENT_OR_DATA_REVIEW","METADATA_OK"
"/root/.cache/pip/http-v2/7/e/7/e/8/7e7e8de0eb124c4fe2fd3f7a6e71b3f193107ee4dda633f578650ee9.body","7e7e8de0eb124c4fe2fd3f7a6e71b3f193107ee4dda633f578650ee9.body","body",7494,"2026-05-13 23:07:29",35e7a6ef68b559c8c59f8c2c6630896be4200df08a762d4b1a1bf2d3f6f6a645,"DOCUMENT_OR_DATA_REVIEW","METADATA_OK"
"/root/.cache/pip/http-v2/a/1/9/5/3/a19537d3cf37c122db841d6fe4cd322bc10d1a558bb00d146b85cb9a","a19537d3cf37c122db841d6fe4cd322bc10d1a558bb00d146b85cb9a","a19537d3cf37c122db841d6fe4cd322bc10d1a558bb00d146b85cb9a",1865,"2026-05-19 12:05:31",2506ad6569446241b9b580ab390e15d2f13aa277124015978ccdf1fadab9c652,"DOCUMENT_OR_DATA_REVIEW","METADATA_OK"
"/root/.cache/pip/http-v2/a/1/9/5/3/a19537d3cf37c122db841d6fe4cd322bc10d1a558bb00d146b85cb9a.body","a19537d3cf37c122db841d6fe4cd322bc10d1a558bb00d146b85cb9a.body","body",37524,"2026-05-19 12:05:31",203ab6b4f5ae351d89e5dfc5abc94cad618ed85b2cc4d54b5d98e4a214dd0099,"DOCUMENT_OR_DATA_REVIEW","METADATA_OK"
"/root/.cache/pip/http-v2/a/2/6/7/f/a267f54c19667a20e6416d2dc2a1df4a525eed802f0f2b538b654da1","a267f54c19667a20e6416d2dc2a1df4a525eed802f0f2b538b654da1","a267f54c19667a20e6416d2dc2a1df4a525eed802f0f2b538b654da1",1776,"2026-05-14 12:47:23",3f2eb3a4fb415732099965bca09a5d19cf85354f5575f31197b643aca2f76683,"DOCUMENT_OR_DATA_REVIEW","METADATA_OK"
"/root/.cache/pip/http-v2/a/2/6/7/f/a267f54c19667a20e6416d2dc2a1df4a525eed802f0f2b538b654da1.body","a267f54c19667a20e6416d2dc2a1df4a525eed802f0f2b538b654da1.body","body",459607,"2026-05-13 23:02:02",debc835ea3b1cf0678965dbdbc53a3d84b6c84d3a47aee6292e6d6a9b2b826f7,"DOCUMENT_OR_DATA_REVIEW","METADATA_OK"
"/root/.cache/pip/http-v2/b/7/8/f/8/b78f89a072c9c72585e30efe347630abd0b3e831e3c45b89819a2760","b78f89a072c9c72585e30efe347630abd0b3e831e3c45b89819a2760","b78f89a072c9c72585e30efe347630abd0b3e831e3c45b89819a2760",1196,"2026-05-13 23:27:09",bfac90f7c25de056ce2f4ab67dd361055045c31af8716cdcad2382c96af19995,"DOCUMENT_OR_DATA_REVIEW","METADATA_OK"
"/root/.cache/pip/http-v2/b/7/8/f/8/b78f89a072c9c72585e30efe347630abd0b3e831e3c45b89819a2760.body","b78f89a072c9c72585e30efe347630abd0b3e831e3c45b89819a2760.body","body",638280,"2026-05-13 23:27:09",5f8e1e8a1a30835eeb51db05cf5a67151ad37542f5a4af2a438e9490915e5b72,"DOCUMENT_OR_DATA_REVIEW","METADATA_OK"
"/root/.cache/pip/http-v2/c/8/4/6/0/c84608549463ae90303a0f39c4b1e01a1717f15e0529931eee51391c","c84608549463ae90303a0f39c4b1e01a1717f15e0529931eee51391c","c84608549463ae90303a0f39c4b1e01a1717f15e0529931eee51391c",1791,"2026-05-14 12:47:40",26c2dea736c9c1744134467baf99bba4d1ccc2eb6076a61b8f35129c500746ee,"DOCUMENT_OR_DATA_REVIEW","METADATA_OK"
"/root/.cache/pip/http-v2/c/8/4/6/0/c84608549463ae90303a0f39c4b1e01a1717f15e0529931eee51391c.body","c84608549463ae90303a0f39c4b1e01a1717f15e0529931eee51391c.body","body",30307,"2026-05-13 23:26:34",e75f0d4d5710370376d04a54aea6a71c53c6fa8a24960373609c23022e7ee714,"DOCUMENT_OR_DATA_REVIEW","METADATA_OK"
"/root/.cache/pip/http-v2/c/c/1/3/3/cc133da5701a066bc3777b2575e0daa601596f19871db4608ca98b97","cc133da5701a066bc3777b2575e0daa601596f19871db4608ca98b97","cc133da5701a066bc3777b2575e0daa601596f19871db4608ca98b97",1800,"2026-05-14 12:45:42",7d304f0e164673b071e5d8c2c27e9dea176a7638958440812e6ff6b965efbd38,"DOCUMENT_OR_DATA_REVIEW","METADATA_OK"
"/root/.cache/pip/http-v2/c/c/1/3/3/cc133da5701a066bc3777b2575e0daa601596f19871db4608ca98b97.body","cc133da5701a066bc3777b2575e0daa601596f19871db4608ca98b97.body","body",424808,"2026-05-13 23:07:30",095564aecde259ec2879b2dfc85bd147d8ea99b8d7de98ad74b6a38af70351a7,"DOCUMENT_OR_DATA_REVIEW","METADATA_OK"
"/root/.cache/pip/http-v2/c/d/4/8/a/cd48a271fa0ad101e4d82dc70d01488090fd42b8b61ce904fc2ccd74","cd48a271fa0ad101e4d82dc70d01488090fd42b8b61ce904fc2ccd74","cd48a271fa0ad101e4d82dc70d01488090fd42b8b61ce904fc2ccd74",1223,"2026-05-13 23:26:37",e916038cc21a3cafa0bd9616519af4a9d01c03ca9c2352a989b9880a12508a79,"DOCUMENT_OR_DATA_REVIEW","METADATA_OK"
"/root/.cache/pip/http-v2/c/d/4/8/a/cd48a271fa0ad101e4d82dc70d01488090fd42b8b61ce904fc2ccd74.body","cd48a271fa0ad101e4d82dc70d01488090fd42b8b61ce904fc2ccd74.body","body",1078534,"2026-05-13 23:26:37",9b3a023657e393dbc5335b95c561337d49b7a458f5541e47ec44f2cc566e0d80,"DOCUMENT_OR_DATA_REVIEW","METADATA_OK"
"/root/.cache/pip/http-v2/c/d/e/c/3/cdec3d0140a615c153130a37691576ea1707e32a1ab5e60ae5a540f4","cdec3d0140a615c153130a37691576ea1707e32a1ab5e60ae5a540f4","cdec3d0140a615c153130a37691576ea1707e32a1ab5e60ae5a540f4",1224,"2026-05-13 23:26:38",f03c87a15d892ce60034a7dd337c6f7b45ac4d0b477ca039c3cad25282883f1e,"DOCUMENT_OR_DATA_REVIEW","METADATA_OK"
"/root/.cache/pip/http-v2/c/d/e/c/3/cdec3d0140a615c153130a37691576ea1707e32a1ab5e60ae5a540f4.body","cdec3d0140a615c153130a37691576ea1707e32a1ab5e60ae5a540f4.body","body",100195,"2026-05-13 23:26:38",5fc45236b9446107ff2415ce77c807cee2862cb6fac22b8a73826d0693b0980e,"DOCUMENT_OR_DATA_REVIEW","METADATA_OK"
"/root/.cache/pip/http-v2/d/9/d/5/f/d9d5f2d642db317afc4dbf47caf66f462f28670a2eafad11d17a25d5","d9d5f2d642db317afc4dbf47caf66f462f28670a2eafad11d17a25d5","d9d5f2d642db317afc4dbf47caf66f462f28670a2eafad11d17a25d5",1774,"2026-05-14 12:47:22",b1560887af68f46fdc8f3f75586af146cca67728d052050fcb0b952c9d530862,"DOCUMENT_OR_DATA_REVIEW","METADATA_OK"
"/root/.cache/pip/http-v2/d/9/d/5/f/d9d5f2d642db317afc4dbf47caf66f462f28670a2eafad11d17a25d5.body","d9d5f2d642db317afc4dbf47caf66f462f28670a2eafad11d17a25d5.body","body",7898,"2026-05-13 22:56:16",1bb3201f81c406c718a6c3d4f6b76427672b9269b2ab90f31b57495ddac5f091,"DOCUMENT_OR_DATA_REVIEW","METADATA_OK"
"/root/.cache/pip/http-v2/e/c/d/1/3/ecd13ed82750fa9cc9103a0674a9cf4a7e1605e937bb98097f964997","ecd13ed82750fa9cc9103a0674a9cf4a7e1605e937bb98097f964997","ecd13ed82750fa9cc9103a0674a9cf4a7e1605e937bb98097f964997",1299,"2026-05-13 23:26:36",22a6eb0bf5ba44aa4b45f2c53f108b9a18b05631c4cb49440a103317c8b5e416,"DOCUMENT_OR_DATA_REVIEW","METADATA_OK"
"/root/.cache/pip/http-v2/e/c/d/1/3/ecd13ed82750fa9cc9103a0674a9cf4a7e1605e937bb98097f964997.body","ecd13ed82750fa9cc9103a0674a9cf4a7e1605e937bb98097f964997.body","body",10463,"2026-05-13 23:26:36",b2b3fdf2566bba313106abf4a806f9c217f8f814587f1017c494d49079a0a683,"DOCUMENT_OR_DATA_REVIEW","METADATA_OK"
"/root/.cache/pip/http-v2/e/f/a/6/5/efa653b96dc2b28c3db28c77768a437779805f381163a479d93a178a","efa653b96dc2b28c3db28c77768a437779805f381163a479d93a178a","efa653b96dc2b28c3db28c77768a437779805f381163a479d93a178a",1240,"2026-05-13 23:27:08",db6e12a0b6dd5676532bda0ae0111f8647b0498d641fe93ea61d0d222c9854a1,"DOCUMENT_OR_DATA_REVIEW","METADATA_OK"
"/root/.cache/pip/http-v2/e/f/a/6/5/efa653b96dc2b28c3db28c77768a437779805f381163a479d93a178a.body","efa653b96dc2b28c3db28c77768a437779805f381163a479d93a178a.body","body",5148,"2026-05-13 23:27:08",8d76fc4e382cedcd22bcaeaa748af39b3fa7931b72442396d15cb181659d0a4e,"DOCUMENT_OR_DATA_REVIEW","METADATA_OK"
"/root/.cache/pip/http-v2/f/4/d/6/d/f4d6ddc6dbcd1c76a78af5d1985c66ea397253e304b60b52f871f59d","f4d6ddc6dbcd1c76a78af5d1985c66ea397253e304b60b52f871f59d","f4d6ddc6dbcd1c76a78af5d1985c66ea397253e304b60b52f871f59d",1297,"2026-05-13 22:56:18",e36c22eae593134ca88d84638eccaf27ccbdec4599439ceef0e28e4653a8fb86,"DOCUMENT_OR_DATA_REVIEW","METADATA_OK"
"/root/.cache/pip/http-v2/f/4/d/6/d/f4d6ddc6dbcd1c76a78af5d1985c66ea397253e304b60b52f871f59d.body","f4d6ddc6dbcd1c76a78af5d1985c66ea397253e304b60b52f871f59d.body","body",1830,"2026-05-13 22:56:18",8fcd119027b38b9642c2d3511f213c39dff5ae63f9dcafb6f4d60306742646f1,"DOCUMENT_OR_DATA_REVIEW","METADATA_OK"
"/root/.cache/pip/http/0/0/9/3/7/00937b303388648a71f7165eca6c7cf554c56e04ea245b89de99c18c","00937b303388648a71f7165eca6c7cf554c56e04ea245b89de99c18c","00937b303388648a71f7165eca6c7cf554c56e04ea245b89de99c18c",18903221,"2026-05-10 11:29:43",293d06fc0e20a00e9ccda3832b553434578598939303b5683fb701c39800a4b2,"DOCUMENT_OR_DATA_REVIEW","METADATA_OK"
"/root/.cache/pip/http/0/2/6/9/1/02691b2c3f49ae54faa8130cf4d2d0724a402a9773278549e02c7087","02691b2c3f49ae54faa8130cf4d2d0724a402a9773278549e02c7087","02691b2c3f49ae54faa8130cf4d2d0724a402a9773278549e02c7087",4238984,"2026-05-10 14:31:25",302885907403da21fce4446f11d5bbdfbed54864f1175b90b142005f0ffc79af,"DOCUMENT_OR_DATA_REVIEW","METADATA_OK"
"/root/.cache/pip/http/0/4/1/8/c/0418c83b80f7f7bfaec2738bfbbee53d2c1562196c0781702f6eddc8","0418c83b80f7f7bfaec2738bfbbee53d2c1562196c0781702f6eddc8","0418c83b80f7f7bfaec2738bfbbee53d2c1562196c0781702f6eddc8",165804,"2026-05-10 15:47:41",3128a71483673f9e266ffe1c05e4cb72c24bcfecb3740f9b18f1257fcec16ffd,"DOCUMENT_OR_DATA_REVIEW","METADATA_OK"
"/root/.cache/pip/http/0/7/c/4/4/07c44cb2b6331148d0fc56f928fcb862fb31f79032c5e283813363ca","07c44cb2b6331148d0fc56f928fcb862fb31f79032c5e283813363ca","07c44cb2b6331148d0fc56f928fcb862fb31f79032c5e283813363ca",4496426,"2026-05-10 11:25:18",21cab0d03d9dcf62f252225d9eb5070b34188bd016f664966266a76a35187101,"DOCUMENT_OR_DATA_REVIEW","METADATA_OK"
"/root/.cache/pip/http/0/b/7/5/8/0b75895e07c6bf91ecc2300e87604614e97829252a3b3d83f74d126c","0b75895e07c6bf91ecc2300e87604614e97829252a3b3d83f74d126c","0b75895e07c6bf91ecc2300e87604614e97829252a3b3d83f74d126c",3573355,"2026-05-10 15:21:12",01022c9996d13939777a07fa6213a10021759f1d89d1b12f91a36b5214430850,"DOCUMENT_OR_DATA_REVIEW","METADATA_OK"
"/root/.cache/pip/http/1/5/0/1/0/150100a2ccd02ad6532b3b5c42c60b6226a2ece83841729a95c2c75e","150100a2ccd02ad6532b3b5c42c60b6226a2ece83841729a95c2c75e","150100a2ccd02ad6532b3b5c42c60b6226a2ece83841729a95c2c75e",3178580,"2026-05-10 15:23:58",206c4d046042da88deaf7f5dc856b5c66f5c55f976879a3f5b876d36bf3a4cdc,"DOCUMENT_OR_DATA_REVIEW","METADATA_OK"
"/root/.cache/pip/http/1/7/6/8/9/1768910b1f6720def0cd5d5d359c4637c80fc12275ef232ec832079d","1768910b1f6720def0cd5d5d359c4637c80fc12275ef232ec832079d","1768910b1f6720def0cd5d5d359c4637c80fc12275ef232ec832079d",3189523,"2026-05-10 15:23:03",ec05d37852a6047f425cb3a1291855445792748c8f18c8abda4497cd809e37a8,"DOCUMENT_OR_DATA_REVIEW","METADATA_OK"
"/root/.cache/pip/http/1/8/e/c/b/18ecb372789efe49bbe46617b1f5d32a2b0eac245d58cbf930116174","18ecb372789efe49bbe46617b1f5d32a2b0eac245d58cbf930116174","18ecb372789efe49bbe46617b1f5d32a2b0eac245d58cbf930116174",252150,"2026-05-10 11:04:57",f41f67c9825bae22224bc704d57b75ea17b8f02788df05dd6aef286c9fc3fb01,"DOCUMENT_OR_DATA_REVIEW","METADATA_OK"
"/root/.cache/pip/http/1/e/8/1/f/1e81fc9ec47dcffbc65024f54ce72f5b6da0a9a14df324e390b5bd73","1e81fc9ec47dcffbc65024f54ce72f5b6da0a9a14df324e390b5bd73","1e81fc9ec47dcffbc65024f54ce72f5b6da0a9a14df324e390b5bd73",4198256,"2026-05-10 14:28:35",0ac2ac22a6d0817b1576c07f9178e2a8e92e119a180e42d4b93bc6984a208ad0,"DOCUMENT_OR_DATA_REVIEW","METADATA_OK"
"/root/.cache/pip/http/1/f/c/e/5/1fce527aa986360aa45d54cafe707340becea999648aba062730f520","1fce527aa986360aa45d54cafe707340becea999648aba062730f520","1fce527aa986360aa45d54cafe707340becea999648aba062730f520",4238769,"2026-05-10 14:34:16",2c8da6136df1b27f3b748a16bbb8a8670ccf06c20ce21dfa74d813835aba7e80,"DOCUMENT_OR_DATA_REVIEW","METADATA_OK"
"/root/.cache/pip/http/3/6/5/e/a/365ea28f603b8ce12b6f327aebb85d07917fc12688bd8ca440f6cd58","365ea28f603b8ce12b6f327aebb85d07917fc12688bd8ca440f6cd58","365ea28f603b8ce12b6f327aebb85d07917fc12688bd8ca440f6cd58",30154,"2026-05-10 11:25:49",e8bf414edf9d20c4af10efe9423229c65f7e628373dd0afd75b28834b205105d,"DOCUMENT_OR_DATA_REVIEW","METADATA_OK"
"/root/.cache/pip/http/4/3/4/1/8/4341845ab7541ed07589dde3cb3761bb13bb7c0f24131df1911052f8","4341845ab7541ed07589dde3cb3761bb13bb7c0f24131df1911052f8","4341845ab7541ed07589dde3cb3761bb13bb7c0f24131df1911052f8",3840104,"2026-05-10 15:12:23",802b001bd96fab5fec140a37a3f1c1cbba770df2d65afba8cf5633929fa24797,"DOCUMENT_OR_DATA_REVIEW","METADATA_OK"
"/root/.cache/pip/http/4/4/e/5/b/44e5b11a6caa92636d8ccfe658d420ba4ed8f67f7f4e835b214255aa","44e5b11a6caa92636d8ccfe658d420ba4ed8f67f7f4e835b214255aa","44e5b11a6caa92636d8ccfe658d420ba4ed8f67f7f4e835b214255aa",14411,"2026-05-10 15:18:29",ac97ad70e3867da6d82731e39f23b7a36f883bc7dc45be98f21c71149e6133c5,"DOCUMENT_OR_DATA_REVIEW","METADATA_OK"
"/root/.cache/pip/http/4/7/2/4/7/47247fc2a4053c7039d97567a51a19e6eebdf15e17f3ad503a4855cd","47247fc2a4053c7039d97567a51a19e6eebdf15e17f3ad503a4855cd","47247fc2a4053c7039d97567a51a19e6eebdf15e17f3ad503a4855cd",3676534,"2026-05-10 15:04:52",9884f915e042201ba7b2a55640c01781a4de00996f0a92bfb14a0de028c659ac,"DOCUMENT_OR_DATA_REVIEW","METADATA_OK"
"/root/.cache/pip/http/4/8/0/d/6/480d6f7ef777fd4fe0178a90255bde2c80a7d6807db13d9efb77f8d8","480d6f7ef777fd4fe0178a90255bde2c80a7d6807db13d9efb77f8d8","480d6f7ef777fd4fe0178a90255bde2c80a7d6807db13d9efb77f8d8",403846,"2026-05-10 15:45:37",0eae73f66ebd4e1d93d056d6983806b7ca5ba43e520765e34a9ac16f2a2ce17a,"DOCUMENT_OR_DATA_REVIEW","METADATA_OK"
"/root/.cache/pip/http/4/d/2/7/2/4d272e6453941ce8b0a37a02cdb1685fc612c33441fa74691fb40656","4d272e6453941ce8b0a37a02cdb1685fc612c33441fa74691fb40656","4d272e6453941ce8b0a37a02cdb1685fc612c33441fa74691fb40656",19673,"2026-05-10 15:18:24",5b03ba6a9dae8c170488aabcae9863ac631253a8e06f412030dc8b4ceb300b04,"DOCUMENT_OR_DATA_REVIEW","METADATA_OK"
"/root/.cache/pip/http/5/0/4/f/8/504f81fa858392cefe40618ff99e2366c2330aac06beb4d476574cd5","504f81fa858392cefe40618ff99e2366c2330aac06beb4d476574cd5","504f81fa858392cefe40618ff99e2366c2330aac06beb4d476574cd5",4547078,"2026-05-10 15:25:13",cb5d296a9801e645d185da2d2e7d1bd277467407909f4c21686e51770c73c9c1,"DOCUMENT_OR_DATA_REVIEW","METADATA_OK"
"/root/.cache/pip/http/5/2/2/8/a/5228aae2c8b8c97096fbde22af3206d7d4c68f0ead2902ee08ef96db","5228aae2c8b8c97096fbde22af3206d7d4c68f0ead2902ee08ef96db","5228aae2c8b8c97096fbde22af3206d7d4c68f0ead2902ee08ef96db",3680681,"2026-05-10 14:47:13",9814b9ad4980f0753c8e737260aeeee908c7ed70e02409606ce3b6a4a642fd09,"DOCUMENT_OR_DATA_REVIEW","METADATA_OK"
"/root/.cache/pip/http/5/4/c/8/5/54c85ac9bfa8e8e64556e032f38cf5f9166ea2a756adce07ad001952","54c85ac9bfa8e8e64556e032f38cf5f9166ea2a756adce07ad001952","54c85ac9bfa8e8e64556e032f38cf5f9166ea2a756adce07ad001952",3860071,"2026-05-10 15:20:19",70901f920b45a43c2dcc9ccf334520aaf0da80fdb02b8216f815b5fe87a44fbf,"DOCUMENT_OR_DATA_REVIEW","METADATA_OK"
"/root/.cache/pip/http/5/9/1/a/0/591a0a7ea47d81cffb332bf5e1460e560ce743822558c6f345314d4b","591a0a7ea47d81cffb332bf5e1460e560ce743822558c6f345314d4b","591a0a7ea47d81cffb332bf5e1460e560ce743822558c6f345314d4b",19296,"2026-05-10 11:04:57",149e8d863190f547b283ebd0477878986fcc9070d95f42bbd6026b7b1b25b963,"DOCUMENT_OR_DATA_REVIEW","METADATA_OK"
"/root/.cache/pip/http/5/f/a/8/7/5fa87eddd6fd5bbf7f1b03142eb8ffa0be91b1f19fc6f6f73816e835","5fa87eddd6fd5bbf7f1b03142eb8ffa0be91b1f19fc6f6f73816e835","5fa87eddd6fd5bbf7f1b03142eb8ffa0be91b1f19fc6f6f73816e835",3679795,"2026-05-10 14:54:01",fba93ea1ed52a00a9118c3b4b83625dfc54e876d7aa5fc371936c1726949a2b5,"DOCUMENT_OR_DATA_REVIEW","METADATA_OK"
"/root/.cache/pip/http/6/0/7/7/9/607791e5b4b27b950071c623624cd2fe9db94a69c7f27ce1a70e6735","607791e5b4b27b950071c623624cd2fe9db94a69c7f27ce1a70e6735","607791e5b4b27b950071c623624cd2fe9db94a69c7f27ce1a70e6735",3679832,"2026-05-10 15:01:12",39acd9cf45ac6dcb5796c3c659eab62c8d37c9cedd373f41094d2ddcaf1fc045,"DOCUMENT_OR_DATA_REVIEW","METADATA_OK"
"/root/.cache/pip/http/6/1/7/b/8/617b8c0ee311c4ed8a9da307f55583e752da6016d19d464b472756e9","617b8c0ee311c4ed8a9da307f55583e752da6016d19d464b472756e9","617b8c0ee311c4ed8a9da307f55583e752da6016d19d464b472756e9",3210456,"2026-05-10 15:22:27",e5f12db2e4602f6688fd5675ac058b98eac25f2fa7d71d14519d89347f61f920,"DOCUMENT_OR_DATA_REVIEW","METADATA_OK"
"/root/.cache/pip/http/6/6/d/c/a/66dca7bbc71fbb8945b23750a7adc3b26c5b4522cea5aa217a9904f2","66dca7bbc71fbb8945b23750a7adc3b26c5b4522cea5aa217a9904f2","66dca7bbc71fbb8945b23750a7adc3b26c5b4522cea5aa217a9904f2",30163,"2026-05-10 11:25:49",a3266c828b874ebadb41ebb86647c2ed7c9e86e6e645488e2e14997455a7e558,"DOCUMENT_OR_DATA_REVIEW","METADATA_OK"
"/root/.cache/pip/http/6/6/e/c/7/66ec76a7b6ed4081044f5c7821af293b63c17bc2ac523ff93d5ca7d5","66ec76a7b6ed4081044f5c7821af293b63c17bc2ac523ff93d5ca7d5","66ec76a7b6ed4081044f5c7821af293b63c17bc2ac523ff93d5ca7d5",219475,"2026-05-10 11:23:57",483f0bbcf49a6c161de67706ba2794eafb2d4caec5d92093226bb0b41e21393c,"DOCUMENT_OR_DATA_REVIEW","METADATA_OK"
"/root/.cache/pip/http/6/9/a/b/9/69ab94833cd20d09e8d09e3e8bfca02cc3937d6f64584f4b5d16a9fd","69ab94833cd20d09e8d09e3e8bfca02cc3937d6f64584f4b5d16a9fd","69ab94833cd20d09e8d09e3e8bfca02cc3937d6f64584f4b5d16a9fd",3378369,"2026-05-10 15:22:08",e94df94cd875750b2f7bf4d41d090b5735bf4e39b31f0d1ab2f19c0c5d930992,"DOCUMENT_OR_DATA_REVIEW","METADATA_OK"
"/root/.cache/pip/http/6/b/5/3/a/6b53a9dd0e4fce887cc28c1a921aa1befe8c1a82e6c213d2542d2acb","6b53a9dd0e4fce887cc28c1a921aa1befe8c1a82e6c213d2542d2acb","6b53a9dd0e4fce887cc28c1a921aa1befe8c1a82e6c213d2542d2acb",14015,"2026-05-10 11:04:54",15a1e2b6bd759505ab5ce3ad283bdf85b85916f36daf66babd5b78b35040bfef,"DOCUMENT_OR_DATA_REVIEW","METADATA_OK"
"/root/.cache/pip/http/7/1/a/0/8/71a081daae344f724becd38c59c1b348ffc1897b889a3187b453772c","71a081daae344f724becd38c59c1b348ffc1897b889a3187b453772c","71a081daae344f724becd38c59c1b348ffc1897b889a3187b453772c",4062434,"2026-05-10 15:20:39",7d61afc759461bceef4f0cdd423baf5ba77bdf2b16bc0a734e7634b7df08ff48,"DOCUMENT_OR_DATA_REVIEW","METADATA_OK"
"/root/.cache/pip/http/7/7/d/0/b/77d0b6258eaf4d9961dad4dc431b390b6d1a9de3e555bef95dd4ba9d","77d0b6258eaf4d9961dad4dc431b390b6d1a9de3e555bef95dd4ba9d","77d0b6258eaf4d9961dad4dc431b390b6d1a9de3e555bef95dd4ba9d",4548319,"2026-05-10 15:24:49",bdb7644d71e321ef7d918b0a804abce8e26bf13556a7332e0f7dc6f63d53091f,"DOCUMENT_OR_DATA_REVIEW","METADATA_OK"
"/root/.cache/pip/http/7/b/d/6/0/7bd602bd6a57097983ebeffd2991741fe1d9ffdee89ce568a060c648","7bd602bd6a57097983ebeffd2991741fe1d9ffdee89ce568a060c648","7bd602bd6a57097983ebeffd2991741fe1d9ffdee89ce568a060c648",3676782,"2026-05-10 15:08:36",2bc6fb42f0ffd9ceeb15e55a85d78c731b7349c4a3170733d4ecf03b14f0c41e,"DOCUMENT_OR_DATA_REVIEW","METADATA_OK"
"/root/.cache/pip/http/8/2/d/6/9/82d6953d5f7240947d37bb6f4675fe2bf5fcabfd5e019b8de1e1c131","82d6953d5f7240947d37bb6f4675fe2bf5fcabfd5e019b8de1e1c131","82d6953d5f7240947d37bb6f4675fe2bf5fcabfd5e019b8de1e1c131",4533102,"2026-05-10 15:25:36",4eb46911560695dc1844ad391e76a04bd5d14db3c17d072cbc91389b18e2d231,"DOCUMENT_OR_DATA_REVIEW","METADATA_OK"
"/root/.cache/pip/http/8/4/c/2/2/84c223236e88dc73dc11cf54087a90ff8d652bc0577d46fe03ceb4fe","84c223236e88dc73dc11cf54087a90ff8d652bc0577d46fe03ceb4fe","84c223236e88dc73dc11cf54087a90ff8d652bc0577d46fe03ceb4fe",4098140,"2026-05-10 14:43:57",a794984fd01a7fcf648fe388b9019fb4a6716332b192a6f8d255675cdf947218,"DOCUMENT_OR_DATA_REVIEW","METADATA_OK"
"/root/.cache/pip/http/8/8/0/6/b/8806bc1a8c8aaac2953820e2b18797e569d38d83d731dd594f555d37","8806bc1a8c8aaac2953820e2b18797e569d38d83d731dd594f555d37","8806bc1a8c8aaac2953820e2b18797e569d38d83d731dd594f555d37",3172032,"2026-05-10 15:24:31",f7356a1ef81448bf4d73e30f2e012b07183617810fd23ed80cd8ded2da04f625,"DOCUMENT_OR_DATA_REVIEW","METADATA_OK"
"/root/.cache/pip/http/8/9/f/a/8/89fa8ab30d2f4aadfc64614afac8c4c0df513b178aa62d81895e9f7c","89fa8ab30d2f4aadfc64614afac8c4c0df513b178aa62d81895e9f7c","89fa8ab30d2f4aadfc64614afac8c4c0df513b178aa62d81895e9f7c",1172852,"2026-05-10 14:48:39",cdb9285ddda4520ef24147784fba648fc177bc3bf2955f9b000672a3078d9906,"DOCUMENT_OR_DATA_REVIEW","METADATA_OK"
"/root/.cache/pip/http/9/4/8/9/9/94899245e6157699f288d4a216641d44493991601a06acc07bdbe5b4","94899245e6157699f288d4a216641d44493991601a06acc07bdbe5b4","94899245e6157699f288d4a216641d44493991601a06acc07bdbe5b4",4071416,"2026-05-10 14:40:06",798cd34eabfdd5c89149546e3ae5532fcba21bd4b2c3ce34528e31508364ed57,"DOCUMENT_OR_DATA_REVIEW","METADATA_OK"
"/root/.cache/pip/http/9/6/7/8/5/967857dd3681a1bb83c9632aad9815556f1da84934ad6aa3be0d7700","967857dd3681a1bb83c9632aad9815556f1da84934ad6aa3be0d7700","967857dd3681a1bb83c9632aad9815556f1da84934ad6aa3be0d7700",2732,"2026-05-10 11:04:57",a66e8acca850604e4362abeec33c7234d1e20be6be2174842f0722ce545fad1a,"DOCUMENT_OR_DATA_REVIEW","METADATA_OK"
"/root/.cache/pip/http/9/8/b/e/c/98bec8f6573cfda1d5b6925f60bc00cab60250ad06f2886adaa32c22","98bec8f6573cfda1d5b6925f60bc00cab60250ad06f2886adaa32c22","98bec8f6573cfda1d5b6925f60bc00cab60250ad06f2886adaa32c22",1788955,"2026-05-13 22:54:43",33e6b7fb08eae63df8d83c61b8f961a63edcf69a2533ef56ae299bc3b56b1de0,"DOCUMENT_OR_DATA_REVIEW","METADATA_OK"
"/root/.cache/pip/http/9/9/1/d/e/991de6b156d764c62f0de8035b40aa71a5a3959e54ef1e9b5be454fe","991de6b156d764c62f0de8035b40aa71a5a3959e54ef1e9b5be454fe","991de6b156d764c62f0de8035b40aa71a5a3959e54ef1e9b5be454fe",254227,"2026-05-10 14:27:41",737b640b536ee1f35fb49f0b093c81f97bb5dfff04a33311e6a08c09b2f5dba6,"DOCUMENT_OR_DATA_REVIEW","METADATA_OK"
"/root/.cache/pip/http/a/1/2/1/b/a121b50dd8e0a314a19541f8086e102adb896aff69e7481c48d68c74","a121b50dd8e0a314a19541f8086e102adb896aff69e7481c48d68c74","a121b50dd8e0a314a19541f8086e102adb896aff69e7481c48d68c74",3175010,"2026-05-10 15:24:15",af4045db01bd0667c111b84f0b29d5938f26e2d193b6de12ca21c6ea3879477e,"DOCUMENT_OR_DATA_REVIEW","METADATA_OK"
"/root/.cache/pip/http/a/1/9/5/3/a19537d3cf37c122db841d6fe4cd322bc10d1a558bb00d146b85cb9a","a19537d3cf37c122db841d6fe4cd322bc10d1a558bb00d146b85cb9a","a19537d3cf37c122db841d6fe4cd322bc10d1a558bb00d146b85cb9a",33772,"2026-05-13 22:54:35",1e47670455c9d0b3b9708a236436f2e86cfb09321be64f738686e94dfd23cec4,"DOCUMENT_OR_DATA_REVIEW","METADATA_OK"
"/root/.cache/pip/http/a/2/6/7/f/a267f54c19667a20e6416d2dc2a1df4a525eed802f0f2b538b654da1","a267f54c19667a20e6416d2dc2a1df4a525eed802f0f2b538b654da1","a267f54c19667a20e6416d2dc2a1df4a525eed802f0f2b538b654da1",402862,"2026-05-10 15:46:44",2aa5e9dc5544528b588c3946ec37c27a5576987ec2b190ba7b058bdac2a130c3,"DOCUMENT_OR_DATA_REVIEW","METADATA_OK"
"/root/.cache/pip/http/a/7/0/a/b/a70abd204a2e8eb4e34f312eb3ae84f035dd4bfdd009813cb8d789d1","a70abd204a2e8eb4e34f312eb3ae84f035dd4bfdd009813cb8d789d1","a70abd204a2e8eb4e34f312eb3ae84f035dd4bfdd009813cb8d789d1",3577865,"2026-05-10 15:20:53",8d9571945eb380589a4ef0f51aa7c6aba988d732bce609b73217a010d3c0e8cb,"DOCUMENT_OR_DATA_REVIEW","METADATA_OK"
"/root/.cache/pip/http/b/e/3/b/7/be3b7193be52a83db5b779d57cf669df47eba882fd8f277f3043fd55","be3b7193be52a83db5b779d57cf669df47eba882fd8f277f3043fd55","be3b7193be52a83db5b779d57cf669df47eba882fd8f277f3043fd55",3863634,"2026-05-10 15:19:59",a3c53aa7f9d977c8db877a3e9a9ee8fec35264ea9a857e2b72fd9d498d08aad3,"DOCUMENT_OR_DATA_REVIEW","METADATA_OK"
"/root/.cache/pip/http/b/f/d/d/6/bfdd638daae1b2b3aeea03ae72804d7ce76ed68aa09d858ab1717396","bfdd638daae1b2b3aeea03ae72804d7ce76ed68aa09d858ab1717396","bfdd638daae1b2b3aeea03ae72804d7ce76ed68aa09d858ab1717396",3179102,"2026-05-10 15:23:22",1ebab0683e59b8639940d06bea6aa2d388ed767e58966a50bf81f4df43ec4a18,"DOCUMENT_OR_DATA_REVIEW","METADATA_OK"
"/root/.cache/pip/http/c/0/8/8/8/c08887541c91631185c3d2fea16c6315726d8bafec091c33bb6b454e","c08887541c91631185c3d2fea16c6315726d8bafec091c33bb6b454e","c08887541c91631185c3d2fea16c6315726d8bafec091c33bb6b454e",3840838,"2026-05-10 15:16:11",baa20c319e6952efd88c433fc29966ba8c6a1166ae9d8bfc8935b4493a070e8c,"REPAIR_GUARDRAIL_CANDIDATE","METADATA_OK"
"/root/.cache/pip/http/c/7/5/2/a/c752a3a200c6c3da17c10fdd1a6ff3825406975be59df765fc7f928f","c752a3a200c6c3da17c10fdd1a6ff3825406975be59df765fc7f928f","c752a3a200c6c3da17c10fdd1a6ff3825406975be59df765fc7f928f",3681148,"2026-05-10 14:50:36",bdc727e54e9b5cafbd680cbad683d25c4dc4b044f8c296115c8eb9275054c42b,"DOCUMENT_OR_DATA_REVIEW","METADATA_OK"
"/root/.cache/pip/http/c/c/0/d/7/cc0d7e85351daa9d036bc692d76fd3e8cc5fcfcd40bdd51f31b70429","cc0d7e85351daa9d036bc692d76fd3e8cc5fcfcd40bdd51f31b70429","cc0d7e85351daa9d036bc692d76fd3e8cc5fcfcd40bdd51f31b70429",3680519,"2026-05-10 14:57:32",66b64a2c3ad0495ac72ee4f378da34cdaaed6509b8cec61815634ffaa06bd9e9,"DOCUMENT_OR_DATA_REVIEW","METADATA_OK"
"/root/.cache/pip/http/c/c/1/3/3/cc133da5701a066bc3777b2575e0daa601596f19871db4608ca98b97","cc133da5701a066bc3777b2575e0daa601596f19871db4608ca98b97","cc133da5701a066bc3777b2575e0daa601596f19871db4608ca98b97",369678,"2026-05-10 11:26:56",ef2332596d092b81a479919f8dd08f3be8e71f5a3c750321e17ff186f32d947f,"DOCUMENT_OR_DATA_REVIEW","METADATA_OK"
"/root/.cache/pip/http/c/d/4/8/a/cd48a271fa0ad101e4d82dc70d01488090fd42b8b61ce904fc2ccd74","cd48a271fa0ad101e4d82dc70d01488090fd42b8b61ce904fc2ccd74","cd48a271fa0ad101e4d82dc70d01488090fd42b8b61ce904fc2ccd74",1079770,"2026-05-10 11:25:54",46dbc15ac32a4d51522c2228136590af1279f18330f85f52463f461f53bf62df,"DOCUMENT_OR_DATA_REVIEW","METADATA_OK"
"/root/.cache/pip/http/c/d/e/c/3/cdec3d0140a615c153130a37691576ea1707e32a1ab5e60ae5a540f4","cdec3d0140a615c153130a37691576ea1707e32a1ab5e60ae5a540f4","cdec3d0140a615c153130a37691576ea1707e32a1ab5e60ae5a540f4",101432,"2026-05-10 14:45:52",3feefd1117cc7b51bca09071de5933bdbaf5a5b5d09bd673476a89f42eb4af17,"DOCUMENT_OR_DATA_REVIEW","METADATA_OK"
"/root/.cache/pip/http/c/f/a/8/3/cfa83d8e2ded13f4adf1fcd9e7f7c3ef45ebc56f6f741dc2a12d0b2e","cfa83d8e2ded13f4adf1fcd9e7f7c3ef45ebc56f6f741dc2a12d0b2e","cfa83d8e2ded13f4adf1fcd9e7f7c3ef45ebc56f6f741dc2a12d0b2e",33469,"2026-05-10 11:25:58",f9b011408ff39604d183d1f12979c082f7441a947770fcbc46c96c25ecdc33c9,"DOCUMENT_OR_DATA_REVIEW","METADATA_OK"
"/root/.cache/pip/http/d/9/d/5/f/d9d5f2d642db317afc4dbf47caf66f462f28670a2eafad11d17a25d5","d9d5f2d642db317afc4dbf47caf66f462f28670a2eafad11d17a25d5","d9d5f2d642db317afc4dbf47caf66f462f28670a2eafad11d17a25d5",8613,"2026-05-10 11:25:47",10707d1cddd8b8c4c8e51c798dd9f60bbc4a944e6e7b114070d6920e881809f6,"DOCUMENT_OR_DATA_REVIEW","METADATA_OK"
"/root/.cache/pip/http/d/f/9/0/b/df90ba6c84bac0ae587d7e5b5a5de66b39386e0a90fe62fc4ec67b53","df90ba6c84bac0ae587d7e5b5a5de66b39386e0a90fe62fc4ec67b53","df90ba6c84bac0ae587d7e5b5a5de66b39386e0a90fe62fc4ec67b53",1007463,"2026-05-10 14:30:18",af74187e573229a52f1db0145e771d3e4a70e4b43cbdadf05044ce5c8f321a76,"DOCUMENT_OR_DATA_REVIEW","METADATA_OK"
"/root/.cache/pip/http/e/0/b/4/f/e0b4f4d1d5b8bb8b844f230fb9255eeabd73b4bd6598e826c4219d4f","e0b4f4d1d5b8bb8b844f230fb9255eeabd73b4bd6598e826c4219d4f","e0b4f4d1d5b8bb8b844f230fb9255eeabd73b4bd6598e826c4219d4f",45857,"2026-05-10 14:27:44",95da684f8172f8e596fc137e1cb00ef134d5a17d09fa4b8d999dfcc490e9f7a5,"DOCUMENT_OR_DATA_REVIEW","METADATA_OK"
"/root/.cache/pip/http/e/1/5/a/c/e15ac2c24b33de92dedfc96b6b9f27aa5bd1ea3dba163e9c5eb1fb24","e15ac2c24b33de92dedfc96b6b9f27aa5bd1ea3dba163e9c5eb1fb24","e15ac2c24b33de92dedfc96b6b9f27aa5bd1ea3dba163e9c5eb1fb24",1258313,"2026-05-10 11:26:55",c1e6cb505c5afdf76268914ebe9463c8376afea5373a1e829369e52d2a39ffc7,"DOCUMENT_OR_DATA_REVIEW","METADATA_OK"
"/root/.cache/pip/http/e/2/0/7/4/e207426cbcf220918fdf354826064190a066f96cd6ad8830f1f11fdc","e207426cbcf220918fdf354826064190a066f96cd6ad8830f1f11fdc","e207426cbcf220918fdf354826064190a066f96cd6ad8830f1f11fdc",14905,"2026-05-10 14:27:42",233871022fc602b3c38e77732c81c914a15938cf2cfc730c438abd666b0652cc,"DOCUMENT_OR_DATA_REVIEW","METADATA_OK"
"/root/.cache/pip/http/e/5/1/3/f/e513f6356383e0c2cefa4bce92ea2a8b247cc4c06771fb884ecee30c","e513f6356383e0c2cefa4bce92ea2a8b247cc4c06771fb884ecee30c","e513f6356383e0c2cefa4bce92ea2a8b247cc4c06771fb884ecee30c",3378898,"2026-05-10 15:21:50",2345e67862648b4cabee2504c7011ef065bf2f6ded4db72c8506e4b111bd8b11,"DOCUMENT_OR_DATA_REVIEW","METADATA_OK"
"/root/.cache/pip/http/e/c/a/9/3/eca9333c365d497691812672b0c50b762676d2f623617cbd483e02e3","eca9333c365d497691812672b0c50b762676d2f623617cbd483e02e3","eca9333c365d497691812672b0c50b762676d2f623617cbd483e02e3",3683471,"2026-05-10 15:21:31",ae76a943e732cf15111d036ff1f124f1b2bdb0a51ec9b513d8bd788ae1ac641d,"DOCUMENT_OR_DATA_REVIEW","METADATA_OK"
"/root/.cache/pip/http/e/d/0/2/4/ed0244704fc1f292d81ef6e4795cfb331e393a3e326676758bfd32d6","ed0244704fc1f292d81ef6e4795cfb331e393a3e326676758bfd32d6","ed0244704fc1f292d81ef6e4795cfb331e393a3e326676758bfd32d6",3192382,"2026-05-10 15:23:40",89f4a20eddad878c1118f59708bb74b8c8f38834a592d92cc7f7a032f2b42751,"DOCUMENT_OR_DATA_REVIEW","METADATA_OK"
"/root/.cache/pip/http/e/d/b/3/b/edb3baf90632cffec441cc46b42df9b7b9bd5ae1fe19a2b8d93254ff","edb3baf90632cffec441cc46b42df9b7b9bd5ae1fe19a2b8d93254ff","edb3baf90632cffec441cc46b42df9b7b9bd5ae1fe19a2b8d93254ff",6331,"2026-05-10 15:40:36",e3d0ba9c7c0e43ddc854dc1ef0e0aeda434a1a39a6110a5953ed56b4d51d62b0,"DOCUMENT_OR_DATA_REVIEW","METADATA_OK"
"/root/.cache/pip/http/f/0/0/8/c/f008c7391a6d9eee8f48acc263ecf2eb9d9bee209df4b3de48a27baa","f008c7391a6d9eee8f48acc263ecf2eb9d9bee209df4b3de48a27baa","f008c7391a6d9eee8f48acc263ecf2eb9d9bee209df4b3de48a27baa",4074627,"2026-05-10 14:37:08",10d79cab2fce02e4ca5ffed6c99b7516e83d3f112f326feb5e072c1e97cd155e,"DOCUMENT_OR_DATA_REVIEW","METADATA_OK"
"/root/.cache/pip/http/f/f/8/c/0/ff8c092b9d2fac089999bafa10a4124d5ceb8a78a64d6f50d0f72e5f","ff8c092b9d2fac089999bafa10a4124d5ceb8a78a64d6f50d0f72e5f","ff8c092b9d2fac089999bafa10a4124d5ceb8a78a64d6f50d0f72e5f",3205473,"2026-05-10 15:22:45",979ae7ca69109c42815d7d08fe25ba5273754aee968b0802c84b2f196d9fe65f,"DOCUMENT_OR_DATA_REVIEW","METADATA_OK"
"/root/.cache/pip/selfcheck/241e69162522ccf5846a2f42ebc24b17464915a155679666b89a9f31","241e69162522ccf5846a2f42ebc24b17464915a155679666b89a9f31","241e69162522ccf5846a2f42ebc24b17464915a155679666b89a9f31",86,"2026-05-19 12:05:33",5ac5f64222001e4403a10ece9891ebf90b1c8495d467518fb434d5f941372357,"DOCUMENT_OR_DATA_REVIEW","METADATA_OK"
"/root/.cache/pip/wheels/52/d1/38/4b8d116f4a66253a18ce1684397924583edd37215bfc2c892e/lxml-6.1.0-cp39-cp39-linux_i686.whl","lxml-6.1.0-cp39-cp39-linux_i686.whl","whl",9329657,"2026-05-10 17:21:48",c1a93e84a9a32adcf9a29f2a6a117efd1edfb342157bb97916db4afd0ae8de48,"DOCUMENT_OR_DATA_REVIEW","METADATA_OK"
"/root/ALPINE_IPHONE_STORAGE_CENSUS_20260524_144342.txt","ALPINE_IPHONE_STORAGE_CENSUS_20260524_144342.txt","txt",40511,"2026-05-24 14:43:47",1bd9876a85a252f658c0e084c0b2888cb3e614a71b5a1146059ead76d605a094,"DOCUMENT_OR_DATA_REVIEW","METADATA_OK"
"/root/CMU_IPHONE_CENSUS/01_CMU_SIGNAL_PATHS.txt","01_CMU_SIGNAL_PATHS.txt","txt",180191,"2026-05-23 01:24:31",557770fd70be3e9aaa38ccd7fe65ef1a8b85fcc9a77381b1aafc560f6d837534,"DOCUMENT_OR_DATA_REVIEW","METADATA_OK"
"/root/CMU_IPHONE_CENSUS/02_IMPORTANT_CONTROL_FILES.txt","02_IMPORTANT_CONTROL_FILES.txt","txt",340939,"2026-05-23 01:24:40",82e3f60765a76bb40b36555c1269711bad9df8fb63aa316888d3e1a656914103,"DOCUMENT_OR_DATA_REVIEW","METADATA_OK"
"/root/CMU_IPHONE_CENSUS/03_CANDIDATE_FOLDERS.txt","03_CANDIDATE_FOLDERS.txt","txt",17851,"2026-05-23 01:24:49",4bbf72e584901f30a7ef43bcfcbb32fa2dcf0a62fb0a070e903c7616bc6eb71d,"DOCUMENT_OR_DATA_REVIEW","METADATA_OK"
"/root/CMU_IPHONE_CENSUS/04_NEWEST_300_FILES.txt","04_NEWEST_300_FILES.txt","txt",24659,"2026-05-23 01:24:49",75d231d54b804ab677f52f7325f2e9403478e106a9d2097032a5c297d1f989e3,"DOCUMENT_OR_DATA_REVIEW","METADATA_OK"
"/root/CMU_IPHONE_CENSUS/05_TITAN_FINAL_FILE_HASHES.txt","05_TITAN_FINAL_FILE_HASHES.txt","txt",5032,"2026-05-23 01:32:14",5342d330257173acf534836ac4d460c8e34bcb568f145059b9427f3f3a918c28,"HASH_REPORT_METADATA","METADATA_OK"
"/root/CMU_IPHONE_CENSUS/06A_TITAN_FINAL_FILE_COUNT.txt","06A_TITAN_FINAL_FILE_COUNT.txt","txt",4,"2026-05-23 01:33:19",e48d9c778f5a7927ce3d0849c898845cbab87286d3e0c3560444404855b90864,"DOCUMENT_OR_DATA_REVIEW","METADATA_OK"
"/root/CMU_IPHONE_CENSUS/06_TITAN_FINAL_FILE_INDEX.txt","06_TITAN_FINAL_FILE_INDEX.txt","txt",30281,"2026-05-23 01:33:17",e8ca8bd47b65e7f5a846c1707a57497c3e416fb9f8d930aae411b937290b7c7d,"HASH_REPORT_METADATA","METADATA_OK"
"/root/CMU_IPHONE_CENSUS/07_TITAN_FINAL_SIZE.txt","07_TITAN_FINAL_SIZE.txt","txt",33,"2026-05-23 01:33:26",35b913b5b70b9480daba0c1049d156074f9bc9aa28885efc7a8517292fdc2e80,"DOCUMENT_OR_DATA_REVIEW","METADATA_OK"
"/root/CMU_IPHONE_CENSUS/08_TITAN_FINAL_INDEX_HASHES.txt","08_TITAN_FINAL_INDEX_HASHES.txt","txt",355,"2026-05-23 01:33:26",e3ab20713c9fe6d684dd3d3180fa9bb0514001be34597080e5025556c3ab125b,"HASH_REPORT_METADATA","METADATA_OK"
"/root/CMU_IPHONE_CENSUS/09_TITAN_FINAL_FOLDER_MAP_DEPTH3.txt","09_TITAN_FINAL_FOLDER_MAP_DEPTH3.txt","txt",2757,"2026-05-23 01:34:10",c9b681fe0dcb238a4d9b69127b120c6312a6661bb37e5671e64f02b5a317c6d7,"DOCUMENT_OR_DATA_REVIEW","METADATA_OK"
"/root/CMU_IPHONE_CENSUS/10_TITAN_FINAL_FOLDER_MAP_HASH.txt","10_TITAN_FINAL_FOLDER_MAP_HASH.txt","txt",127,"2026-05-23 01:34:10",95ea5bd93150e5cf21571012bfbbfe569d5d3d71912f5d7027d36a4a4fa0afc5,"HASH_REPORT_METADATA","METADATA_OK"
"/root/CMU_IPHONE_CENSUS/11_OLD_VDR_V6_3_FILE_INDEX.txt","11_OLD_VDR_V6_3_FILE_INDEX.txt","txt",18302,"2026-05-23 01:34:43",f51ecc8d363c184222036fc93976932b99466173a38776d636703c543c347cab,"HASH_REPORT_METADATA","METADATA_OK"
"/root/CMU_IPHONE_CENSUS/12_OLD_VDR_V6_3_FILE_COUNT.txt","12_OLD_VDR_V6_3_FILE_COUNT.txt","txt",4,"2026-05-23 01:34:44",cc1bdefa1677283e90c64275f66ccd52fe41900b9c53763e2e1058dc971c01b6,"DOCUMENT_OR_DATA_REVIEW","METADATA_OK"
"/root/CMU_IPHONE_CENSUS/13_OLD_VDR_V6_3_SIZE.txt","13_OLD_VDR_V6_3_SIZE.txt","txt",72,"2026-05-23 01:34:48",5fa522d1fe250a78a8b7c725f1b94c32cf7a3243a25ebbe0d10444b3abf17c3d,"DOCUMENT_OR_DATA_REVIEW","METADATA_OK"
"/root/CMU_IPHONE_CENSUS/14_OLD_VDR_V6_3_INDEX_HASHES.txt","14_OLD_VDR_V6_3_INDEX_HASHES.txt","txt",357,"2026-05-23 01:34:48",8159debf821dcfdcb90ae45f6486eaf59a8fba171cb2b3efb10892ced5f04012,"HASH_REPORT_METADATA","METADATA_OK"
"/root/CMU_IPHONE_CENSUS/99_CENSUS_HASHES.txt","99_CENSUS_HASHES.txt","txt",464,"2026-05-23 01:24:50",08aa7d0005b1e0976afde5f5d4c28282353a0f7ce4cf9194a8493640e03c0a91,"HASH_REPORT_METADATA","METADATA_OK"
"/root/DELTA_CORE_v1_0.py","DELTA_CORE_v1_0.py","py",1456,"2026-05-14 08:54:27",323a623bd1cdeb6bb3e52383aa236b74871c745b8cb085f6812705ee9c1d63a7,"SCRIPT_OR_AUTOMATION_REVIEW","METADATA_OK"
"/root/DELTA_FINAL_EXPORT/.directory",".directory","directory",32,"2026-05-19 12:09:11",a980e2d7e2d22a0d9336118b709f7bc5f24fbbcbbc3a0232cc5c2e70908f3dcf,"DOCUMENT_OR_DATA_REVIEW","METADATA_OK"
"/root/DELTA_FINAL_EXPORT/README.txt","README.txt","txt",527,"2026-05-19 12:09:21",ebf56b3a57fa72fef4c680252397637bc279f1a90171c9ad309e9ec9850f550a,"DOCUMENT_OR_DATA_REVIEW","METADATA_OK"
"/root/DELTA_FINAL_EXPORT/Reports/Excel/iPhone_Analysis_20260519_122920.xlsx","iPhone_Analysis_20260519_122920.xlsx","xlsx",6448,"2026-05-19 12:29:25",76b5e5384edd24a4b78551bfed75580b61b79e9c154531db5d11b372ac79e104,"DOCUMENT_OR_DATA_REVIEW","METADATA_OK"
"/root/DELTA_FINAL_EXPORT/Reports/Excel/iPhone_FULL_ANALYSIS_20260519_1305.xlsx","iPhone_FULL_ANALYSIS_20260519_1305.xlsx","xlsx",6447,"2026-05-19 13:05:16",ac92ff68c3d04dbca800037fca75d52e57e44ffd043f789480e1e185e5c7fb3e,"DOCUMENT_OR_DATA_REVIEW","METADATA_OK"
"/root/DELTA_FINAL_EXPORT/SAFE_BACKUP/SOUL_EXPORT_FULL_20260519_1234.tar.gz","SOUL_EXPORT_FULL_20260519_1234.tar.gz","gz",134383,"2026-05-19 12:41:57",f38f7c4c121981fa19a0a251e6b7ac90ee4cc1f29b852b2f8be1da55012f7e7b,"DOCUMENT_OR_DATA_REVIEW","METADATA_OK"
"/root/DELTA_FINAL_EXPORT/SAFE_BACKUP/SOUL_EXPORT_FULL_20260519_1235.tar.gz","SOUL_EXPORT_FULL_20260519_1235.tar.gz","gz",134383,"2026-05-19 12:41:57",f38f7c4c121981fa19a0a251e6b7ac90ee4cc1f29b852b2f8be1da55012f7e7b,"DOCUMENT_OR_DATA_REVIEW","METADATA_OK"
"/root/DELTA_FINAL_EXPORT/SOUL_EXPORT_20260519_1232/Reports/Excel/iPhone_Analysis_20260519_122920.xlsx","iPhone_Analysis_20260519_122920.xlsx","xlsx",6448,"2026-05-19 12:32:41",76b5e5384edd24a4b78551bfed75580b61b79e9c154531db5d11b372ac79e104,"DOCUMENT_OR_DATA_REVIEW","METADATA_OK"
"/root/DELTA_FINAL_EXPORT/SOUL_EXPORT_20260519_1232/SOUL_MANIFEST.txt","SOUL_MANIFEST.txt","txt",376,"2026-05-19 12:32:42",110d1d56c7114d9e2174d65cd4fa254e1bfccd08d81e20f54b02d4d239daa240,"HASH_REPORT_METADATA","METADATA_OK"
"/root/DELTA_FINAL_EXPORT/SOUL_EXPORT_20260519_1232/Scripts/DELTA_CORE_v1_0.py","DELTA_CORE_v1_0.py","py",1456,"2026-05-19 12:32:41",323a623bd1cdeb6bb3e52383aa236b74871c745b8cb085f6812705ee9c1d63a7,"SCRIPT_OR_AUTOMATION_REVIEW","METADATA_OK"
"/root/DELTA_FINAL_EXPORT/SOUL_EXPORT_20260519_1232/Scripts/DELTA_UNITY_ENGINE_v1_7.py","DELTA_UNITY_ENGINE_v1_7.py","py",6110,"2026-05-19 12:32:41",22684a7022143838ad2f71d21d243488e4a1d4a053e7fcfbc5aea78b893ad22b,"SCRIPT_OR_AUTOMATION_REVIEW","METADATA_OK"
"/root/DELTA_FINAL_EXPORT/SOUL_EXPORT_20260519_1232/Scripts/iphone_sha_analyzer.py","iphone_sha_analyzer.py","py",3513,"2026-05-19 12:32:41",db0d1fd704f188e0ac5ef0bd7eb1cee032050c593a645ebf3660a5c21e861807,"HASH_REPORT_METADATA","METADATA_OK"
"/root/DELTA_FINAL_EXPORT/SOUL_EXPORT_20260519_1232/iPhone_Exports/FAJLOVI_SA_TOKENIMA.txt","FAJLOVI_SA_TOKENIMA.txt","txt",2331,"2026-05-19 12:32:41",e2969ff252f90faa6c33b80f2f8d21492c9ee2484b8abfc4b8b01bb795a29a0b,"DOCUMENT_OR_DATA_REVIEW","METADATA_OK"
"/root/DELTA_FINAL_EXPORT/SOUL_EXPORT_20260519_1232/iPhone_Exports/IPHONE_STATIC_EXPORT_PACKET_FOR_MSI_20260516_075558.tar.gz","IPHONE_STATIC_EXPORT_PACKET_FOR_MSI_20260516_075558.tar.gz","gz",2339,"2026-05-19 12:32:41",177485e106ea99b9b0676a2205e98af7988e7004a0354ef9dc5715508ee5c34e,"DOCUMENT_OR_DATA_REVIEW","METADATA_OK"
"/root/DELTA_FINAL_EXPORT/SOUL_EXPORT_20260519_1232/iPhone_Exports/IPHONE_STATIC_EXPORT_PACKET_FOR_MSI_20260516_075558_TAR_SHA256.txt","IPHONE_STATIC_EXPORT_PACKET_FOR_MSI_20260516_075558_TAR_SHA256.txt","txt",131,"2026-05-19 12:32:41",5ab24280d1ce92c945355dc4573bf9f463a3da631ffd4e07bb313759182b412e,"HASH_REPORT_METADATA","METADATA_OK"
"/root/DELTA_FINAL_EXPORT/SOUL_EXPORT_20260519_1232/iPhone_Exports/IPHONE_STATIC_EXPORT_PACKET_MANIFEST_ONLY_20260519_082406_FOR_MSI.tar.gz","IPHONE_STATIC_EXPORT_PACKET_MANIFEST_ONLY_20260519_082406_FOR_MSI.tar.gz","gz",60411,"2026-05-19 12:32:41",f63c8eefeca330eee5deab57dfad274ca54dbd67ee702780607b9a1fecf79d71,"HASH_REPORT_METADATA","METADATA_OK"
"/root/DELTA_FINAL_EXPORT/SOUL_EXPORT_20260519_1232/iPhone_Exports/IPHONE_STATIC_EXPORT_PACKET_MANIFEST_ONLY_20260519_082406_FOR_MSI_SHA256.txt","IPHONE_STATIC_EXPORT_PACKET_MANIFEST_ONLY_20260519_082406_FOR_MSI_SHA256.txt","txt",145,"2026-05-19 12:32:41",6f3e4535ab2b54deb71cfd380f2473e390f4f49f73d5e90211c129cd51c76a96,"HASH_REPORT_METADATA","METADATA_OK"
"/root/DELTA_FINAL_EXPORT/SOUL_EXPORT_20260519_1232/iPhone_Exports/iphone_manifest_for_msi.tar.gz","iphone_manifest_for_msi.tar.gz","gz",60411,"2026-05-19 12:32:41",f63c8eefeca330eee5deab57dfad274ca54dbd67ee702780607b9a1fecf79d71,"HASH_REPORT_METADATA","METADATA_OK"
"/root/DELTA_FINAL_EXPORT/SOUL_EXPORT_20260519_1232/iPhone_Exports/iphone_manifest_for_msi_sha256.txt","iphone_manifest_for_msi_sha256.txt","txt",145,"2026-05-19 12:32:41",6f3e4535ab2b54deb71cfd380f2473e390f4f49f73d5e90211c129cd51c76a96,"HASH_REPORT_METADATA","METADATA_OK"
"/root/DELTA_FINAL_EXPORT/SOUL_EXPORT_FULL_20260519_1234.tar.gz","SOUL_EXPORT_FULL_20260519_1234.tar.gz","gz",134383,"2026-05-19 12:34:24",f38f7c4c121981fa19a0a251e6b7ac90ee4cc1f29b852b2f8be1da55012f7e7b,"DOCUMENT_OR_DATA_REVIEW","METADATA_OK"
"/root/DELTA_FINAL_EXPORT/SOUL_EXPORT_FULL_20260519_1235.tar.gz","SOUL_EXPORT_FULL_20260519_1235.tar.gz","gz",134383,"2026-05-19 12:35:21",f38f7c4c121981fa19a0a251e6b7ac90ee4cc1f29b852b2f8be1da55012f7e7b,"DOCUMENT_OR_DATA_REVIEW","METADATA_OK"
"/root/DELTA_FINAL_EXPORT/Scripts/iphone_sha_analyzer.py","iphone_sha_analyzer.py","py",3513,"2026-05-19 12:22:13",db0d1fd704f188e0ac5ef0bd7eb1cee032050c593a645ebf3660a5c21e861807,"HASH_REPORT_METADATA","METADATA_OK"
"/root/DELTA_FINAL_EXPORT/iPhone_Exports/FAJLOVI_SA_TOKENIMA.txt","FAJLOVI_SA_TOKENIMA.txt","txt",2331,"2026-05-19 12:27:18",e2969ff252f90faa6c33b80f2f8d21492c9ee2484b8abfc4b8b01bb795a29a0b,"DOCUMENT_OR_DATA_REVIEW","METADATA_OK"
"/root/DELTA_FINAL_EXPORT/iPhone_Exports/IPHONE_STATIC_EXPORT_PACKET_FOR_MSI_20260516_075558.tar.gz","IPHONE_STATIC_EXPORT_PACKET_FOR_MSI_20260516_075558.tar.gz","gz",2339,"2026-05-19 12:27:17",177485e106ea99b9b0676a2205e98af7988e7004a0354ef9dc5715508ee5c34e,"DOCUMENT_OR_DATA_REVIEW","METADATA_OK"
"/root/DELTA_FINAL_EXPORT/iPhone_Exports/IPHONE_STATIC_EXPORT_PACKET_FOR_MSI_20260516_075558_TAR_SHA256.txt","IPHONE_STATIC_EXPORT_PACKET_FOR_MSI_20260516_075558_TAR_SHA256.txt","txt",131,"2026-05-19 12:27:17",5ab24280d1ce92c945355dc4573bf9f463a3da631ffd4e07bb313759182b412e,"HASH_REPORT_METADATA","METADATA_OK"
"/root/DELTA_FINAL_EXPORT/iPhone_Exports/IPHONE_STATIC_EXPORT_PACKET_MANIFEST_ONLY_20260519_082406_FOR_MSI.tar.gz","IPHONE_STATIC_EXPORT_PACKET_MANIFEST_ONLY_20260519_082406_FOR_MSI.tar.gz","gz",60411,"2026-05-19 12:27:17",f63c8eefeca330eee5deab57dfad274ca54dbd67ee702780607b9a1fecf79d71,"HASH_REPORT_METADATA","METADATA_OK"
"/root/DELTA_FINAL_EXPORT/iPhone_Exports/IPHONE_STATIC_EXPORT_PACKET_MANIFEST_ONLY_20260519_082406_FOR_MSI_SHA256.txt","IPHONE_STATIC_EXPORT_PACKET_MANIFEST_ONLY_20260519_082406_FOR_MSI_SHA256.txt","txt",145,"2026-05-19 12:27:17",6f3e4535ab2b54deb71cfd380f2473e390f4f49f73d5e90211c129cd51c76a96,"HASH_REPORT_METADATA","METADATA_OK"
"/root/DELTA_FINAL_EXPORT/iPhone_Exports/iphone_manifest_for_msi.tar.gz","iphone_manifest_for_msi.tar.gz","gz",60411,"2026-05-19 12:27:17",f63c8eefeca330eee5deab57dfad274ca54dbd67ee702780607b9a1fecf79d71,"HASH_REPORT_METADATA","METADATA_OK"
"/root/DELTA_FINAL_EXPORT/iPhone_Exports/iphone_manifest_for_msi_sha256.txt","iphone_manifest_for_msi_sha256.txt","txt",145,"2026-05-19 12:27:17",6f3e4535ab2b54deb71cfd380f2473e390f4f49f73d5e90211c129cd51c76a96,"HASH_REPORT_METADATA","METADATA_OK"
"/root/DELTA_LENOVO_CENTRAL/00_IPHONE_INTAKE/002. Materijal za Tik tok/07.04/24f23ba87da645c5bdfdb6665f41911a.MOV","24f23ba87da645c5bdfdb6665f41911a.MOV","MOV",4920557,"2026-04-01 20:07:21",4c02ede89bf97b6e7960abd897fca0b5d797ea8f0ae0cb5144e333d560a1ca59,"DOCUMENT_OR_DATA_REVIEW","METADATA_OK"
"/root/DELTA_LENOVO_CENTRAL/00_IPHONE_INTAKE/002. Materijal za Tik tok/07.04/34846FE0-A03D-499D-B799-7D33810127DB.JPG","34846FE0-A03D-499D-B799-7D33810127DB.JPG","JPG",143953,"2026-04-06 07:00:08",09fa7537203777f7195132b0bb560db9e7d8a84714122a66f15713d7c32f9390,"DOCUMENT_OR_DATA_REVIEW","METADATA_OK"
"/root/DELTA_LENOVO_CENTRAL/00_IPHONE_INTAKE/002. Materijal za Tik tok/07.04/5104eea5f48648d2b084252e9b18594d.MOV","5104eea5f48648d2b084252e9b18594d.MOV","MOV",40557222,"2026-04-01 20:18:00",7a074a17065637572de362a2625e74e56df3fc2a96d0a8d0bd564902fb833eac,"DOCUMENT_OR_DATA_REVIEW","METADATA_OK"
"/root/DELTA_LENOVO_CENTRAL/00_IPHONE_INTAKE/002. Materijal za Tik tok/07.04/60292C09-83C1-4419-A0EB-91EA55373AE7.PNG","60292C09-83C1-4419-A0EB-91EA55373AE7.PNG","PNG",2251558,"2026-04-01 06:37:12",d5c7db920105599aa6453f633b5bea22fc1b1ce77271275157fb17ea41641a28,"DOCUMENT_OR_DATA_REVIEW","METADATA_OK"
"/root/DELTA_LENOVO_CENTRAL/00_IPHONE_INTAKE/002. Materijal za Tik tok/07.04/66609BCA-9D18-4121-ABB3-B45A1A70BA5A.JPG","66609BCA-9D18-4121-ABB3-B45A1A70BA5A.JPG","JPG",188297,"2026-04-02 18:02:03",10a5f7d3d40b92fd289c2656ca632bed4e1122212b03fbc535f8985fe8988d6b,"DOCUMENT_OR_DATA_REVIEW","METADATA_OK"
"/root/DELTA_LENOVO_CENTRAL/00_IPHONE_INTAKE/002. Materijal za Tik tok/07.04/73537ffeb2d64da6b1e5d1d9c621988c.MOV","73537ffeb2d64da6b1e5d1d9c621988c.MOV","MOV",1382347,"2026-04-06 18:02:29",2c84e780302bb4b7f520cfd6551c04c3e04eb8974b7a29e898897df9108342ff,"DOCUMENT_OR_DATA_REVIEW","METADATA_OK"
"/root/DELTA_LENOVO_CENTRAL/00_IPHONE_INTAKE/002. Materijal za Tik tok/07.04/92309000-3F67-4DA6-8323-D13783F33146.MOV","92309000-3F67-4DA6-8323-D13783F33146.MOV","MOV",21490141,"2026-04-06 07:50:35",240233b86624c229d0b15853a7c15a26276adfc75b1d48ad94d7350f83788f7a,"DOCUMENT_OR_DATA_REVIEW","METADATA_OK"
"/root/DELTA_LENOVO_CENTRAL/00_IPHONE_INTAKE/002. Materijal za Tik tok/07.04/99ADA493-534D-7581-7F83-444D3C629ADF.MP4","99ADA493-534D-7581-7F83-444D3C629ADF.MP4","MP4",7024330,"2026-03-31 23:12:20",78b534ea796d8446f4e6060271186c7ab6f47c1824c41aaafd3d969d2b5fbbb5,"DOCUMENT_OR_DATA_REVIEW","METADATA_OK"
"/root/DELTA_LENOVO_CENTRAL/00_IPHONE_INTAKE/002. Materijal za Tik tok/07.04/9b7d361d8d13463ab2f7fbc47c8d5508.MOV","9b7d361d8d13463ab2f7fbc47c8d5508.MOV","MOV",3364438,"2026-04-06 07:16:33",a8681869963d70f8a32a1e262090260858cf335e5ea6f7ab4c224cf05e29bca4,"DOCUMENT_OR_DATA_REVIEW","METADATA_OK"
"/root/DELTA_LENOVO_CENTRAL/00_IPHONE_INTAKE/002. Materijal za Tik tok/07.04/IMG_0001.JPG","IMG_0001.JPG","JPG",181792,"2026-04-01 13:40:43",b0de77cf6626503c9679e9d97458627a3fdd59a823070e3ede9be1171764ddeb,"DOCUMENT_OR_DATA_REVIEW","METADATA_OK"
"/root/DELTA_LENOVO_CENTRAL/00_IPHONE_INTAKE/002. Materijal za Tik tok/07.04/IMG_0002.JPG","IMG_0002.JPG","JPG",202629,"2026-04-01 13:41:47",93a000a0806ccdf4d60cf2e4ea5e535e56a9cb7b74bbc9b3e6b15fa5b55c8d2f,"DOCUMENT_OR_DATA_REVIEW","METADATA_OK"
"/root/DELTA_LENOVO_CENTRAL/00_IPHONE_INTAKE/002. Materijal za Tik tok/07.04/IMG_0003.JPG","IMG_0003.JPG","JPG",180190,"2026-04-01 13:43:11",483321a614879d712501aa758a7f3ef1d6e6f0dd8b2ffa76dcfd25014d7bfec3,"DOCUMENT_OR_DATA_REVIEW","METADATA_OK"
"/root/DELTA_LENOVO_CENTRAL/00_IPHONE_INTAKE/002. Materijal za Tik tok/07.04/IMG_0004.JPG","IMG_0004.JPG","JPG",198737,"2026-04-01 13:44:24",1cba3d6312ea1075f18b5162c1c4953f51d3e1e78820c63d35216a344e39fcfe,"DOCUMENT_OR_DATA_REVIEW","METADATA_OK"
"/root/DELTA_LENOVO_CENTRAL/00_IPHONE_INTAKE/002. Materijal za Tik tok/07.04/IMG_0005.JPG","IMG_0005.JPG","JPG",208416,"2026-04-01 13:46:13",2504f782bc4bcdc58ee855a2950398ef72b224535b90f289d517c68bd0ddc475,"DOCUMENT_OR_DATA_REVIEW","METADATA_OK"
"/root/DELTA_LENOVO_CENTRAL/00_IPHONE_INTAKE/002. Materijal za Tik tok/07.04/IMG_0006.JPG","IMG_0006.JPG","JPG",174107,"2026-04-01 13:47:24",7349b2ec2a852f7b540177852a852397381b8c7e640d18d0cb40f0311bedc5fc,"DOCUMENT_OR_DATA_REVIEW","METADATA_OK"
"/root/DELTA_LENOVO_CENTRAL/00_IPHONE_INTAKE/002. Materijal za Tik tok/07.04/IMG_0007.JPG","IMG_0007.JPG","JPG",182872,"2026-04-01 13:48:28",d84e2072ee799f0bda5507eee1ac7ed20e83d0e90e55469f0cd254b9d67a0742,"DOCUMENT_OR_DATA_REVIEW","METADATA_OK"
"/root/DELTA_LENOVO_CENTRAL/00_IPHONE_INTAKE/002. Materijal za Tik tok/07.04/IMG_0008.JPG","IMG_0008.JPG","JPG",221972,"2026-04-01 13:52:46",5926a8702dd76e84cc7a20bca974f3db1c7bd76e7d6cbaf73bfb83e7e8e89695,"DOCUMENT_OR_DATA_REVIEW","METADATA_OK"
