Document Code,Review Status,Reviewer,Comments
ADM-01,Pending,,
ADM-02,Pending,,
ADM-03,Pending,,
ADM-04,Pending,,
ADM-05,Pending,,
ADM-06,Pending,,
ADM-07,Pending,,
ADM-08,Pending,,
EXE-01,Pending,,
EXE-02,Pending,,
EXE-03,Pending,,
EXE-04,Pending,,
EXE-05,Pending,,
EXE-06,Pending,,
EXE-07,Pending,,
EXE-08,Pending,,
PROJ-01,Pending,,
PROJ-02,Pending,,
PROJ-03,Pending,,
PROJ-04,Pending,,
PROJ-05,Pending,,
PROJ-06,Pending,,
PROJ-07,Pending,,
PROJ-08,Pending,,
MKT-01,Pending,,
MKT-02,Pending,,
MKT-03,Pending,,
MKT-04,Pending,,
MKT-05,Pending,,
MKT-06,Pending,,
MKT-07,Pending,,
MKT-08,Pending,,
MKT-09,Pending,,
MKT-10,Pending,,
TECH-01,Pending,,
TECH-02,Pending,,
TECH-03,Pending,,
TECH-04,Pending,,
TECH-05,Pending,,
TECH-06,Pending,,
TECH-07,Pending,,
TECH-08,Pending,,
TECH-09,Pending,,
TECH-10,Pending,,
OPS-01,Pending,,
OPS-02,Pending,,
OPS-03,Pending,,
OPS-04,Pending,,
OPS-05,Pending,,
OPS-06,Pending,,
OPS-07,Pending,,
OPS-08,Pending,,
OPS-09,Pending,,
OPS-10,Pending,,
CAPEX-01,Pending,,
CAPEX-02,Pending,,
CAPEX-03,Pending,,
CAPEX-04,Pending,,
CAPEX-05,Pending,,
CAPEX-06,Pending,,
CAPEX-07,Pending,,
CAPEX-08,Pending,,
CAPEX-09,Pending,,
CAPEX-10,Pending,,
FIN-01,Pending,,
FIN-02,Pending,,
FIN-03,Pending,,
FIN-04,Pending,,
FIN-05,Pending,,
FIN-06,Pending,,
FIN-07,Pending,,
FIN-08,Pending,,
FIN-09,Pending,,
FIN-10,Pending,,
FIN-11,Pending,,
FIN-12,Pending,,
FUND-01,Pending,,
FUND-02,Pending,,
FUND-03,Pending,,
FUND-04,Pending,,
FUND-05,Pending,,
FUND-06,Pending,,
FUND-07,Pending,,
FUND-08,Pending,,
FUND-09,Pending,,
LEG-01,Pending,,
LEG-02,Pending,,
LEG-03,Pending,,
LEG-04,Pending,,
LEG-05,Pending,,
LEG-06,Pending,,
LEG-07,Pending,,
LEG-08,Pending,,
LEG-09,Pending,,
TAX-01,Pending,,
TAX-02,Pending,,
TAX-03,Pending,,
TAX-04,Pending,,
TAX-05,Pending,,
TAX-06,Pending,,
ESG-01,Pending,,
ESG-02,Pending,,
ESG-03,Pending,,
ESG-04,Pending,,
ESG-05,Pending,,
ESG-06,Pending,,
ESG-07,Pending,,
ESG-08,Pending,,
ESG-09,Pending,,
GR-01,Pending,,
GR-02,Pending,,
GR-03,Pending,,
GR-04,Pending,,
GR-05,Pending,,
GR-06,Pending,,
GR-07,Pending,,
GR-08,Pending,,
GR-09,Pending,,
RISK-01,Pending,,
RISK-02,Pending,,
RISK-03,Pending,,
RISK-04,Pending,,
RISK-05,Pending,,
RISK-06,Pending,,
RISK-07,Pending,,
RISK-08,Pending,,
RISK-09,Pending,,
RISK-10,Pending,,
MC-01,Pending,,
MC-02,Pending,,
MC-03,Pending,,
MC-04,Pending,,
MC-05,Pending,,
MC-06,Pending,,
MC-07,Pending,,
MC-08,Pending,,
MC-09,Pending,,
CON-01,Pending,,
CON-02,Pending,,
CON-03,Pending,,
CON-04,Pending,,
CON-05,Pending,,
CON-06,Pending,,
CON-07,Pending,,
CON-08,Pending,,
HR-01,Pending,,
HR-02,Pending,,
HR-03,Pending,,
HR-04,Pending,,
HR-05,Pending,,
HR-06,Pending,,
HR-07,Pending,,
IT-01,Pending,,
IT-02,Pending,,
IT-03,Pending,,
IT-04,Pending,,
IT-05,Pending,,
IT-06,Pending,,
IT-07,Pending,,
AUD-01,Pending,,
AUD-02,Pending,,
AUD-03,Pending,,
AUD-04,Pending,,
AUD-05,Pending,,
AUD-06,Pending,,
LOG-01,Pending,,
LOG-02,Pending,,
LOG-03,Pending,,
LOG-04,Pending,,
LOG-05,Pending,,
