SHA256,SIZE_BYTES,FILE_PATH
1bd9876a85a252f658c0e084c0b2888cb3e614a71b5a1146059ead76d605a094,40511,"/root/PVE_ALPINE_VALUE_EXPORT_PACKET_20260525_054348/FILES/FILE_ALPINE_IPHONE_STORAGE_CENSUS_20260524_144342.txt"
557770fd70be3e9aaa38ccd7fe65ef1a8b85fcc9a77381b1aafc560f6d837534,180191,"/root/PVE_ALPINE_VALUE_EXPORT_PACKET_20260525_054348/FILES/FILE_01_CMU_SIGNAL_PATHS.txt"
82e3f60765a76bb40b36555c1269711bad9df8fb63aa316888d3e1a656914103,340939,"/root/PVE_ALPINE_VALUE_EXPORT_PACKET_20260525_054348/FILES/FILE_02_IMPORTANT_CONTROL_FILES.txt"
4bbf72e584901f30a7ef43bcfcbb32fa2dcf0a62fb0a070e903c7616bc6eb71d,17851,"/root/PVE_ALPINE_VALUE_EXPORT_PACKET_20260525_054348/FILES/FILE_03_CANDIDATE_FOLDERS.txt"
75d231d54b804ab677f52f7325f2e9403478e106a9d2097032a5c297d1f989e3,24659,"/root/PVE_ALPINE_VALUE_EXPORT_PACKET_20260525_054348/FILES/FILE_04_NEWEST_300_FILES.txt"
5342d330257173acf534836ac4d460c8e34bcb568f145059b9427f3f3a918c28,5032,"/root/PVE_ALPINE_VALUE_EXPORT_PACKET_20260525_054348/FILES/FILE_05_TITAN_FINAL_FILE_HASHES.txt"
e48d9c778f5a7927ce3d0849c898845cbab87286d3e0c3560444404855b90864,4,"/root/PVE_ALPINE_VALUE_EXPORT_PACKET_20260525_054348/FILES/FILE_06A_TITAN_FINAL_FILE_COUNT.txt"
e8ca8bd47b65e7f5a846c1707a57497c3e416fb9f8d930aae411b937290b7c7d,30281,"/root/PVE_ALPINE_VALUE_EXPORT_PACKET_20260525_054348/FILES/FILE_06_TITAN_FINAL_FILE_INDEX.txt"
35b913b5b70b9480daba0c1049d156074f9bc9aa28885efc7a8517292fdc2e80,33,"/root/PVE_ALPINE_VALUE_EXPORT_PACKET_20260525_054348/FILES/FILE_07_TITAN_FINAL_SIZE.txt"
e3ab20713c9fe6d684dd3d3180fa9bb0514001be34597080e5025556c3ab125b,355,"/root/PVE_ALPINE_VALUE_EXPORT_PACKET_20260525_054348/FILES/FILE_08_TITAN_FINAL_INDEX_HASHES.txt"
c9b681fe0dcb238a4d9b69127b120c6312a6661bb37e5671e64f02b5a317c6d7,2757,"/root/PVE_ALPINE_VALUE_EXPORT_PACKET_20260525_054348/FILES/FILE_09_TITAN_FINAL_FOLDER_MAP_DEPTH3.txt"
95ea5bd93150e5cf21571012bfbbfe569d5d3d71912f5d7027d36a4a4fa0afc5,127,"/root/PVE_ALPINE_VALUE_EXPORT_PACKET_20260525_054348/FILES/FILE_10_TITAN_FINAL_FOLDER_MAP_HASH.txt"
f51ecc8d363c184222036fc93976932b99466173a38776d636703c543c347cab,18302,"/root/PVE_ALPINE_VALUE_EXPORT_PACKET_20260525_054348/FILES/FILE_11_OLD_VDR_V6_3_FILE_INDEX.txt"
cc1bdefa1677283e90c64275f66ccd52fe41900b9c53763e2e1058dc971c01b6,4,"/root/PVE_ALPINE_VALUE_EXPORT_PACKET_20260525_054348/FILES/FILE_12_OLD_VDR_V6_3_FILE_COUNT.txt"
5fa522d1fe250a78a8b7c725f1b94c32cf7a3243a25ebbe0d10444b3abf17c3d,72,"/root/PVE_ALPINE_VALUE_EXPORT_PACKET_20260525_054348/FILES/FILE_13_OLD_VDR_V6_3_SIZE.txt"
8159debf821dcfdcb90ae45f6486eaf59a8fba171cb2b3efb10892ced5f04012,357,"/root/PVE_ALPINE_VALUE_EXPORT_PACKET_20260525_054348/FILES/FILE_14_OLD_VDR_V6_3_INDEX_HASHES.txt"
08aa7d0005b1e0976afde5f5d4c28282353a0f7ce4cf9194a8493640e03c0a91,464,"/root/PVE_ALPINE_VALUE_EXPORT_PACKET_20260525_054348/FILES/FILE_99_CENSUS_HASHES.txt"
323a623bd1cdeb6bb3e52383aa236b74871c745b8cb085f6812705ee9c1d63a7,1456,"/root/PVE_ALPINE_VALUE_EXPORT_PACKET_20260525_054348/FILES/FILE_DELTA_CORE_v1_0.py"
ebf56b3a57fa72fef4c680252397637bc279f1a90171c9ad309e9ec9850f550a,527,"/root/PVE_ALPINE_VALUE_EXPORT_PACKET_20260525_054348/FILES/FILE_README.txt"
110d1d56c7114d9e2174d65cd4fa254e1bfccd08d81e20f54b02d4d239daa240,376,"/root/PVE_ALPINE_VALUE_EXPORT_PACKET_20260525_054348/FILES/FILE_SOUL_MANIFEST.txt"
323a623bd1cdeb6bb3e52383aa236b74871c745b8cb085f6812705ee9c1d63a7,1456,"/root/PVE_ALPINE_VALUE_EXPORT_PACKET_20260525_054348/FILES/FILE_DELTA_CORE_v1_0.py"
22684a7022143838ad2f71d21d243488e4a1d4a053e7fcfbc5aea78b893ad22b,6110,"/root/PVE_ALPINE_VALUE_EXPORT_PACKET_20260525_054348/FILES/FILE_DELTA_UNITY_ENGINE_v1_7.py"
db0d1fd704f188e0ac5ef0bd7eb1cee032050c593a645ebf3660a5c21e861807,3513,"/root/PVE_ALPINE_VALUE_EXPORT_PACKET_20260525_054348/FILES/FILE_iphone_sha_analyzer.py"
e2969ff252f90faa6c33b80f2f8d21492c9ee2484b8abfc4b8b01bb795a29a0b,2331,"/root/PVE_ALPINE_VALUE_EXPORT_PACKET_20260525_054348/FILES/FILE_FAJLOVI_SA_TOKENIMA.txt"
5ab24280d1ce92c945355dc4573bf9f463a3da631ffd4e07bb313759182b412e,131,"/root/PVE_ALPINE_VALUE_EXPORT_PACKET_20260525_054348/FILES/FILE_IPHONE_STATIC_EXPORT_PACKET_FOR_MSI_20260516_075558_TAR_SHA256.txt"
6f3e4535ab2b54deb71cfd380f2473e390f4f49f73d5e90211c129cd51c76a96,145,"/root/PVE_ALPINE_VALUE_EXPORT_PACKET_20260525_054348/FILES/FILE_IPHONE_STATIC_EXPORT_PACKET_MANIFEST_ONLY_20260519_082406_FOR_MSI_SHA256.txt"
6f3e4535ab2b54deb71cfd380f2473e390f4f49f73d5e90211c129cd51c76a96,145,"/root/PVE_ALPINE_VALUE_EXPORT_PACKET_20260525_054348/FILES/FILE_iphone_manifest_for_msi_sha256.txt"
db0d1fd704f188e0ac5ef0bd7eb1cee032050c593a645ebf3660a5c21e861807,3513,"/root/PVE_ALPINE_VALUE_EXPORT_PACKET_20260525_054348/FILES/FILE_iphone_sha_analyzer.py"
e2969ff252f90faa6c33b80f2f8d21492c9ee2484b8abfc4b8b01bb795a29a0b,2331,"/root/PVE_ALPINE_VALUE_EXPORT_PACKET_20260525_054348/FILES/FILE_FAJLOVI_SA_TOKENIMA.txt"
5ab24280d1ce92c945355dc4573bf9f463a3da631ffd4e07bb313759182b412e,131,"/root/PVE_ALPINE_VALUE_EXPORT_PACKET_20260525_054348/FILES/FILE_IPHONE_STATIC_EXPORT_PACKET_FOR_MSI_20260516_075558_TAR_SHA256.txt"
6f3e4535ab2b54deb71cfd380f2473e390f4f49f73d5e90211c129cd51c76a96,145,"/root/PVE_ALPINE_VALUE_EXPORT_PACKET_20260525_054348/FILES/FILE_IPHONE_STATIC_EXPORT_PACKET_MANIFEST_ONLY_20260519_082406_FOR_MSI_SHA256.txt"
6f3e4535ab2b54deb71cfd380f2473e390f4f49f73d5e90211c129cd51c76a96,145,"/root/PVE_ALPINE_VALUE_EXPORT_PACKET_20260525_054348/FILES/FILE_iphone_manifest_for_msi_sha256.txt"
abcfa6a9d4df344d1781bc2560b5e4cdcae08b39ed303063535e7e1e926a304a,68,"/root/PVE_ALPINE_VALUE_EXPORT_PACKET_20260525_054348/FILES/FILE_IPHONE_NOTES_PRIORITY_SHA256_REGISTER.txt"
e3b0c44298fc1c149afbf4c8996fb92427ae41e4649b934ca495991b7852b855,0,"/root/PVE_ALPINE_VALUE_EXPORT_PACKET_20260525_054348/FILES/FILE_IPHONE_NOTES_PRIORITY_INDEX.txt"
6a73ea51e0607e61cd703c8d452d38a23a2b2bd034a2b540ad51188abe7496b6,3231,"/root/PVE_ALPINE_VALUE_EXPORT_PACKET_20260525_054348/FILES/FILE_IPHONE_SCRIPT_FILE_INDEX.txt"
72916d96f0370e2277e5718518cacd871a4989edcf2c174731d753a420ddced7,6267,"/root/PVE_ALPINE_VALUE_EXPORT_PACKET_20260525_054348/FILES/FILE_IPHONE_SCRIPT_SHA256_REGISTER.txt"
569f9efbab9371e7ca00017659a518fbe62b5efd2b49cac7cfc41c159d0b5ecb,27111,"/root/PVE_ALPINE_VALUE_EXPORT_PACKET_20260525_054348/FILES/FILE_IPHONE_SCRIPT_SIGNAL_SCAN.txt"
dc412768a584068ef6ce9bf7bc64cfb2e6d5e938892157429217f841c61fbd10,128,"/root/PVE_ALPINE_VALUE_EXPORT_PACKET_20260525_054348/FILES/FILE_CORE_FILE_INFO.txt"
01c79e132ac03a3fec9cc6038a99a4c2743d139a06687691a217a88d6018810f,2982,"/root/PVE_ALPINE_VALUE_EXPORT_PACKET_20260525_054348/FILES/FILE_CORE_FUNCTION_CLASS_MAP.txt"
b98b031d9acc44e6e8eb9dc255b84338b9ce29e2dfa20ce9ac13a93b8c538406,3039,"/root/PVE_ALPINE_VALUE_EXPORT_PACKET_20260525_054348/FILES/FILE_CORE_RUNTIME_RISK_SCAN.txt"
42724a513abac7364eabf0e0192c40f12675c5e17723618b345b311f2da1e539,139,"/root/PVE_ALPINE_VALUE_EXPORT_PACKET_20260525_054348/FILES/FILE_CORE_SHA256.txt"
dc412768a584068ef6ce9bf7bc64cfb2e6d5e938892157429217f841c61fbd10,128,"/root/PVE_ALPINE_VALUE_EXPORT_PACKET_20260525_054348/FILES/FILE_STEP_01_CORE_FILE_INFO.txt"
42724a513abac7364eabf0e0192c40f12675c5e17723618b345b311f2da1e539,139,"/root/PVE_ALPINE_VALUE_EXPORT_PACKET_20260525_054348/FILES/FILE_STEP_01_CORE_SHA256.txt"
425641cdab4472432c87cc1bec40c3e5f2f83bb847a89bb3044fab2bc71743f9,3294,"/root/PVE_ALPINE_VALUE_EXPORT_PACKET_20260525_054348/FILES/FILE_STEP_01_CORE_STRUCTURE_MAP.txt"
f6b079c12ad3d03d26a23a4b8beb8764aab3df1bdb822a6982c1efbe645bb76f,59,"/root/PVE_ALPINE_VALUE_EXPORT_PACKET_20260525_054348/FILES/FILE_STEP_01_CURRENT_LOCATION.txt"
935505cb3fad1f99abe8425feb70e01365103219065984fc35dcb4e40d93d3d3,52,"/root/PVE_ALPINE_VALUE_EXPORT_PACKET_20260525_054348/FILES/FILE_STEP_01_STATUS.txt"
def9275124ca45b06b463843910f1af92de332d2a1e0fbe1a04d449cba84cf8b,29,"/root/PVE_ALPINE_VALUE_EXPORT_PACKET_20260525_054348/FILES/FILE_STEP_01_TIMESTAMP.txt"
f4f76f73f688b3a45caba9d8b8fd14af169e77226b890c3a92b6e9f79fc1f1a6,312,"/root/PVE_ALPINE_VALUE_EXPORT_PACKET_20260525_054348/FILES/FILE_STEP_02_IMPORT_MAP.txt"
58b6a41d38235837c2bf75b1223b75a966bdaed2c74a0425a75f6aa954030d46,43,"/root/PVE_ALPINE_VALUE_EXPORT_PACKET_20260525_054348/FILES/FILE_STEP_02_STATUS.txt"
5f8003f8a204ce81a1e1701c0ce617abd8b3002ad62e97cb4af99afb771231f8,83,"/root/PVE_ALPINE_VALUE_EXPORT_PACKET_20260525_054348/FILES/FILE_STEP_02_UNIQUE_IMPORTS.txt"
bbd1ce81c7ab2ba4e43d6962aed5c2d8508ee20045cdef398e43a5c8da786e14,2910,"/root/PVE_ALPINE_VALUE_EXPORT_PACKET_20260525_054348/FILES/FILE_STEP_03_FUNCTION_MAP.txt"
906f0132ed59c461873aa991091830900b78888b8870beccc9b7c9c0b4484f62,7275,"/root/PVE_ALPINE_VALUE_EXPORT_PACKET_20260525_054348/FILES/FILE_STEP_03_SIGNAL_MODULE_MAP.txt"
f19173d86b106ed2bf9de444e421e1fbe5a9210f6f58452c36cadb7f7d974389,47,"/root/PVE_ALPINE_VALUE_EXPORT_PACKET_20260525_054348/FILES/FILE_STEP_03_STATUS.txt"
1121cfccd5913f0a63fec40a6ffd44ea64f9dc135c66634ba001d10bcf4302a2,2,"/root/PVE_ALPINE_VALUE_EXPORT_PACKET_20260525_054348/FILES/FILE_STEP_04_CLASS_COUNT.txt"
e3667f7d8c030260bf49046f955ec9bebdb9a4cb8a66b812fd498ded5431a821,3,"/root/PVE_ALPINE_VALUE_EXPORT_PACKET_20260525_054348/FILES/FILE_STEP_04_FUNCTION_COUNT.txt"
e15cb49f231c64265cbcf05790aa5291ab7ee9f2efc092fbcafea2d58e5f83a8,4,"/root/PVE_ALPINE_VALUE_EXPORT_PACKET_20260525_054348/FILES/FILE_STEP_04_SIGNAL_DENSITY.txt"
494be9082e79c44d63785cc934b447cfc80bc1e3eca96b0004271667dedae7b8,40,"/root/PVE_ALPINE_VALUE_EXPORT_PACKET_20260525_054348/FILES/FILE_STEP_04_STATUS.txt"
86ea5af60a8bb33fd7ed93873a84228a52f142d072679c9857e9613d4b3b3831,78,"/root/PVE_ALPINE_VALUE_EXPORT_PACKET_20260525_054348/FILES/FILE_STEP_04_TOTAL_LINES.txt"
b0eaf61b2498e78f4a7e7ec61b499c99d7afda40f2adcd7f04a625ecc6e61bff,908,"/root/PVE_ALPINE_VALUE_EXPORT_PACKET_20260525_054348/FILES/FILE_STEP_05_CORE_GOVERNANCE_FUNCTIONS.txt"
f51078acb8734fa9a0d8a672c2a82907cbee1fd5484c39c8b21acac165f44270,5204,"/root/PVE_ALPINE_VALUE_EXPORT_PACKET_20260525_054348/FILES/FILE_STEP_05_GOVERNANCE_SIGNALS.txt"
a606d6d283bbfa9920460236ae78539ccfb9de5d3b53891738ff0dae278db657,44,"/root/PVE_ALPINE_VALUE_EXPORT_PACKET_20260525_054348/FILES/FILE_STEP_05_STATUS.txt"
fd700f1fd7a8e321345db3e777a3a84a6b8e3da328330e74467ee6ee723cfa27,3889,"/root/PVE_ALPINE_VALUE_EXPORT_PACKET_20260525_054348/FILES/FILE_STEP_06_OUTPUT_SIGNALS.txt"
7788d9410e959b7b0930a9ac99c24098b1ec451806a553eca77f2706899677eb,2165,"/root/PVE_ALPINE_VALUE_EXPORT_PACKET_20260525_054348/FILES/FILE_STEP_06_OUTPUT_VARIABLES.txt"
319414f07ead9c61838d289ec404e7b5d912cfa2f4b5707fb2aa8be0f3013187,44,"/root/PVE_ALPINE_VALUE_EXPORT_PACKET_20260525_054348/FILES/FILE_STEP_06_STATUS.txt"
342c8490a4770f5e77d0d75da5022f10456ba7367972e28808de8e3e77435122,716,"/root/PVE_ALPINE_VALUE_EXPORT_PACKET_20260525_054348/FILES/FILE_STEP_07_OUTPUT_FUNCTIONS.txt"
b05ff050468c040e0f48434876cc6e95edd8603c704f7d8afd39f104df310b14,480,"/root/PVE_ALPINE_VALUE_EXPORT_PACKET_20260525_054348/FILES/FILE_STEP_07_REVIEW_REQUIRED_FUNCTIONS.txt"
cacc6c68ea749aab29fc154b8720df4b05a9555127e5058fb81b624dbf65c752,1366,"/root/PVE_ALPINE_VALUE_EXPORT_PACKET_20260525_054348/FILES/FILE_STEP_07_SAFE_GOVERNANCE_FUNCTIONS.txt"
2a952f0b6bdb686ae4ebea758758083f081f017237cee57e25a9fdf1b3ec8404,46,"/root/PVE_ALPINE_VALUE_EXPORT_PACKET_20260525_054348/FILES/FILE_STEP_07_STATUS.txt"
314a6b7e18f6fd3bbaad508bc75fd3638ae2ca5ed3460935345f05599dc5f97a,2703,"/root/PVE_ALPINE_VALUE_EXPORT_PACKET_20260525_054348/FILES/FILE_STEP_08_ALL_STEP_ARTIFACTS.txt"
49e69d4b88f98424684fe443f9cdaf96ab3c3664f15cbba79adaf4f38e30caa3,4715,"/root/PVE_ALPINE_VALUE_EXPORT_PACKET_20260525_054348/FILES/FILE_STEP_08_ALL_STEP_SHA256.txt"
0b0c2e363dd3385ad20ddd52b113643f57ccc4292d368fb566c1f2c721fa47ae,104,"/root/PVE_ALPINE_VALUE_EXPORT_PACKET_20260525_054348/FILES/FILE_STEP_08_ARTIFACT_COUNT.txt"
79dd9c0b59650383a5f7da410101b93f04f663c23d4c7d6ca86317aea88788f2,50,"/root/PVE_ALPINE_VALUE_EXPORT_PACKET_20260525_054348/FILES/FILE_STEP_08_STATUS.txt"
10382880a22ce68f88026f65c3827c516f217f195b6db37c6d5be561087d95cb,167,"/root/PVE_ALPINE_VALUE_EXPORT_PACKET_20260525_054348/FILES/FILE_STEP_09_ARTIFACT_INDEX_HASH.txt"
c26899c87c880b250b9447d3b53cc217eb7825acf214e35e2f833634064ca2c8,164,"/root/PVE_ALPINE_VALUE_EXPORT_PACKET_20260525_054348/FILES/FILE_STEP_09_PACKAGE_HASH.txt"
97c3f56d17bbba3e32234e1057957ac9f4fe3e894c77be250e4aebbd8836eae9,40,"/root/PVE_ALPINE_VALUE_EXPORT_PACKET_20260525_054348/FILES/FILE_STEP_09_STATUS.txt"
9630db27fb0bbccbba949613c28808e3f55e26f8847070a355768dc80801774b,639,"/root/PVE_ALPINE_VALUE_EXPORT_PACKET_20260525_054348/FILES/FILE_STEP_10_DELTA_CORE_STATUS.txt"
073c5cc6495d22aca50a9881b6fb245f9d44818fcfd1ca05d789f0918ae4a7dc,162,"/root/PVE_ALPINE_VALUE_EXPORT_PACKET_20260525_054348/FILES/FILE_STEP_10_DELTA_CORE_STATUS_SHA256.txt"
9f0551e8eeeeb960f202929964778c230f14ee87e4027d8062d3177386340636,141,"/root/PVE_ALPINE_VALUE_EXPORT_PACKET_20260525_054348/FILES/FILE_DELTA_HARMONIZATION_STATUS.sha256.txt"
1bdcec02b89c4f1eb6b152ff8cbda1e3db18d90e5cc852c958be00075e9291cb,845,"/root/PVE_ALPINE_VALUE_EXPORT_PACKET_20260525_054348/FILES/FILE_DELTA_HARMONIZATION_STATUS.txt"
3606f813b7b05a64825ff3c9ab5c0f24a88668b3c041d4e1d3a9d42ba9982d8e,63302,"/root/PVE_ALPINE_VALUE_EXPORT_PACKET_20260525_054348/FILES/FILE_possible_duplicates_by_size.txt"
98c76dbdd335d1c1e1c3c3c0b132160703ef28d2e2b11d601f099ec66305a35d,13989,"/root/PVE_ALPINE_VALUE_EXPORT_PACKET_20260525_054348/FILES/FILE_top_100_largest_files.txt"
22684a7022143838ad2f71d21d243488e4a1d4a053e7fcfbc5aea78b893ad22b,6110,"/root/PVE_ALPINE_VALUE_EXPORT_PACKET_20260525_054348/FILES/FILE_DELTA_UNITY_ENGINE_v1_7.py"
137aa9c73b37917e727e7f869b6fdba74b87c66b1aa352b999d7d7d91ca9553e,384,"/root/PVE_ALPINE_VALUE_EXPORT_PACKET_20260525_054348/FILES/FILE_IPHONE_EXPORT_SAFE_STATUS.txt"
a06f7f2f8e7954327e6e5a0755fcda641957f0d854b4ac69f142e7a83e9c2689,384,"/root/PVE_ALPINE_VALUE_EXPORT_PACKET_20260525_054348/FILES/FILE_IPHONE_EXPORT_SAFE_STATUS.txt"
1f57398f6bd8a9444b2046b157d7d5ce17bf9bb049ef761b8161b2ab8846317e,1012235,"/root/PVE_ALPINE_VALUE_EXPORT_PACKET_20260525_054348/FILES/FILE_00_Cover_Letter_EBRD.pdf.pdf"
ec8f167807403651a485673b2526875cd08838c5dad5d640404179679cad12ca,48542,"/root/PVE_ALPINE_VALUE_EXPORT_PACKET_20260525_054348/FILES/FILE_MAPA_CIJELOG_UREDAJA.txt"
fce5a81a54acad8839ac962aa7e1075c15178d88d2bd055a3f1ec17d084b8dee,71143,"/root/PVE_ALPINE_VALUE_EXPORT_PACKET_20260525_054348/FILES/FILE_PUNA_MAPA.txt"
e3b0c44298fc1c149afbf4c8996fb92427ae41e4649b934ca495991b7852b855,0,"/root/PVE_ALPINE_VALUE_EXPORT_PACKET_20260525_054348/FILES/FILE_SVE_OSJETLJIVO.txt"
2c118e4b25e22a20ce1fb0789523413394628c41009b759c3a971ff57c4630cf,230199,"/root/PVE_ALPINE_VALUE_EXPORT_PACKET_20260525_054348/FILES/FILE_Strateške_prilike_za_industrijsku_ekspanziju.pdf"
46df93bfa6a40071de36d8175edc23acd86fe647ac5f4406a6b90fe3307ed487,26406,"/root/PVE_ALPINE_VALUE_EXPORT_PACKET_20260525_054348/FILES/FILE_TITAN_GRID_v5_Full_Lender_Closing_Book.pdf"
e0c1a13f56ec80688b034ee40daa449d2a48307e9736a3c6a8dbe3b683cbbf4c,124140,"/root/PVE_ALPINE_VALUE_EXPORT_PACKET_20260525_054348/FILES/FILE_ARS_23.pdf.pdf"
a3bf720a8f41ad5bf0666a1d4bee8c525ce2a6ba7104a17c9e636359d04cc04b,124468,"/root/PVE_ALPINE_VALUE_EXPORT_PACKET_20260525_054348/FILES/FILE_ARS_24.pdf.pdf"
9735ccb5cfd976a52b00dcab21790498fb6f5bf46199b10b4441658d7b06b3fb,125608,"/root/PVE_ALPINE_VALUE_EXPORT_PACKET_20260525_054348/FILES/FILE_ARS_25.pdf.pdf"
2dc32165a86fd2b341405933cc37d24df74e0eeb028a3f819a400d9fd81fb585,245981,"/root/PVE_ALPINE_VALUE_EXPORT_PACKET_20260525_054348/FILES/FILE_BS_2023.pdf"
ea6e8a1a15d12a573404c2fd3e1e72d3fcf1a9f7c05c32e5417fccdc86336dd8,249957,"/root/PVE_ALPINE_VALUE_EXPORT_PACKET_20260525_054348/FILES/FILE_BS_2024.pdf"
20c15a9010b151aca0b38ad5654244d7ff8c44206d6e5e4ecb8878b166030938,236016,"/root/PVE_ALPINE_VALUE_EXPORT_PACKET_20260525_054348/FILES/FILE_BS_2025.pdf"
5e3546a6f2a5695023b8e14121e1f501e3d15b38cf1a1c6442c16acdaa7db6a4,243619,"/root/PVE_ALPINE_VALUE_EXPORT_PACKET_20260525_054348/FILES/FILE_BS_24_(2).pdf"
ecd5864f3e9e9f76a2d6c42bb0853f89970d2c36e3a11d863b498eb6d084bb4a,232213,"/root/PVE_ALPINE_VALUE_EXPORT_PACKET_20260525_054348/FILES/FILE_BU_2023.pdf"
76c10bf4179e22f9e483afd2dc660c5c8705463a845dfbf69f0216501f8095f0,236289,"/root/PVE_ALPINE_VALUE_EXPORT_PACKET_20260525_054348/FILES/FILE_BU_2024.pdf"
baffd695481339bd959275a2b953174244ad3af0e6ab3e4fbc1d40f598d1687b,223848,"/root/PVE_ALPINE_VALUE_EXPORT_PACKET_20260525_054348/FILES/FILE_BU_2025.pdf"
d7aab13d089c6c3a1c8b30df0e5aaa5f5759f5e8b68ada8b8cd41f24465b53b0,253176,"/root/PVE_ALPINE_VALUE_EXPORT_PACKET_20260525_054348/FILES/FILE_CRPS_4_Izvod_sa_SVIM_podaci.pdf"
9c4c246dad3ce5b91c05b82e1f435f2bef96b199cba9a04c9430acaeb5190ebc,143827,"/root/PVE_ALPINE_VALUE_EXPORT_PACKET_20260525_054348/FILES/FILE_CRPS_4_Rjesenje_Uskladjivanje_+Promjena_Dir.pdf"
0dd585e8a36487aa764d230fe08b16df255bd6ae884b9b0f9d90124df021e2ca,274045,"/root/PVE_ALPINE_VALUE_EXPORT_PACKET_20260525_054348/FILES/FILE_Izjava_o_Uskladjivanju-pp.pdf"
d50f4779d5506d9bcfe36af02c5112d5c3756c3a9466b65531a4c726499dd18c,184866,"/root/PVE_ALPINE_VALUE_EXPORT_PACKET_20260525_054348/FILES/FILE_Odluka_o_imenovanju_Ovl.Zastup.-pp.pdf"
5e77828cd613d521064664b0b5d37aa95a3daa6621d08449aba525b812a2dcee,269682,"/root/PVE_ALPINE_VALUE_EXPORT_PACKET_20260525_054348/FILES/FILE_Odluka_o_prom._Tipa_posl._Uloge-pp.pdf"
6c51c97ed4450c3542fc93f7bd079a448e5c82903f094e0bc5172dced17c0ef4,184881,"/root/PVE_ALPINE_VALUE_EXPORT_PACKET_20260525_054348/FILES/FILE_Odluka_o_promjeni_Direktora-pp.pdf"
7fcd339b723bec5814a6ec038dba563b644fafd4eb8330da4b40478962729db4,271986,"/root/PVE_ALPINE_VALUE_EXPORT_PACKET_20260525_054348/FILES/FILE_Odluka_o_promjeni_Kontakta-pp.pdf"
f642aa3b3f332d6353e2fac649a1c4a7fab53f0c575007249d55b568c2e42941,268805,"/root/PVE_ALPINE_VALUE_EXPORT_PACKET_20260525_054348/FILES/FILE_Odluka_o_promjeni_Prefiksa-pp.pdf"
bc26890eb9e005694a2ad3506d463d01ee4e92b1b308af3d5170cb59997b9a14,188298,"/root/PVE_ALPINE_VALUE_EXPORT_PACKET_20260525_054348/FILES/FILE_Odluka_o_usvajanju_novog_Statuta-pp.pdf"
404ae57ea0854f44183cf1bfd83c020a74881942681d51b318c49a89d8557b96,189110,"/root/PVE_ALPINE_VALUE_EXPORT_PACKET_20260525_054348/FILES/FILE_Saglasnost_Imenovanje_Ovl.Zastup.-pp.pdf"
18b9cf47a928918ad603d11114ef151eaccf96c58c02e7d9ee7d5968825975e5,998981,"/root/PVE_ALPINE_VALUE_EXPORT_PACKET_20260525_054348/FILES/FILE_Statut_(mne+eng)-pp.pdf"
5c0e6d7c67fbcdd75a3366fe57596bcf4add574c1aaa54c36fdcece915d9ae69,1783954,"/root/PVE_ALPINE_VALUE_EXPORT_PACKET_20260525_054348/FILES/FILE_srkretarijat_za_Urbanizam_-_Rešenje_07-322-25-8472-1_od_26.11.2025.pdf"
966f47ddd3859c8893a5d85e5c2a4d515a51bd813a2f3d41a257343ee983ec26,589579,"/root/PVE_ALPINE_VALUE_EXPORT_PACKET_20260525_054348/FILES/FILE_001._INVESTICIONI_PLAN_IRF_kopyası.pdf"
1f57398f6bd8a9444b2046b157d7d5ce17bf9bb049ef761b8161b2ab8846317e,1012235,"/root/PVE_ALPINE_VALUE_EXPORT_PACKET_20260525_054348/FILES/FILE_00_Cover_Letter_EBRD.pdf.pdf"
932dd508b3bf677e350f3c928b829172acad1287655437e03c140135422ca370,1010249,"/root/PVE_ALPINE_VALUE_EXPORT_PACKET_20260525_054348/FILES/FILE_00_Cover_Letter_EIB.pdf.pdf"
2701929f0b49a125652e8147320a58b972990b8d73a85916e0fa7b06a1490d50,1009394,"/root/PVE_ALPINE_VALUE_EXPORT_PACKET_20260525_054348/FILES/FILE_00_STRATESKI_MEMORANDUM_Vlada_CG.pdf.pdf"
4d99ad8889c90c6fc2404cb17c2c46f6305ca512794a00e00c240837d4cb6c37,1024047,"/root/PVE_ALPINE_VALUE_EXPORT_PACKET_20260525_054348/FILES/FILE_01.1_DSCR.pdf"
c442bda63590afc74e00e7661ed23d7746a11ae2886124ed5a97f5bb8b20f495,1034809,"/root/PVE_ALPINE_VALUE_EXPORT_PACKET_20260525_054348/FILES/FILE_01.2_Stress_Test.pdf"
1c0fb2c81b1592a2889b3796c9ecda21bc1fc0b2e6b0ebcc26386235c15d8574,1029294,"/root/PVE_ALPINE_VALUE_EXPORT_PACKET_20260525_054348/FILES/FILE_01.3_Pass-Through.pdf"
be03162ca7710f8dd31fdca986fbcc44849be0590f228436dfd2ee6b59de43c3,1095581,"/root/PVE_ALPINE_VALUE_EXPORT_PACKET_20260525_054348/FILES/FILE_01.4_Security.pdf"
2d051ac784a60c46af0087d9bd97a7308814bac74859d57e679e20204f2da77e,1013625,"/root/PVE_ALPINE_VALUE_EXPORT_PACKET_20260525_054348/FILES/FILE_01.5_Velocity.pdf"
982bac45787031a5ad0a4fc3b422ffd9f794b7d5efc919d1963662572706f8e0,40696,"/root/PVE_ALPINE_VALUE_EXPORT_PACKET_20260525_054348/FILES/FILE_ADS_GAZETE_SON.pdf"
82cf50bce736ad1ec2b3a6170667ca46c47bbda09ddaf4dd87544d31bac41373,3519079,"/root/PVE_ALPINE_VALUE_EXPORT_PACKET_20260525_054348/FILES/FILE_ADS_İMZA_SİRKÜSÜ_2027.pdf"
e0c1a13f56ec80688b034ee40daa449d2a48307e9736a3c6a8dbe3b683cbbf4c,124140,"/root/PVE_ALPINE_VALUE_EXPORT_PACKET_20260525_054348/FILES/FILE_ARS_23.pdf.pdf"
a3bf720a8f41ad5bf0666a1d4bee8c525ce2a6ba7104a17c9e636359d04cc04b,124468,"/root/PVE_ALPINE_VALUE_EXPORT_PACKET_20260525_054348/FILES/FILE_ARS_24.pdf.pdf"
9735ccb5cfd976a52b00dcab21790498fb6f5bf46199b10b4441658d7b06b3fb,125608,"/root/PVE_ALPINE_VALUE_EXPORT_PACKET_20260525_054348/FILES/FILE_ARS_25.pdf.pdf"
677cbdd7535a861a7fd3177b58897e260918d5e793dc56ea53aaec7412fa03e0,233894,"/root/PVE_ALPINE_VALUE_EXPORT_PACKET_20260525_054348/FILES/FILE_Analiza_snaga_tri_firme_za_EU_platformu.pdf"
a461535c419aa00d754583037bb876715e7719c33393aef8173e3a92c17e6518,125990,"/root/PVE_ALPINE_VALUE_EXPORT_PACKET_20260525_054348/FILES/FILE_Assignment_tracker.pdf"
2dc32165a86fd2b341405933cc37d24df74e0eeb028a3f819a400d9fd81fb585,245981,"/root/PVE_ALPINE_VALUE_EXPORT_PACKET_20260525_054348/FILES/FILE_BS_2023.pdf"
ecd5864f3e9e9f76a2d6c42bb0853f89970d2c36e3a11d863b498eb6d084bb4a,232213,"/root/PVE_ALPINE_VALUE_EXPORT_PACKET_20260525_054348/FILES/FILE_BU_2023.pdf"
76c10bf4179e22f9e483afd2dc660c5c8705463a845dfbf69f0216501f8095f0,236289,"/root/PVE_ALPINE_VALUE_EXPORT_PACKET_20260525_054348/FILES/FILE_BU_2024.pdf"
baffd695481339bd959275a2b953174244ad3af0e6ab3e4fbc1d40f598d1687b,223848,"/root/PVE_ALPINE_VALUE_EXPORT_PACKET_20260525_054348/FILES/FILE_BU_2025.pdf"
d7aab13d089c6c3a1c8b30df0e5aaa5f5759f5e8b68ada8b8cd41f24465b53b0,253176,"/root/PVE_ALPINE_VALUE_EXPORT_PACKET_20260525_054348/FILES/FILE_CRPS_4_Izvod_sa_SVIM_podaci.pdf"
9c4c246dad3ce5b91c05b82e1f435f2bef96b199cba9a04c9430acaeb5190ebc,143827,"/root/PVE_ALPINE_VALUE_EXPORT_PACKET_20260525_054348/FILES/FILE_CRPS_4_Rjesenje_Uskladjivanje_+Promjena_Dir.pdf"
744018d3bf4d1416c5e4f45f6addc77a1329389972181610b4d53d3583ccee8c,178531,"/root/PVE_ALPINE_VALUE_EXPORT_PACKET_20260525_054348/FILES/FILE_ECO_+_ARS_Komercijalna_Ekspanzija_i_Liderstvo.pdf"
da570bcb81b582dd8ddfe136bf381c6301b498bb6ae69d285dfacccaea58b1b6,523190,"/root/PVE_ALPINE_VALUE_EXPORT_PACKET_20260525_054348/FILES/FILE_Eco_Transformer_doo-_analitical_card.pdf"
5ab5bb8d466b0b611be1f87e3f453fc27e9a417aae26f8977db6148446473195,926816,"/root/PVE_ALPINE_VALUE_EXPORT_PACKET_20260525_054348/FILES/FILE_FIN-2.1_EXECUTIVE_FINANCIAL_DASHBOARD_(PREGLED).pdf"
d7227f26a500c4300df63e3224f8b08acf2e71ca6dfc67ca3eba5a79b4c3bee6,1246560,"/root/PVE_ALPINE_VALUE_EXPORT_PACKET_20260525_054348/FILES/FILE_FIN-2.1_Executive_Financial_Dashboard.pdf"
31f6bff9fa4b3a5fdecf12d9c2864cacfd155a22e014ea89931ef8d9c3eb043c,1417042,"/root/PVE_ALPINE_VALUE_EXPORT_PACKET_20260525_054348/FILES/FILE_FIN-2.2_CAPEX_Schedule_.pdf"
775795d16eb2010107f2c23bb91030cf1f6e51bc89326a7427470fcabb7255b1,1416685,"/root/PVE_ALPINE_VALUE_EXPORT_PACKET_20260525_054348/FILES/FILE_FIN-2.2_CAPEX_Schedule_–_Capital_Deployment_Strategy.pdf"
3bb28b7263d60974e5fab96f7e62a02607754a7818659a4fbf6d0fff8be91deb,1042535,"/root/PVE_ALPINE_VALUE_EXPORT_PACKET_20260525_054348/FILES/FILE_FIN-2.4_OPERATIVNI_TROŠKOVI_I_MATRICA_RADNE_SNAGE_(OPEX_&_LABOR).pdf"
41beccaa1e0776fe2b1dda2e904f3eaf8b6f78fbd56ca810aa01b4e488e80e70,1034076,"/root/PVE_ALPINE_VALUE_EXPORT_PACKET_20260525_054348/FILES/FILE_FIN-2.4_OPEX_&_Labor_Matrix.pdf"
843e87014a00885257646568dff4b1b0528f35f3555d2a79e5d5a028465ddf8f,1003116,"/root/PVE_ALPINE_VALUE_EXPORT_PACKET_20260525_054348/FILES/FILE_FIN-2.5_Energy_Arbitrage_(1.4_MWp).pdf"
edbe3031e4668ccfabd6648572a57b64eb0c913aa95cfb8b0e33ac298ebe90e1,274267,"/root/PVE_ALPINE_VALUE_EXPORT_PACKET_20260525_054348/FILES/FILE_IRF_-_PRIRUCNIK_ZA_IZRADU_INV_PROJEKATA_2013_-_do_50.pdf"
fb28a9fc191b6b9cc5c0ffcfc60b1e618ff73e8732458a2a68ad3b118f931322,213181,"/root/PVE_ALPINE_VALUE_EXPORT_PACKET_20260525_054348/FILES/FILE_Implementacioni_Plan_Od_Stabilizacije_do_Hegemoni....pdf"
9e5724eb3be1618134b6f84ad11c747d2eac8aabe7136871148b1c2a8e16b4a2,193687,"/root/PVE_ALPINE_VALUE_EXPORT_PACKET_20260525_054348/FILES/FILE_Industrijska_Transformacija_Od_Haosa_Ka_Sistemu.pdf"
0dd585e8a36487aa764d230fe08b16df255bd6ae884b9b0f9d90124df021e2ca,274045,"/root/PVE_ALPINE_VALUE_EXPORT_PACKET_20260525_054348/FILES/FILE_Izjava_o_Uskladjivanju-pp.pdf"
1732b10485548d925216745927c0b08bd743b003ea71391f93bc98deb7c4b178,200427,"/root/PVE_ALPINE_VALUE_EXPORT_PACKET_20260525_054348/FILES/FILE_Kontrola_nabavke_Moć_u_industriji.pdf"
7daddbe82478dc879447ceb4a69d13200ff514a2e8ccdb7dfc42c5df639afc25,1233716,"/root/PVE_ALPINE_VALUE_EXPORT_PACKET_20260525_054348/FILES/FILE_Kopija_Plana.pdf"
caf621de7a756004b73133e58bce5f383c16a9d9a5d76360ef1cfa43921ba60c,199249,"/root/PVE_ALPINE_VALUE_EXPORT_PACKET_20260525_054348/FILES/FILE_Ljudski_kapital_Mikro-koraci_za_Fabriku.pdf"
4a4ba13cba51ed980150a87b3ed341fbe58e5a6a381c846261c8e88b065d09d7,658434,"/root/PVE_ALPINE_VALUE_EXPORT_PACKET_20260525_054348/FILES/FILE_ORG-001_Project_Concept_Note.pdf_(3).pdf"
d50f4779d5506d9bcfe36af02c5112d5c3756c3a9466b65531a4c726499dd18c,184866,"/root/PVE_ALPINE_VALUE_EXPORT_PACKET_20260525_054348/FILES/FILE_Odluka_o_imenovanju_Ovl.Zastup.-pp.pdf"
7fcd339b723bec5814a6ec038dba563b644fafd4eb8330da4b40478962729db4,271986,"/root/PVE_ALPINE_VALUE_EXPORT_PACKET_20260525_054348/FILES/FILE_Odluka_o_promjeni_Kontakta-pp.pdf"
f642aa3b3f332d6353e2fac649a1c4a7fab53f0c575007249d55b568c2e42941,268805,"/root/PVE_ALPINE_VALUE_EXPORT_PACKET_20260525_054348/FILES/FILE_Odluka_o_promjeni_Prefiksa-pp.pdf"
bc26890eb9e005694a2ad3506d463d01ee4e92b1b308af3d5170cb59997b9a14,188298,"/root/PVE_ALPINE_VALUE_EXPORT_PACKET_20260525_054348/FILES/FILE_Odluka_o_usvajanju_novog_Statuta-pp.pdf"
d94502cc73d04c3b92ff3801aa5ce6be7eb39585f65e0644078e5f0e0b266bb2,311210,"/root/PVE_ALPINE_VALUE_EXPORT_PACKET_20260525_054348/FILES/FILE_PHOTO-2026-03-22-23-40-42.jpg"
31efe1539e5b23f6629b5559254b4245f5f297c3d0aba2ce40b33b40d086e5f2,108449,"/root/PVE_ALPINE_VALUE_EXPORT_PACKET_20260525_054348/FILES/FILE_PHOTO-2026-04-06-07-59-05.jpg"
e19ccd57f10814efa9c7e4a507545c8c646eba9dd740707be6c48d6f1656ad17,183114,"/root/PVE_ALPINE_VALUE_EXPORT_PACKET_20260525_054348/FILES/FILE_PHOTO-2026-04-06-07-59-07.jpg"
b831e191dfb7e8c5b44151da709332a5757e6138eaccf798b0a8b17cf02a9f24,311307,"/root/PVE_ALPINE_VALUE_EXPORT_PACKET_20260525_054348/FILES/FILE_PHOTO-2026-04-06-07-59-08.jpg"
d10bec8794f3c440ce8b64a78087317839bde07f0023e48dcad67b23680287a3,44012,"/root/PVE_ALPINE_VALUE_EXPORT_PACKET_20260525_054348/FILES/FILE_PHOTO-2026-04-20-09-17-46.jpg"
688640bd8be16e40266cddabc29885627331778c4c16bfda7df8bb78885bf3c5,182158,"/root/PVE_ALPINE_VALUE_EXPORT_PACKET_20260525_054348/FILES/FILE_Plan_Implementacije_Industrijske_Hegemonije.pdf"
722e377d37837a708014cb7a2f22753b63922cffc843b9d91014865233aa9201,178246,"/root/PVE_ALPINE_VALUE_EXPORT_PACKET_20260525_054348/FILES/FILE_Poslovni_plan_za_investitora_20_tačaka.pdf"
02276085d231018672ac724f22350ea1d2435e2318919cd9bfdde8df861c4612,2256607,"/root/PVE_ALPINE_VALUE_EXPORT_PACKET_20260525_054348/FILES/FILE_Preliminary_Information_Memorandum_(PIM)_.pdf"
f116be80034b9beeede1a1fbe414f723f3e58b4492ac6f823c9cd013d83abd5e,883,"/root/PVE_ALPINE_VALUE_EXPORT_PACKET_20260525_054348/FILES/FILE_README.md"
6b9def9e3e1d5bf3f427926fab3d4b6873c84cbfb5f4e99ebde318cf44cacc31,225732,"/root/PVE_ALPINE_VALUE_EXPORT_PACKET_20260525_054348/FILES/FILE_SA_2025.pdf"
86b7c9f80c3383ab1ad58b720ba3adfdde2d866e8743518c7a71e551f8799cf3,188881,"/root/PVE_ALPINE_VALUE_EXPORT_PACKET_20260525_054348/FILES/FILE_Saglasnost_Imenovanje_Direktora-pp.pdf"
404ae57ea0854f44183cf1bfd83c020a74881942681d51b318c49a89d8557b96,189110,"/root/PVE_ALPINE_VALUE_EXPORT_PACKET_20260525_054348/FILES/FILE_Saglasnost_Imenovanje_Ovl.Zastup.-pp.pdf"
18b9cf47a928918ad603d11114ef151eaccf96c58c02e7d9ee7d5968825975e5,998981,"/root/PVE_ALPINE_VALUE_EXPORT_PACKET_20260525_054348/FILES/FILE_Statut_(mne+eng)-pp.pdf"
72917050d7e5c56e8c97b04cb63ecad56e39402590e7b5af4f4d5363ad43f0b1,151851,"/root/PVE_ALPINE_VALUE_EXPORT_PACKET_20260525_054348/FILES/FILE_Strategija_Visoko_Svjesnog_Bića.pdf"
2c118e4b25e22a20ce1fb0789523413394628c41009b759c3a971ff57c4630cf,230199,"/root/PVE_ALPINE_VALUE_EXPORT_PACKET_20260525_054348/FILES/FILE_Strateške_prilike_za_industrijsku_ekspanziju.pdf"
36082bdd9cb51014b6ee2e9db1098390c9b5c89301310ed5d61846ff8ecf22b2,208733,"/root/PVE_ALPINE_VALUE_EXPORT_PACKET_20260525_054348/FILES/FILE_Strateški_Plan_za_Industrijsku_Moć.pdf"
779d3c6d2875e5fd07bf8bf8d9a50ba847c6b829c819c7c96f1dd9e39d2a6c12,242874,"/root/PVE_ALPINE_VALUE_EXPORT_PACKET_20260525_054348/FILES/FILE_Strateški_model_akvizicije_ECO-a.pdf"
1e96a39303addd41da6cb8c0d63dfec369c064e5ee07000c9daccba34db0ca51,53829,"/root/PVE_ALPINE_VALUE_EXPORT_PACKET_20260525_054348/FILES/FILE_TITAN_GRID_Risk_Allocation_Matrix_Annex.pdf"
46df93bfa6a40071de36d8175edc23acd86fe647ac5f4406a6b90fe3307ed487,26406,"/root/PVE_ALPINE_VALUE_EXPORT_PACKET_20260525_054348/FILES/FILE_TITAN_GRID_v5_Full_Lender_Closing_Book.pdf"
d1e16a814b4a1090de34bb1e37beb1d52c3c738af912953da73702ca55e5548a,1215615,"/root/PVE_ALPINE_VALUE_EXPORT_PACKET_20260525_054348/FILES/FILE_Titan_Grid_v52_Credit_Committee_Pack.pdf"
f22bd9bda545baba4a29ddc70e04430279e816c58cc35ecb57105d9ef543ee8d,71412,"/root/PVE_ALPINE_VALUE_EXPORT_PACKET_20260525_054348/FILES/FILE_ads_vl_2025.pdf"
917831ae935e0bcb01bb46bbdc923e851914e04b0d0acfad7a342b2e6f4d7e50,102514,"/root/PVE_ALPINE_VALUE_EXPORT_PACKET_20260525_054348/FILES/FILE_grok_mutation_generator_safe_only.csv"
02fb52c7641b5e8323c92571a762f8f8f0684e1e20c37ef63f2b2e481a9270f9,881580,"/root/PVE_ALPINE_VALUE_EXPORT_PACKET_20260525_054348/FILES/FILE_rjesenje.pdf"
5c0e6d7c67fbcdd75a3366fe57596bcf4add574c1aaa54c36fdcece915d9ae69,1783954,"/root/PVE_ALPINE_VALUE_EXPORT_PACKET_20260525_054348/FILES/FILE_srkretarijat_za_Urbanizam_-_Rešenje_07-322-25-8472-1_od_26.11.2025.pdf"
b9d88e8d8df959b47cff59425b28033a678f265bda611c32e383626db329eb7c,6291288,"/root/PVE_ALPINE_VALUE_EXPORT_PACKET_20260525_054348/FILES/FILE_study_trial.pdf"
41680b4a2aaafea13f515bcb51b4f4d52fb143da492c18e21f034bf31f85bb55,55,"/root/PVE_ALPINE_VALUE_EXPORT_PACKET_20260525_054348/FILES/FILE_text_2.txt"
41680b4a2aaafea13f515bcb51b4f4d52fb143da492c18e21f034bf31f85bb55,55,"/root/PVE_ALPINE_VALUE_EXPORT_PACKET_20260525_054348/FILES/FILE_text_3.txt"
41680b4a2aaafea13f515bcb51b4f4d52fb143da492c18e21f034bf31f85bb55,55,"/root/PVE_ALPINE_VALUE_EXPORT_PACKET_20260525_054348/FILES/FILE_text_4.txt"
41680b4a2aaafea13f515bcb51b4f4d52fb143da492c18e21f034bf31f85bb55,55,"/root/PVE_ALPINE_VALUE_EXPORT_PACKET_20260525_054348/FILES/FILE_text_5.txt"
41680b4a2aaafea13f515bcb51b4f4d52fb143da492c18e21f034bf31f85bb55,55,"/root/PVE_ALPINE_VALUE_EXPORT_PACKET_20260525_054348/FILES/FILE_text.txt"
0d59f8875cdeec0488238dd62e877f4e22fb24e3724a5f109f10996d34587eb2,47757,"/root/PVE_ALPINE_VALUE_EXPORT_PACKET_20260525_054348/FILES/FILE_TITANGRID_DELTA_888_DIGITAL_TRANSFORMER.py"
7daddbe82478dc879447ceb4a69d13200ff514a2e8ccdb7dfc42c5df639afc25,1233716,"/root/PVE_ALPINE_VALUE_EXPORT_PACKET_20260525_054348/FILES/FILE_Kopija_Plana.pdf"
a0f9fa673cdc843b5d86c6bf6baf67fae46d0ab9e58f593b8069d436e8149673,1294781,"/root/PVE_ALPINE_VALUE_EXPORT_PACKET_20260525_054348/FILES/FILE_Zakon_o_privrednim_drustvima_2025.pdf"
8bc9c36ed0b77914abba4adcffbf57671aa1358ae27ef7a87bd1ce1deb38cd88,350283,"/root/PVE_ALPINE_VALUE_EXPORT_PACKET_20260525_054348/FILES/FILE_zakon-o-izgradnji-objekata.pdf"
86462b35dbfa8f1f338ea3c305e0f3e035207f82cdf4953f8dfa026fa71f80e5,543796,"/root/PVE_ALPINE_VALUE_EXPORT_PACKET_20260525_054348/FILES/FILE_zakon-o-radu.pdf"
3b93a6c54ee70ceb8a893ce989f6f19fc38ad750a2ca0ff6e365976d93777c04,4667,"/root/PVE_ALPINE_VALUE_EXPORT_PACKET_20260525_054348/FILES/FILE_37_system_index_builder.py"
4179fd699b8f2a344868fbe87fb0e897b9ebc83af52416fe5e1da97211bf7d61,13200,"/root/PVE_ALPINE_VALUE_EXPORT_PACKET_20260525_054348/FILES/FILE_TITAN_FINAL_HUMAN_REVIEW_CHECKLIST.md"
cd09939c37e592f5eba59b7cc535fcfeca300fb2a6c18812f8a4b3c89d082daf,20334,"/root/PVE_ALPINE_VALUE_EXPORT_PACKET_20260525_054348/FILES/FILE_Montenegro_PPP_Framework_Analysis.pdf"
0386e5c2035666f1ed57fe1689e4d7d4b4c1c20c0f18d76cdb0cdb716ebdeba9,3767,"/root/PVE_ALPINE_VALUE_EXPORT_PACKET_20260525_054348/FILES/FILE_TITAN_GRID_Decision_Brief.pdf"
44f27d74dcbf212ed11527aa8a284ba85a2a111f7ecb7290df3590d96a576f7c,56367,"/root/PVE_ALPINE_VALUE_EXPORT_PACKET_20260525_054348/FILES/FILE_TITAN_GRID_Decision_Brief_v1.6.pdf"
46912254d43c795436e0f75c7a253d23b7592ff7c77ea861956a6e0f3686d385,9273,"/root/PVE_ALPINE_VALUE_EXPORT_PACKET_20260525_054348/FILES/FILE_TITAN_GRID_PPP_Concept_Note.pdf"
febc326f768f4a057d4334d28d5969622bdbf4d670da6efa9b91ca343a5b1e26,11179,"/root/PVE_ALPINE_VALUE_EXPORT_PACKET_20260525_054348/FILES/FILE_TITAN_GRID_PPP_Concept_Note_v2.1.pdf"
084449f8983ab8680b6bd1e921862c0bf126492d4f1c678f42a91b2830c9d903,10589,"/root/PVE_ALPINE_VALUE_EXPORT_PACKET_20260525_054348/FILES/FILE_TITAN_GRID_PPP_Concept_Note_v2.pdf"
1e96a39303addd41da6cb8c0d63dfec369c064e5ee07000c9daccba34db0ca51,53829,"/root/PVE_ALPINE_VALUE_EXPORT_PACKET_20260525_054348/FILES/FILE_TITAN_GRID_Risk_Allocation_Matrix_Annex.pdf"
081248d59fc78901e1238c4856e9ca8ef5644199101a92246126bd10b5013d86,65772,"/root/PVE_ALPINE_VALUE_EXPORT_PACKET_20260525_054348/FILES/FILE_titan_grid_v5_max_pojaczony.py"
13cc5301e437b390639297ca6b0dd89e7085feb3885b9e7e7cb6774f86732661,62981,"/root/PVE_ALPINE_VALUE_EXPORT_PACKET_20260525_054348/FILES/FILE_titan_grid_vdr_enterprise_v3_4.py"
5b379991662ebc7e9ed9641128ab065673b69026c2ce9783e3609031b797f0b5,25946,"/root/PVE_ALPINE_VALUE_EXPORT_PACKET_20260525_054348/FILES/FILE_titan_grid_vdr_ultimate_final_clean.py"
35122e8de437fdcf85f1748783ed6f73e2602b9ca4dcbb670b5c6216a00f8099,32025,"/root/PVE_ALPINE_VALUE_EXPORT_PACKET_20260525_054348/FILES/FILE_2.md"
501bb7fd9f5bc18109d470806c01f2cb579f38ea74072d9716cb66935a944bf0,13420,"/root/PVE_ALPINE_VALUE_EXPORT_PACKET_20260525_054348/FILES/FILE_3.md"
501bb7fd9f5bc18109d470806c01f2cb579f38ea74072d9716cb66935a944bf0,13420,"/root/PVE_ALPINE_VALUE_EXPORT_PACKET_20260525_054348/FILES/FILE_4.md"
d35c1a7d736da1038ae9f131aab0fdec3f0970f091fef116cc8eee0d269025f9,35968,"/root/PVE_ALPINE_VALUE_EXPORT_PACKET_20260525_054348/FILES/FILE_TITAN_DEEP_FORENSIC_CONTEXT_EXTRACTION_RAG_READY_v2.md"
f6b5f424614ccb274ce2164c638725692903fdb703d8a31d389eb0b1fc6d4ab7,737,"/root/PVE_ALPINE_VALUE_EXPORT_PACKET_20260525_054348/FILES/FILE_ACTIVE_DOCUMENT_REGISTRY.json"
31a492af7be8e7cf966848a4fb91caaa791c5bff36dc2a027d35eb65ae037634,842,"/root/PVE_ALPINE_VALUE_EXPORT_PACKET_20260525_054348/FILES/FILE_DOCUMENT_SCOPE_POLICY.json"
92ad21ebd5f098627a48bcbf11df63c5baa432a0eaf7a1158121d53e1a2a53bf,2079,"/root/PVE_ALPINE_VALUE_EXPORT_PACKET_20260525_054348/FILES/FILE_MASTER_TOKEN_REGISTER.json"
0e48b67c613112084747ba9edcb58faa383d78653a8ee020ff49eb6157a35c5e,3748,"/root/PVE_ALPINE_VALUE_EXPORT_PACKET_20260525_054348/FILES/FILE_MASTER_TOKEN_REGISTER_v4.0.json"
fd25eb365cc8c563e5e89815d355585ecf6a32a66252407094a69246457a0c59,1879,"/root/PVE_ALPINE_VALUE_EXPORT_PACKET_20260525_054348/FILES/FILE_generate_ANEKS1.py"
d999af7c6a5c83c1cd96814c6603fb14feb56addfcef5356cab6b4a49d77477c,2310,"/root/PVE_ALPINE_VALUE_EXPORT_PACKET_20260525_054348/FILES/FILE_generate_ANEKS1_final.py"
da78c146da34218a624b91ce6f555a86547681434ac713089cbecd26a2a17191,3108,"/root/PVE_ALPINE_VALUE_EXPORT_PACKET_20260525_054348/FILES/FILE_generate_ANEKS1_improved.py"
c6064df415a291b6a5dd7a349437affc2389bbe61f9f61e77acadc83d0f6cf07,2395,"/root/PVE_ALPINE_VALUE_EXPORT_PACKET_20260525_054348/FILES/FILE_generate_ANEKS1_institutional_final.py"
58995e87712c54bab6b1d7aa085ed075bf7b06e389ed405c7f6ffc8a3ed6dd27,2536,"/root/PVE_ALPINE_VALUE_EXPORT_PACKET_20260525_054348/FILES/FILE_generate_ANEKS1_institutional_ultra.py"
f5d7d1f8190bcb80d910fcd016a496bb704d85c84d5a1cd2d073c75cc8ad2c9b,3122,"/root/PVE_ALPINE_VALUE_EXPORT_PACKET_20260525_054348/FILES/FILE_generate_ANEKS1_professional_final.py"
e8ec99243620e6e875b9f778521bfb3503edf88f54f315bb2cc0696f45362aa9,1496,"/root/PVE_ALPINE_VALUE_EXPORT_PACKET_20260525_054348/FILES/FILE_generate_ANEKS1_strict_v2.py"
84c66685e046316c09bf303cff129c69cfb350c17ae63c53f8edde5de61e1808,1456,"/root/PVE_ALPINE_VALUE_EXPORT_PACKET_20260525_054348/FILES/FILE_generate_ANEKS1_v4.py"
53ecbc2621314f8603658f3c5731f3cd035dd39aa1a01672b99ebd74c454da55,2254,"/root/PVE_ALPINE_VALUE_EXPORT_PACKET_20260525_054348/FILES/FILE_generate_ANEKS1_with_footer.py"
9751b5bb3cf5d7aa6d14f4df42ec747dd4fe83f01af09ea0d5c9b7175e92f789,3169,"/root/PVE_ALPINE_VALUE_EXPORT_PACKET_20260525_054348/FILES/FILE_generate_EU_BRAND.py"
97a18cecc6af347637429d2765731ee758a2b0597568c702430ed27b504507ac,1914,"/root/PVE_ALPINE_VALUE_EXPORT_PACKET_20260525_054348/FILES/FILE_generate_SIGNALNI_MEMORANDUM_TITAN1.py"
1e48655033acbbbc1b2ebdf977ef195b2ad2ca6dbc69a34667d46acc7fdbbae4,1120,"/root/PVE_ALPINE_VALUE_EXPORT_PACKET_20260525_054348/FILES/FILE_DELTA_SSOT_SIGNAL_TO_DOCUMENT_GOVERNANCE_MAP.csv"
55c08e17d5d17dd9a382861f723ece84162b2e129c0e898efcbd8c23bd6bc3b6,866,"/root/PVE_ALPINE_VALUE_EXPORT_PACKET_20260525_054348/FILES/FILE_README_DELTA_SSOT_SIGNAL_TO_DOCUMENT_GOVERNANCE_MAP.md"
46df93bfa6a40071de36d8175edc23acd86fe647ac5f4406a6b90fe3307ed487,26406,"/root/PVE_ALPINE_VALUE_EXPORT_PACKET_20260525_054348/FILES/FILE_TITAN_GRID_v5_Full_Lender_Closing_Book.pdf"
f6b5f424614ccb274ce2164c638725692903fdb703d8a31d389eb0b1fc6d4ab7,737,"/root/PVE_ALPINE_VALUE_EXPORT_PACKET_20260525_054348/FILES/FILE_ACTIVE_DOCUMENT_REGISTRY.json"
2ff2d37730579fcf48eccc087abe1b75dcc034b9a31ac292b66b2814947bf9ef,421,"/root/PVE_ALPINE_VALUE_EXPORT_PACKET_20260525_054348/FILES/FILE_HASH_LEDGER.txt"
0e48b67c613112084747ba9edcb58faa383d78653a8ee020ff49eb6157a35c5e,3748,"/root/PVE_ALPINE_VALUE_EXPORT_PACKET_20260525_054348/FILES/FILE_MASTER_TOKEN_REGISTER_v4.0.json"
2003bc190e21da33dcd0a42daa27b9e7d29a132be45c375d4e7192e69ea7a60e,486,"/root/PVE_ALPINE_VALUE_EXPORT_PACKET_20260525_054348/FILES/FILE_README_TITAN1_FINAL_PACKAGE.txt"
da570bcb81b582dd8ddfe136bf381c6301b498bb6ae69d285dfacccaea58b1b6,523190,"/root/PVE_ALPINE_VALUE_EXPORT_PACKET_20260525_054348/FILES/FILE_Eco_Transformer_doo-_analitical_card.pdf"
edbe3031e4668ccfabd6648572a57b64eb0c913aa95cfb8b0e33ac298ebe90e1,274267,"/root/PVE_ALPINE_VALUE_EXPORT_PACKET_20260525_054348/FILES/FILE_IRF_-_PRIRUCNIK_ZA_IZRADU_INV_PROJEKATA_2013_-_do_50.pdf"
edbe3031e4668ccfabd6648572a57b64eb0c913aa95cfb8b0e33ac298ebe90e1,274267,"/root/PVE_ALPINE_VALUE_EXPORT_PACKET_20260525_054348/FILES/FILE_IRF_-_PRIRUCNIK_ZA_IZRADU_INV_PROJEKATA_2013_-_do_50.pdf"
9cd7047a2cb0ec766f5ed019297f9f5fc37598c31c181ad31054926be5d3df46,161,"/root/PVE_ALPINE_VALUE_EXPORT_PACKET_20260525_054348/FILES/FILE_TOKENS.txt"
e3b0c44298fc1c149afbf4c8996fb92427ae41e4649b934ca495991b7852b855,0,"/root/PVE_ALPINE_VALUE_EXPORT_PACKET_20260525_054348/FILES/FILE_TOKENS_I_SIGNALI.txt"
ec8f167807403651a485673b2526875cd08838c5dad5d640404179679cad12ca,48542,"/root/PVE_ALPINE_VALUE_EXPORT_PACKET_20260525_054348/FILES/FILE_MAPA_CIJELOG_UREDAJA.txt"
3c07413138d93edb92a3924d17776e62a4c0a2d46ec324dfe7b4bd13601ee6c2,1031737,"/root/PVE_ALPINE_VALUE_EXPORT_PACKET_20260525_054348/FILES/FILE_FIN-2.5_ENERGETSKA_ARBITRAŽA_I_SOLARNI_PRINOS_(LCOE_MODEL).pdf"
fd464c63c0b02cc13e7eeecb44dbe29f3a209e9dd056da4d8983cb527895650b,2272128,"/root/PVE_ALPINE_VALUE_EXPORT_PACKET_20260525_054348/FILES/FILE_Irf_investicioni_plan.pdf"
1732b10485548d925216745927c0b08bd743b003ea71391f93bc98deb7c4b178,200427,"/root/PVE_ALPINE_VALUE_EXPORT_PACKET_20260525_054348/FILES/FILE_Kontrola_nabavke:_Moć_u_industriji.pdf"
4c9783c032fa53ecb3fd016590f951ccb6ed56da65db85227f7f30590b645f12,2454,"/root/PVE_ALPINE_VALUE_EXPORT_PACKET_20260525_054348/FILES/FILE_TITAN_UPLOAD_PDF_HARVEST_100_888.md"
5e95062c2dfe9f18fce57cc84d9cca85a2a0d6fb19ed446964f59a726adad971,584,"/root/PVE_ALPINE_VALUE_EXPORT_PACKET_20260525_054348/FILES/FILE_TITAN_UPLOAD_PDF_HARVEST_100_888_SUMMARY.json"
2c118e4b25e22a20ce1fb0789523413394628c41009b759c3a971ff57c4630cf,230199,"/root/PVE_ALPINE_VALUE_EXPORT_PACKET_20260525_054348/FILES/FILE_Strateške_prilike_za_industrijsku_ekspanziju.pdf"
36082bdd9cb51014b6ee2e9db1098390c9b5c89301310ed5d61846ff8ecf22b2,208733,"/root/PVE_ALPINE_VALUE_EXPORT_PACKET_20260525_054348/FILES/FILE_Strateški_Plan_za_Industrijsku_Moć.pdf"
fce5a81a54acad8839ac962aa7e1075c15178d88d2bd055a3f1ec17d084b8dee,71143,"/root/PVE_ALPINE_VALUE_EXPORT_PACKET_20260525_054348/FILES/FILE_PUNA_MAPA.txt"
110d1d56c7114d9e2174d65cd4fa254e1bfccd08d81e20f54b02d4d239daa240,376,"/root/PVE_ALPINE_VALUE_EXPORT_PACKET_20260525_054348/FILES/FILE_SOUL_MANIFEST.txt"
323a623bd1cdeb6bb3e52383aa236b74871c745b8cb085f6812705ee9c1d63a7,1456,"/root/PVE_ALPINE_VALUE_EXPORT_PACKET_20260525_054348/FILES/FILE_DELTA_CORE_v1_0.py"
22684a7022143838ad2f71d21d243488e4a1d4a053e7fcfbc5aea78b893ad22b,6110,"/root/PVE_ALPINE_VALUE_EXPORT_PACKET_20260525_054348/FILES/FILE_DELTA_UNITY_ENGINE_v1_7.py"
db0d1fd704f188e0ac5ef0bd7eb1cee032050c593a645ebf3660a5c21e861807,3513,"/root/PVE_ALPINE_VALUE_EXPORT_PACKET_20260525_054348/FILES/FILE_iphone_sha_analyzer.py"
e2969ff252f90faa6c33b80f2f8d21492c9ee2484b8abfc4b8b01bb795a29a0b,2331,"/root/PVE_ALPINE_VALUE_EXPORT_PACKET_20260525_054348/FILES/FILE_FAJLOVI_SA_TOKENIMA.txt"
5ab24280d1ce92c945355dc4573bf9f463a3da631ffd4e07bb313759182b412e,131,"/root/PVE_ALPINE_VALUE_EXPORT_PACKET_20260525_054348/FILES/FILE_IPHONE_STATIC_EXPORT_PACKET_FOR_MSI_20260516_075558_TAR_SHA256.txt"
6f3e4535ab2b54deb71cfd380f2473e390f4f49f73d5e90211c129cd51c76a96,145,"/root/PVE_ALPINE_VALUE_EXPORT_PACKET_20260525_054348/FILES/FILE_IPHONE_STATIC_EXPORT_PACKET_MANIFEST_ONLY_20260519_082406_FOR_MSI_SHA256.txt"
6f3e4535ab2b54deb71cfd380f2473e390f4f49f73d5e90211c129cd51c76a96,145,"/root/PVE_ALPINE_VALUE_EXPORT_PACKET_20260525_054348/FILES/FILE_iphone_manifest_for_msi_sha256.txt"
e3b0c44298fc1c149afbf4c8996fb92427ae41e4649b934ca495991b7852b855,0,"/root/PVE_ALPINE_VALUE_EXPORT_PACKET_20260525_054348/FILES/FILE_SVE_OSJETLJIVO.txt"
82f441d229be20a8f71dd269e58209ec70bca5398a1557dc5c05e1fdf591155f,72224,"/root/PVE_ALPINE_VALUE_EXPORT_PACKET_20260525_054348/FILES/FILE_01_discover_files_v8_1_AUDIT_LOCKED.py"
b6a134268a72f671ede35f9a419e128753ea90d6fecf4719c478ffff99ef8db9,68398,"/root/PVE_ALPINE_VALUE_EXPORT_PACKET_20260525_054348/FILES/FILE_01_discover_files_v8_AUDIT_LOCKED.py"
7f68ecd86efa19b808de2921c123a1b71dd7d72c550cd6cb2e8f07d8c5858f64,75998,"/root/PVE_ALPINE_VALUE_EXPORT_PACKET_20260525_054348/FILES/FILE_01_discover_files_v9_AUDIT_LOCKED.py"
6defc09cb75223b941f2ee53930bffd6466ffbd8b25e795b28a783347f4fd3d7,15425,"/root/PVE_ALPINE_VALUE_EXPORT_PACKET_20260525_054348/FILES/FILE_TITAN_MASTER_SSOT_v1.0.pdf"
7c074eea6523e6332559f122e4bcb208bc4d0334713b7bec14efdcd56e40dfc8,1226,"/root/PVE_ALPINE_VALUE_EXPORT_PACKET_20260525_054348/FILES/FILE_GROK_CENTRAL_BRAIN_INSTRUCTIONS.txt"
a8934a86b44d7242da8fc30f1b43a141ae3661d7e8fc9c6b5ee451fa6e25f571,1005,"/root/PVE_ALPINE_VALUE_EXPORT_PACKET_20260525_054348/FILES/FILE_README_GROK_CENTRAL_BRAIN.txt"
fcff4c9755243b9b7d27a9433693b06fcb0bbba4cdb988bdab8d6bfce0a45e95,5060,"/root/PVE_ALPINE_VALUE_EXPORT_PACKET_20260525_054348/FILES/FILE_grok_central_brain_exporter.py"
5e8e6d11bf3310c15aeafad6f5e59a8605831056bd6c6f9e7fa75b7c7ab5f8ca,101680,"/root/PVE_ALPINE_VALUE_EXPORT_PACKET_20260525_054348/FILES/FILE_grok_central_brain_lookup.csv"
e6837a20f4b6336305600f2a2cfd50613921f9c2aab352aadc338dd781e444c1,260612,"/root/PVE_ALPINE_VALUE_EXPORT_PACKET_20260525_054348/FILES/FILE_grok_central_brain_lookup.json"
a461535c419aa00d754583037bb876715e7719c33393aef8173e3a92c17e6518,125990,"/root/PVE_ALPINE_VALUE_EXPORT_PACKET_20260525_054348/FILES/FILE_Assignment_tracker.pdf"
f116be80034b9beeede1a1fbe414f723f3e58b4492ac6f823c9cd013d83abd5e,883,"/root/PVE_ALPINE_VALUE_EXPORT_PACKET_20260525_054348/FILES/FILE_README.md"
c90ad565070c2dbbe7c2fdc3715c762d729546c4190349d1d645d5a9d8c5605d,526,"/root/PVE_ALPINE_VALUE_EXPORT_PACKET_20260525_054348/FILES/FILE_build_control_tower_v1.py"
d11bcad2885cf7aec5f46dc41cfa2ab36a448ced21870d94f5ac3a344e54babd,2654,"/root/PVE_ALPINE_VALUE_EXPORT_PACKET_20260525_054348/FILES/FILE_grok_payload_v6_2.json"
654ea28ff09e9ed9691e8965d895140647db28d022fd304b134582d041a04afe,2674,"/root/PVE_ALPINE_VALUE_EXPORT_PACKET_20260525_054348/FILES/FILE_grok_payload_v6_2.py"
fe9c2dffce2623f4c6bd9c212b8fb9a8be4c69902690aa61d7fb61683552ca4a,30287,"/root/PVE_ALPINE_VALUE_EXPORT_PACKET_20260525_054348/FILES/FILE_titan_central_brain_v6_1_generator.py"
1bcb03a750c77d9109d265dbb45cd4e0e34b783621c210e531b46398c512044d,1288,"/root/PVE_ALPINE_VALUE_EXPORT_PACKET_20260525_054348/FILES/FILE_ADM-01_Executive_Summary.md"
ee5ad302c9d858e8a36cb66da4d05136d7f40836ae59079af580506c19ab6666,1290,"/root/PVE_ALPINE_VALUE_EXPORT_PACKET_20260525_054348/FILES/FILE_ADM-02_Version_Control_Log.md"
d5ab6c8e0cb5cc9e26526f8b31a351d781748fe5872288b83f83687652d96332,9892,"/root/PVE_ALPINE_VALUE_EXPORT_PACKET_20260525_054348/FILES/FILE_ADM-03_Document_Index_Master.md"
600833b0e9b0df5baba1e2dd80dc3f6da8398c2ea44d92e2a893f638da4fcd3a,1294,"/root/PVE_ALPINE_VALUE_EXPORT_PACKET_20260525_054348/FILES/FILE_ADM-04_Data_Room_Access_Matrix.md"
bc12fb20378cfe6fd50878702c8ed8aeb825d8571131f0a0ee50007f55c46be9,1283,"/root/PVE_ALPINE_VALUE_EXPORT_PACKET_20260525_054348/FILES/FILE_ADM-05_NDA_Template.md"
a5e6f78b6a0f1c9e7bf2d424597ca2c8f097db3833c62f36cece3d5d52290945,1277,"/root/PVE_ALPINE_VALUE_EXPORT_PACKET_20260525_054348/FILES/FILE_ADM-06_QA_Log.md"
37ae487e21686063fc4ebd7b06b100315d1e69064ec1f753db197370c2e5dbd1,1286,"/root/PVE_ALPINE_VALUE_EXPORT_PACKET_20260525_054348/FILES/FILE_ADM-07_Issues_Register.md"
ca36a5230e3d1bebd979ff1f4ab0168c7d09f4d7ebd54b81a30d756b7c7e68cf,1289,"/root/PVE_ALPINE_VALUE_EXPORT_PACKET_20260525_054348/FILES/FILE_ADM-08_Approvals_Register.md"
b70f58e6da7d58c6c0faf30e4689ec072ba019fba2a03ff6bddab2b6b511e9b4,1290,"/root/PVE_ALPINE_VALUE_EXPORT_PACKET_20260525_054348/FILES/FILE_EXE-01_Investment_Memo_EIB.md"
c5028158d72ab6ef658ca261b144839888111d01e804b9bf7849f6e4b9908ba6,1291,"/root/PVE_ALPINE_VALUE_EXPORT_PACKET_20260525_054348/FILES/FILE_EXE-02_Investment_Memo_EBRD.md"
5418916c7a3a8438759a85a70255e21cdb641d151ec4cd624ed6d6220559bc85,1282,"/root/PVE_ALPINE_VALUE_EXPORT_PACKET_20260525_054348/FILES/FILE_EXE-03_IC_Paper_PE.md"
ea92f8b3ac74ab5098b8641b731b225d3bf5e9f58960204c8a2dc9b909b5d540,1280,"/root/PVE_ALPINE_VALUE_EXPORT_PACKET_20260525_054348/FILES/FILE_EXE-04_One_Pager.md"
4b8aeae8bffa4b84e7a5c396817843bcfa83207f45705d560ac2ff8dda2919bb,1289,"/root/PVE_ALPINE_VALUE_EXPORT_PACKET_20260525_054348/FILES/FILE_EXE-05_Pitch_Deck_Outline.md"
bd96fc1ef02714c2e9c688302f0461a4bd95edd9853d7ab7b8458d0e8152bebf,1290,"/root/PVE_ALPINE_VALUE_EXPORT_PACKET_20260525_054348/FILES/FILE_EXE-06_Strategic_Rationale.md"
8465a948b0fe271b5fe76913ae2249b932896eb53f2192b6f3a255386c1d15be,1290,"/root/PVE_ALPINE_VALUE_EXPORT_PACKET_20260525_054348/FILES/FILE_EXE-07_Value_Creation_Plan.md"
56cf09e3fb12003c658b2b39b246eae1f5af8f07ec3f0bfb7046e2206242c156,1293,"/root/PVE_ALPINE_VALUE_EXPORT_PACKET_20260525_054348/FILES/FILE_EXE-08_Executive_Risk_Summary.md"
0996462f5afa8c678bb59f7073c8ba7ecd89a73dc303b41429eb8f32907d06e6,1291,"/root/PVE_ALPINE_VALUE_EXPORT_PACKET_20260525_054348/FILES/FILE_PROJ-01_Project_Description.md"
8e1a3f52d0e43ec7ac2917edd5c9d1477e3366051add8b38a0caccb47f2fa253,1298,"/root/PVE_ALPINE_VALUE_EXPORT_PACKET_20260525_054348/FILES/FILE_PROJ-02_Rollout_Timeline_2026_2029.md"
799027417f01a04bf4c478b433ffd1417127cc59377fac45b895bebe036a5c36,1293,"/root/PVE_ALPINE_VALUE_EXPORT_PACKET_20260525_054348/FILES/FILE_PROJ-03_Asset_Map_3_Factories.md"
4bcc567b1aba5331735000780d80c565d597060383dba31162e493b95e6a8bc8,1300,"/root/PVE_ALPINE_VALUE_EXPORT_PACKET_20260525_054348/FILES/FILE_PROJ-04_Location_Analysis_Montenegro.md"
7f98d3c2566cd6173d875facfd21753f2c86006db575182b9a1c5d075fd28c71,1289,"/root/PVE_ALPINE_VALUE_EXPORT_PACKET_20260525_054348/FILES/FILE_PROJ-05_Industrial_Layout.md"
d9c98b61e7c725c3cbbfa7aa6e5f4df92502b583276f0ef3ff19e60e00a4a3e6,1296,"/root/PVE_ALPINE_VALUE_EXPORT_PACKET_20260525_054348/FILES/FILE_PROJ-06_Capacity_Plan_3600_Units.md"
5802010208a34ae887ad9d93594b71de61be86205d2ae8d7f23eb75a8089c590,1297,"/root/PVE_ALPINE_VALUE_EXPORT_PACKET_20260525_054348/FILES/FILE_PROJ-07_Sponsor_Profile_ARS_Metal.md"
c8650d9cc53afaf44f33d55036f54cea9b1cb137c505818ec4211ed1fc1d7413,1298,"/root/PVE_ALPINE_VALUE_EXPORT_PACKET_20260525_054348/FILES/FILE_PROJ-08_ADS_Ankara_Industrial_Base.md"
f0a9d3a4fa47b29562132c45f6b7a4e6332f20fb67beba28adb6f360fe5a38ba,1298,"/root/PVE_ALPINE_VALUE_EXPORT_PACKET_20260525_054348/FILES/FILE_MKT-01_EU_Transformer_Demand_Study.md"
f89c700bcfd99b71ff8a2c71a52c2b4db520ff9a09bc46b1ed6bf2409e5248ee,1294,"/root/PVE_ALPINE_VALUE_EXPORT_PACKET_20260525_054348/FILES/FILE_MKT-02_Grid_Expansion_Pipeline.md"
30b579a7229d3a992afcf98a0d4290916dae5f5aee3fe11c7542a7c5b4e9fae6,1291,"/root/PVE_ALPINE_VALUE_EXPORT_PACKET_20260525_054348/FILES/FILE_MKT-03_Nearshoring_Analysis.md"
1c874aafca80871ad095473c3029a3ea27f221f155c1cf5d65644173e8d860f5,1294,"/root/PVE_ALPINE_VALUE_EXPORT_PACKET_20260525_054348/FILES/FILE_MKT-04_Competitor_Benchmarking.md"
28ca44e9f0aa59069efa32185b16e1541e4622d87331aed0bf9e549ddc9bc952,1287,"/root/PVE_ALPINE_VALUE_EXPORT_PACKET_20260525_054348/FILES/FILE_MKT-05_Pricing_Analysis.md"
4a38e0ede33a3903568f7c7826d6fd9c2b0a3a677b28f51047b66d7226cd88fe,1294,"/root/PVE_ALPINE_VALUE_EXPORT_PACKET_20260525_054348/FILES/FILE_MKT-06_Steel_Price_Sensitivity.md"
b09c3416b07e07abd7193b5bdd80759b0ade872c400419ad54c9b6c355a53be9,1288,"/root/PVE_ALPINE_VALUE_EXPORT_PACKET_20260525_054348/FILES/FILE_MKT-07_Customer_Segments.md"
86fa6b81fe2e6e0b7c486d8cc29af4b6915920c740214f3d463fd705feba9100,1287,"/root/PVE_ALPINE_VALUE_EXPORT_PACKET_20260525_054348/FILES/FILE_MKT-08_Offtake_Pipeline.md"
98362cee9ebc8d0dec3f15daeaa03313736c4378b175285382c6a95340a2baed,1289,"/root/PVE_ALPINE_VALUE_EXPORT_PACKET_20260525_054348/FILES/FILE_MKT-09_Lead_Time_Analysis.md"
8601d4ec2377153ab62bea7d013a720b7d81c0853633bcabe419ad9ba6c1c667,1302,"/root/PVE_ALPINE_VALUE_EXPORT_PACKET_20260525_054348/FILES/FILE_MKT-10_Commercial_Assumptions_Register.md"
476f74f15a8f6e33d78c83d282f99792c2d0fbfa309f2ea25a518cb4d2ed12f5,1294,"/root/PVE_ALPINE_VALUE_EXPORT_PACKET_20260525_054348/FILES/FILE_TECH-01_Product_Specifications.md"
aa0acee9fb0beea735d1b51e22c5e2166136088ce40f7729928af0ca7b564e9a,1298,"/root/PVE_ALPINE_VALUE_EXPORT_PACKET_20260525_054348/FILES/FILE_TECH-02_Manufacturing_Process_Flow.md"
22d7bdc1ba3838681c71b9e5082117bb1fb730baaa3c7b160ec156e053dfe3c3,1292,"/root/PVE_ALPINE_VALUE_EXPORT_PACKET_20260525_054348/FILES/FILE_TECH-03_ADS_Capability_Proof.md"
d29355a2dd5e75faa4b072b1312e10c9bf9d5284bea7bfdc0309a0c48fbe75a9,1289,"/root/PVE_ALPINE_VALUE_EXPORT_PACKET_20260525_054348/FILES/FILE_TECH-04_Quality_Standards.md"
65e9d413a72fa3d8a50cb21d3fc7e3a35b73ffc843c5c5bad71738ef939ce9fe,1286,"/root/PVE_ALPINE_VALUE_EXPORT_PACKET_20260525_054348/FILES/FILE_TECH-05_Machinery_List.md"
7b7c893d308714e9c1dd40cf6b9aa23dd195c0584aaab1b8c8ce781106f0d983,1296,"/root/PVE_ALPINE_VALUE_EXPORT_PACKET_20260525_054348/FILES/FILE_TECH-06_Layout_Drawings_Register.md"
6e12864edadc549be5149b33bfac48890f7b4e4e5e6f88db6da34873f97c8afe,1296,"/root/PVE_ALPINE_VALUE_EXPORT_PACKET_20260525_054348/FILES/FILE_TECH-07_Energy_Consumption_Study.md"
1fa3942b8c399eb05aa8c52afc8cf6ca6b37fa6d1f085cf2e4911d384d635923,1291,"/root/PVE_ALPINE_VALUE_EXPORT_PACKET_20260525_054348/FILES/FILE_TECH-08_Scrap_Rate_Analysis.md"
d1c0cee4f0e08ee8dd5f23c4adc46f3f13d915e7fb5c60d4a1f30754e2a4015a,1285,"/root/PVE_ALPINE_VALUE_EXPORT_PACKET_20260525_054348/FILES/FILE_TECH-09_Process_QA_QC.md"
07e0d595dfece5fc751fead1229f1b52d462de95d580092c9e59068c50cf5a09,1294,"/root/PVE_ALPINE_VALUE_EXPORT_PACKET_20260525_054348/FILES/FILE_TECH-10_Capacity_Certification.md"
d1e0580b7b2fe17447fc86d1719443c71c981331f41c9001d0010b22b23bb8cf,1286,"/root/PVE_ALPINE_VALUE_EXPORT_PACKET_20260525_054348/FILES/FILE_OPS-01_Production_Plan.md"
2b867be2b917e3bdffa11dfe8ba5f3c2dc475601c8c04135718b7a9a60683e13,1286,"/root/PVE_ALPINE_VALUE_EXPORT_PACKET_20260525_054348/FILES/FILE_OPS-02_OEE_Assumptions.md"
b7ecab94b4cc0b3dce0249ddb007673089188ccc89f8442857a233241c7d5458,1287,"/root/PVE_ALPINE_VALUE_EXPORT_PACKET_20260525_054348/FILES/FILE_OPS-03_Supply_Chain_Map.md"
4d1ab3e1dce1bb23d72c530b1c9e2c8c2c013e6790577a063e32f0fefde7473f,1285,"/root/PVE_ALPINE_VALUE_EXPORT_PACKET_20260525_054348/FILES/FILE_OPS-04_Logistics_Plan.md"
a073bdc851d6dffc07ab5a5ffdd7dc90f2035c2e3d55d1fc1e4f6bff0aecc4f9,1291,"/root/PVE_ALPINE_VALUE_EXPORT_PACKET_20260525_054348/FILES/FILE_OPS-05_Procurement_Strategy.md"
5edc887593f8f90de93a5c896d9ff037b72e9525f8be7a6d687487d641752369,1287,"/root/PVE_ALPINE_VALUE_EXPORT_PACKET_20260525_054348/FILES/FILE_OPS-06_Inventory_Policy.md"
399da583a589bd3b9f520149fd0b2ae60c872b896bb65a97fc12c7f79897c9b4,1287,"/root/PVE_ALPINE_VALUE_EXPORT_PACKET_20260525_054348/FILES/FILE_OPS-07_Maintenance_Plan.md"
bc15c2c5a6b419bba9a975d0c05d3b0778ed5c7097e4b86cec7d6e36675efa63,1282,"/root/PVE_ALPINE_VALUE_EXPORT_PACKET_20260525_054348/FILES/FILE_OPS-08_Shift_Model.md"
843f713c16fa27bca421b2611833012e8313891b151386507acacac8570b890f,1283,"/root/PVE_ALPINE_VALUE_EXPORT_PACKET_20260525_054348/FILES/FILE_OPS-09_Ramp_Up_Plan.md"
4c19ac3bb649cdbffb7a0dcd14b2fe019822629eda127625a353797c5810f6f5,1284,"/root/PVE_ALPINE_VALUE_EXPORT_PACKET_20260525_054348/FILES/FILE_OPS-10_KPI_Framework.md"
341e1f31a08700c6f5c5d025fffe0ae00adae2cddf1ebb0ad39197dee38d6ee2,1297,"/root/PVE_ALPINE_VALUE_EXPORT_PACKET_20260525_054348/FILES/FILE_CAPEX-01_Detailed_CAPEX_Breakdown.md"
42fbbe613f8590d169292289a11540bc1ff2b1a00f47b7e2fb2fc258b9c7414a,1282,"/root/PVE_ALPINE_VALUE_EXPORT_PACKET_20260525_054348/FILES/FILE_CAPEX-02_P90_CAPEX.md"
d626151bd83c1b5f295eeb5b3f58b6bdf4dd46e770a85b5937f19dc13c383a7c,1295,"/root/PVE_ALPINE_VALUE_EXPORT_PACKET_20260525_054348/FILES/FILE_CAPEX-03_Vendor_Quotes_Register.md"
51b9f4774ce393ff8dcb15b9ec3800ba0ae7d443aaacccb01d102a39d6bb6105,1294,"/root/PVE_ALPINE_VALUE_EXPORT_PACKET_20260525_054348/FILES/FILE_CAPEX-04_Construction_Timeline.md"
f6f24d38a7c17913eae6d3ab06f228f34d7743e9ab980e0b3e85e44513347a35,1293,"/root/PVE_ALPINE_VALUE_EXPORT_PACKET_20260525_054348/FILES/FILE_CAPEX-05_Contingency_Analysis.md"
72696a85a10f479b96f4d3a0952b04842df93f072b1208438e849b769680b925,1288,"/root/PVE_ALPINE_VALUE_EXPORT_PACKET_20260525_054348/FILES/FILE_CAPEX-06_IDC_Calculation.md"
e255efbd7fe60ef5f772e6643d910f6d91ee54af4c5940a5da4d2b307d56ca4e,1288,"/root/PVE_ALPINE_VALUE_EXPORT_PACKET_20260525_054348/FILES/FILE_CAPEX-07_Expansion_CAPEX.md"
e59995b5805bc00e87c68db8d730be7ebe0777ae133f1e423783922ca6c92e2f,1290,"/root/PVE_ALPINE_VALUE_EXPORT_PACKET_20260525_054348/FILES/FILE_CAPEX-08_Civil_Works_Scope.md"
00d98886e32ce33cd783f1f22f2b7e00a923af32554ee16dc12dbea3ae3d63f7,1288,"/root/PVE_ALPINE_VALUE_EXPORT_PACKET_20260525_054348/FILES/FILE_CAPEX-09_Equipment_Scope.md"
b77075cc2460bc65d6d13ca629af341cdcf311670b0f713f044e4d5ec1112679,1299,"/root/PVE_ALPINE_VALUE_EXPORT_PACKET_20260525_054348/FILES/FILE_CAPEX-10_CAPEX_Assumptions_Register.md"
e5ed1e0d1a6e1b7993090597390224b186890ca36602212e2302fba943dfcef5,1297,"/root/PVE_ALPINE_VALUE_EXPORT_PACKET_20260525_054348/FILES/FILE_FIN-01_Central_Brain_Master_Model.md"
33820a681d4741c90ead0b6215c05fe047e7c228b712de79c199d43048ffc4fc,1287,"/root/PVE_ALPINE_VALUE_EXPORT_PACKET_20260525_054348/FILES/FILE_FIN-02_Assumptions_Book.md"
da32ea072f13fc686a0ca10616f85c107252a16e31063a7f4bf7c4d13dcf2b23,1281,"/root/PVE_ALPINE_VALUE_EXPORT_PACKET_20260525_054348/FILES/FILE_FIN-03_DSCR_Model.md"
b04faf05b1cf58fe52c188043134bc334833d7599ec05978ceadb6ac2bd80a07,1282,"/root/PVE_ALPINE_VALUE_EXPORT_PACKET_20260525_054348/FILES/FILE_FIN-04_CFADS_Model.md"
6a1f33422a6498b825590101f607d76c5bd549d4467801fd226ec3968bbfd965,1291,"/root/PVE_ALPINE_VALUE_EXPORT_PACKET_20260525_054348/FILES/FILE_FIN-05_Quarterly_Debt_Model.md"
eb67e211f4150327182ed04a4c60d10b00551a4b41f81f1e3f3e57aa1fb02444,1281,"/root/PVE_ALPINE_VALUE_EXPORT_PACKET_20260525_054348/FILES/FILE_FIN-06_DSRA_Model.md"
c598cd57852ed46bb5f957d31ddc6d55e360b84d43af718ba4a4b71ba78461c6,1286,"/root/PVE_ALPINE_VALUE_EXPORT_PACKET_20260525_054348/FILES/FILE_FIN-07_LLCR_PLCR_Model.md"
6370c8a56d095c708ca539adc28b31ecdb01bbf817bca67a3b55fe2c66368cc9,1291,"/root/PVE_ALPINE_VALUE_EXPORT_PACKET_20260525_054348/FILES/FILE_FIN-08_Sensitivity_Analysis.md"
8bf0166dbd4a13f6c5263e48b5b2961bb87b17c53e1ac9c37e12171eba381a04,1288,"/root/PVE_ALPINE_VALUE_EXPORT_PACKET_20260525_054348/FILES/FILE_FIN-09_Scenario_Analysis.md"
1f31fb5bf2e0802839998e112b992bb4bd4573f4ed38ff6e0bac382b4abdf2f5,1286,"/root/PVE_ALPINE_VALUE_EXPORT_PACKET_20260525_054348/FILES/FILE_FIN-10_Dashboard_Notes.md"
b26a04d2eb25caedb2f05f8bafe17e57713522587a980eab5c3c401888935c20,1292,"/root/PVE_ALPINE_VALUE_EXPORT_PACKET_20260525_054348/FILES/FILE_FIN-11_Working_Capital_Model.md"
7ad527392dba5e72af2190c6188bfe34e38a9eb1c2a6d13d316ea447e05c9679,1294,"/root/PVE_ALPINE_VALUE_EXPORT_PACKET_20260525_054348/FILES/FILE_FIN-12_Grant_Integration_Model.md"
fa3979165c6be7f0826a2164005a7c084c0c3ed73c70d721dc10753739f1aba2,1289,"/root/PVE_ALPINE_VALUE_EXPORT_PACKET_20260525_054348/FILES/FILE_FUND-01_Capital_Structure.md"
c039fe57ae1c0c30f677929d65a3622f292a0e8c0d5d923a0a0777824bb1e938,1287,"/root/PVE_ALPINE_VALUE_EXPORT_PACKET_20260525_054348/FILES/FILE_FUND-02_Debt_Term_Sheet.md"
85b708e32d4dbc3e9b4f4d6599fb06bb516cabcb0bd0c1f870bd9b8af94c24fe,1295,"/root/PVE_ALPINE_VALUE_EXPORT_PACKET_20260525_054348/FILES/FILE_FUND-03_Lender_Presentation_EIB.md"
e1a0cc8ea66b83ba746fcaddb8163bdb3a2c99130e89fdac39ad528d4248ef82,1296,"/root/PVE_ALPINE_VALUE_EXPORT_PACKET_20260525_054348/FILES/FILE_FUND-04_Lender_Presentation_EBRD.md"
c770f1f6105d0a1aeac2762149765391f38a76e905ed6ab119a777b1ea9b7161,1284,"/root/PVE_ALPINE_VALUE_EXPORT_PACKET_20260525_054348/FILES/FILE_FUND-05_Equity_Story.md"
00f3439c55a03b31ace1f520aa1bb724fbd89343c6e6c304b8bbbad15c4fd85f,1294,"/root/PVE_ALPINE_VALUE_EXPORT_PACKET_20260525_054348/FILES/FILE_FUND-06_Co_Investment_Strategy.md"
27262e31940ccc22116efcd04b9cdf2ae810b989db5a2d27e487b93496cc6696,1292,"/root/PVE_ALPINE_VALUE_EXPORT_PACKET_20260525_054348/FILES/FILE_FUND-07_Refinancing_Strategy.md"
7b4c1685bf88f953046cbe2a1d97352f852436fa084bc9831f3362d6068d0f2c,1291,"/root/PVE_ALPINE_VALUE_EXPORT_PACKET_20260525_054348/FILES/FILE_FUND-08_Debt_Marketing_List.md"
fbe6a8c9616ce27c923dda8d173d4c9f78c490ea595b1ebd1f7a341d5cb8f9f3,1290,"/root/PVE_ALPINE_VALUE_EXPORT_PACKET_20260525_054348/FILES/FILE_FUND-09_Lender_QA_Register.md"
caa9004e9d0147be6f3f4b21997fe191143512e95674d83f223c247216afff87,1291,"/root/PVE_ALPINE_VALUE_EXPORT_PACKET_20260525_054348/FILES/FILE_LEG-01_Company_Registration.md"
d1cf246d5ca10dba9706b1f45120b1e16a9e758fbb883d2295b06dfd56cb9e64,1290,"/root/PVE_ALPINE_VALUE_EXPORT_PACKET_20260525_054348/FILES/FILE_LEG-02_Ownership_Structure.md"
88e98b680be35dc139240a5c01a3f59f9e7998c86294dba155e7976930d14353,1293,"/root/PVE_ALPINE_VALUE_EXPORT_PACKET_20260525_054348/FILES/FILE_LEG-03_Shareholder_Agreements.md"
3bfc6c50073f2267e97cfda9e87c464c06bc1849da1fd92562b2801333b1feeb,1291,"/root/PVE_ALPINE_VALUE_EXPORT_PACKET_20260525_054348/FILES/FILE_LEG-04_Land_Ownership_Lease.md"
cedcef4f0a047ba0487f14f3deea9d0b8602da22bfc64ed21a466d641764c37a,1287,"/root/PVE_ALPINE_VALUE_EXPORT_PACKET_20260525_054348/FILES/FILE_LEG-05_Permits_Register.md"
8a973c23b2d1434ab2a0d71d8ac7001c5aeb57becb089365037f33010b8b555c,1294,"/root/PVE_ALPINE_VALUE_EXPORT_PACKET_20260525_054348/FILES/FILE_LEG-06_Compliance_Certificates.md"
c465541a241d8d19a62ab3e8dd1faafac1abe76c0666ac5fbe47a8c15753da94,1291,"/root/PVE_ALPINE_VALUE_EXPORT_PACKET_20260525_054348/FILES/FILE_LEG-07_Corporate_Governance.md"
616b2488fb2e0c69ebcd41dabd8508f5da8121f84b5fe15da96dc4dc53d53a84,1290,"/root/PVE_ALPINE_VALUE_EXPORT_PACKET_20260525_054348/FILES/FILE_LEG-08_Litigation_Register.md"
66fcb65533c91540ccaf2c1eb6d462e9e7b7b230aa03b3d2cf4fbc4d24b84e90,1291,"/root/PVE_ALPINE_VALUE_EXPORT_PACKET_20260525_054348/FILES/FILE_LEG-09_Material_Legal_Risks.md"
ceca5b343396f24d6113c1e65c33b812c268d6ea9ced62a7344708819ee0f34d,1294,"/root/PVE_ALPINE_VALUE_EXPORT_PACKET_20260525_054348/FILES/FILE_TAX-01_Corporate_Tax_Structure.md"
d88428cc210eb621dc2ff51669379f62d0a7908862534ae02ebca6f07b99f6ab,1292,"/root/PVE_ALPINE_VALUE_EXPORT_PACKET_20260525_054348/FILES/FILE_TAX-02_Montenegro_Incentives.md"
250759d97a054c6d7d211890cc971e8f17602eb89e3426092f392472504cba99,1284,"/root/PVE_ALPINE_VALUE_EXPORT_PACKET_20260525_054348/FILES/FILE_TAX-03_VAT_Treatment.md"
de13e65f1cb6bb77f71f5554047a7b1168b9775704fd0bbf8842b76c0a30d489,1305,"/root/PVE_ALPINE_VALUE_EXPORT_PACKET_20260525_054348/FILES/FILE_TAX-04_Cross_Border_Tax_Turkey_Montenegro.md"
e59c0a1f33b5fbcae2fcfd3207dcc82c2e208138f1a9fe07aca689b4b3cbd144,1292,"/root/PVE_ALPINE_VALUE_EXPORT_PACKET_20260525_054348/FILES/FILE_TAX-05_Tax_Optimization_Memo.md"
0792b339dbf8c0cfd86ba9b639ed7f209050c36e186dac4cccd60d63f1f1066a,1295,"/root/PVE_ALPINE_VALUE_EXPORT_PACKET_20260525_054348/FILES/FILE_TAX-06_Tax_Compliance_Checklist.md"
a01007a9f1a51eaf548f96f4e1a0d86322967079d197acc0893c2d499b19620f,1283,"/root/PVE_ALPINE_VALUE_EXPORT_PACKET_20260525_054348/FILES/FILE_ESG-01_ESG_Strategy.md"
dae08f4ee84cf701f7dfe2ae323b899e31104a11446103ca699069f04db35c09,1292,"/root/PVE_ALPINE_VALUE_EXPORT_PACKET_20260525_054348/FILES/FILE_ESG-02_EU_Taxonomy_Alignment.md"
37ea73eb5a778906999023e460969404963b8a9beded52e58ab69260f6502879,1291,"/root/PVE_ALPINE_VALUE_EXPORT_PACKET_20260525_054348/FILES/FILE_ESG-03_CBAM_Impact_Analysis.md"
97714bf0af4a5e736591d37ffc2341e9418e6eae8d7b4bf58d2726a3eb105a79,1293,"/root/PVE_ALPINE_VALUE_EXPORT_PACKET_20260525_054348/FILES/FILE_ESG-04_CO2_Reduction_Estimate.md"
dc27217aee44e3c11bcd79f164e1307764805cd929c9d59de3b7a8c6dfdcfebc,1292,"/root/PVE_ALPINE_VALUE_EXPORT_PACKET_20260525_054348/FILES/FILE_ESG-05_Environmental_Permits.md"
4477f2e3b53280423c2d57bf3d3934afd42895e7f49ce164b659477ffb794beb,1284,"/root/PVE_ALPINE_VALUE_EXPORT_PACKET_20260525_054348/FILES/FILE_ESG-06_Social_Impact.md"
40f3f284c1160188ac0b70eec5b107af99266a2b2c2dfa7a913cd1cb2b8421d8,1291,"/root/PVE_ALPINE_VALUE_EXPORT_PACKET_20260525_054348/FILES/FILE_ESG-07_Governance_Framework.md"
ef2229a14618af334a68c8deace506c93a0cfc9f7b237582fa6fc26058315b86,1287,"/root/PVE_ALPINE_VALUE_EXPORT_PACKET_20260525_054348/FILES/FILE_ESG-08_ESG_KPI_Register.md"
a3dd866e4ba93171ccef299c7faade8ed22a8d0e4593fc62b1ecc25001582554,1283,"/root/PVE_ALPINE_VALUE_EXPORT_PACKET_20260525_054348/FILES/FILE_ESG-09_ESG_Risk_Map.md"
bfe7092fbc1726e9b10d0399ecadec7f8e8028926d2a5b684b87edd54f453286,1293,"/root/PVE_ALPINE_VALUE_EXPORT_PACKET_20260525_054348/FILES/FILE_GR-01_Grant_Strategy_Overview.md"
f9ed72f392f9c83bec1a1f0d6a360c10486a4739a9226690ec0a2559375889f0,1290,"/root/PVE_ALPINE_VALUE_EXPORT_PACKET_20260525_054348/FILES/FILE_GR-02_EU_IPA_Documentation.md"
955144bd98b078b0c330e44752caad8ca1ad8323e5985ba80c8d8dccc978fcee,1286,"/root/PVE_ALPINE_VALUE_EXPORT_PACKET_20260525_054348/FILES/FILE_GR-03_WBIF_Eligibility.md"
b6fc5b9531fea41e2c75682b08f326e49bb08808eae39367e241a0416d2ba7c8,1291,"/root/PVE_ALPINE_VALUE_EXPORT_PACKET_20260525_054348/FILES/FILE_GR-04_Montenegro_Incentives.md"
b26b4eb7aacb10a3c2e6bd71849aa71c11f6da1328bf50431edbe6aba94e70dd,1295,"/root/PVE_ALPINE_VALUE_EXPORT_PACKET_20260525_054348/FILES/FILE_GR-05_Turkey_Industrial_Support.md"
aa79f131625880d1c73495c0abdf8e00966ada20fc09d4bfe21445b836f9f8c3,1288,"/root/PVE_ALPINE_VALUE_EXPORT_PACKET_20260525_054348/FILES/FILE_GR-06_Grant_Timing_Model.md"
b057377ec1bd7bd43f7ca099ad0b3067d08fe488dad3ce3cee9190c356fd55a9,1286,"/root/PVE_ALPINE_VALUE_EXPORT_PACKET_20260525_054348/FILES/FILE_GR-07_Grant_Compliance.md"
6bc7dfaec33132f682630d5a374b53df2b7f38ec30a0f1beec41cdb8d8b7374e,1294,"/root/PVE_ALPINE_VALUE_EXPORT_PACKET_20260525_054348/FILES/FILE_GR-08_Grant_Document_Checklist.md"
59a6b89cd61ee490cd90d16d85d36f8201f6c0ea301e7ec86435af06b9c9aca2,1289,"/root/PVE_ALPINE_VALUE_EXPORT_PACKET_20260525_054348/FILES/FILE_GR-09_Grant_Risk_Register.md"
c0e44ab0344593f43ae63973e374ed5539b030289b9f45b3d81d03747d041a92,1283,"/root/PVE_ALPINE_VALUE_EXPORT_PACKET_20260525_054348/FILES/FILE_RISK-01_Risk_Matrix.md"
65a00b191a409e8b9e47f513fb2e37ac3590f8039cfbe5f434316e245b187cfb,1282,"/root/PVE_ALPINE_VALUE_EXPORT_PACKET_20260525_054348/FILES/FILE_RISK-02_CAPEX_Risk.md"
76f5a66333ac0f53ba1e7937f027ac412188aa6d0f1431efebc5b80b1653ff82,1283,"/root/PVE_ALPINE_VALUE_EXPORT_PACKET_20260525_054348/FILES/FILE_RISK-03_Market_Risk.md"
936fa438ee2df72a333a47689ecdfd01b9d005ac66bad899a276bb48d142d718,1279,"/root/PVE_ALPINE_VALUE_EXPORT_PACKET_20260525_054348/FILES/FILE_RISK-04_FX_Risk.md"
867fb564c4ac98610105017e5507f271f6f586d08a551c8f83d4bc286f565551,1290,"/root/PVE_ALPINE_VALUE_EXPORT_PACKET_20260525_054348/FILES/FILE_RISK-05_Interest_Rate_Risk.md"
ba86b8ee599a1bff1ec5a0d62a115ff96f44b1d172fae947601ea9ce2007f99a,1288,"/root/PVE_ALPINE_VALUE_EXPORT_PACKET_20260525_054348/FILES/FILE_RISK-06_Operational_Risk.md"
7ca62b253d20956b4ba599f2d5e229d289419fbfd6ac4f7a867448407f2cafbc,1293,"/root/PVE_ALPINE_VALUE_EXPORT_PACKET_20260525_054348/FILES/FILE_RISK-07_Mitigation_Strategies.md"
d2dadc39971085db7b4d84b94ad9bde64a4d052540a1796ce6f39e849b0530f7,1285,"/root/PVE_ALPINE_VALUE_EXPORT_PACKET_20260525_054348/FILES/FILE_RISK-08_Covenant_Risk.md"
2b81255545f7f49bed4f564fc85ae5f611e9c1f732bd6813ba0a2df5ad436bc6,1286,"/root/PVE_ALPINE_VALUE_EXPORT_PACKET_20260525_054348/FILES/FILE_RISK-09_Liquidity_Risk.md"
1b5e8dfd6e28f3dac386e956850ac6acacf45024a5985b3cdcdeea75c7003623,1290,"/root/PVE_ALPINE_VALUE_EXPORT_PACKET_20260525_054348/FILES/FILE_RISK-10_Risk_Ownership_Map.md"
6143e78f6c3f24aaaf576bb6292d79454590d295ee86622fb5c415c574bc2095,1292,"/root/PVE_ALPINE_VALUE_EXPORT_PACKET_20260525_054348/FILES/FILE_MC-01_Simulation_Assumptions.md"
1e1ce6eac0ce611a845fe6265f829960d97da7b3f9885763afde5a0376bc64f4,1282,"/root/PVE_ALPINE_VALUE_EXPORT_PACKET_20260525_054348/FILES/FILE_MC-02_Python_Model.md"
9d41738da7d019002cf79ad3b2adab31a8332cfb76571147d0ffd8f40ab9e573,1287,"/root/PVE_ALPINE_VALUE_EXPORT_PACKET_20260525_054348/FILES/FILE_MC-03_10000_Run_Results.md"
2fb8c2a0238b52f8b74d1c28a369bc24be3733d3c747e8ce7e98ba0516ddb315,1287,"/root/PVE_ALPINE_VALUE_EXPORT_PACKET_20260525_054348/FILES/FILE_MC-04_DSCR_Distribution.md"
ef60557fa19a2d8afd5692ac396f7e4a272d775a48d0bf96775a725750014199,1286,"/root/PVE_ALPINE_VALUE_EXPORT_PACKET_20260525_054348/FILES/FILE_MC-05_IRR_Distribution.md"
94de5e65f8d381795d926c91a2fd7f25daac65dfdf90378368106b8621811c77,1285,"/root/PVE_ALPINE_VALUE_EXPORT_PACKET_20260525_054348/FILES/FILE_MC-06_Equity_Downside.md"
168e91d6fa688578b7e737eb0b6cf6e268aba55f1ac8ccf466d8df61b67bba00,1290,"/root/PVE_ALPINE_VALUE_EXPORT_PACKET_20260525_054348/FILES/FILE_MC-07_Variable_Definitions.md"
5a8c185bffa97ba6fa26fda25ce31cf8450411b942e99abf9367615196d3a68f,1288,"/root/PVE_ALPINE_VALUE_EXPORT_PACKET_20260525_054348/FILES/FILE_MC-08_Correlation_Matrix.md"
ac890ca0917247cc2988cbf91edacf6e05846632d02e610cdad7881c56e0e278,1285,"/root/PVE_ALPINE_VALUE_EXPORT_PACKET_20260525_054348/FILES/FILE_MC-09_P90_Methodology.md"
