ITEM_ID,SOURCE_PATH,COPY_PATH,EXTENSION,SIZE_BYTES,CLASS,REASON
DIAMOND_1,"/root/ISH_005_EXPORT_CLASSIFICATION_STATUS_FOR_BIG_UNITY_COMPARE_20260523_185017/ISH_005_MSI_EXPORT_NAMES.csv","/root/PVE_DIAMOND_EXPORT_20260525_055151/DIAMONDS/DIAMOND_1_ISH_005_MSI_EXPORT_NAMES.csv","csv",737,"DIAMOND_CONTENT_MATCH","Content matched diamond terms"
DIAMOND_2,"/root/ISH_005_EXPORT_CLASSIFICATION_STATUS_FOR_BIG_UNITY_COMPARE_20260523_185017/ISH_005_DELTA_CORE_NAMES.csv","/root/PVE_DIAMOND_EXPORT_20260525_055151/DIAMONDS/DIAMOND_2_ISH_005_DELTA_CORE_NAMES.csv","csv",2379,"DIAMOND_CONTENT_MATCH","Content matched diamond terms"
DIAMOND_3,"/root/ISH_005_EXPORT_CLASSIFICATION_STATUS_FOR_BIG_UNITY_COMPARE_20260523_185017/ISH_005_CMU_CENSUS_NAMES.csv","/root/PVE_DIAMOND_EXPORT_20260525_055151/DIAMONDS/DIAMOND_3_ISH_005_CMU_CENSUS_NAMES.csv","csv",37846,"DIAMOND_SIGNAL","Matched TITAN/CMU/LinkedIn/Android/finance/evidence signal"
DIAMOND_4,"/root/ISH_005_EXPORT_CLASSIFICATION_STATUS_FOR_BIG_UNITY_COMPARE_20260523_185017/ISH_005_HASH_REGISTER.txt","/root/PVE_DIAMOND_EXPORT_20260525_055151/DIAMONDS/DIAMOND_4_ISH_005_HASH_REGISTER.txt","txt",1610,"DIAMOND_SIGNAL","Matched TITAN/CMU/LinkedIn/Android/finance/evidence signal"
DIAMOND_5,"/root/ISH_005_EXPORT_CLASSIFICATION_STATUS_FOR_BIG_UNITY_COMPARE_20260523_185017/ISH_005_STATUS.txt","/root/PVE_DIAMOND_EXPORT_20260525_055151/DIAMONDS/DIAMOND_5_ISH_005_STATUS.txt","txt",1481,"DIAMOND_CONTENT_MATCH","Content matched diamond terms"
DIAMOND_6,"/root/ISH_005_EXPORT_CLASSIFICATION_STATUS_FOR_BIG_UNITY_COMPARE_20260523_185017/ISH_005_ARCHIVE_TAR_GZ_NAMES.csv","/root/PVE_DIAMOND_EXPORT_20260525_055151/DIAMONDS/DIAMOND_6_ISH_005_ARCHIVE_TAR_GZ_NAMES.csv","csv",18763,"DIAMOND_CONTENT_MATCH","Content matched diamond terms"
DIAMOND_7,"/root/ISH_005_EXPORT_CLASSIFICATION_STATUS_FOR_BIG_UNITY_COMPARE_20260523_185017/ISH_005_UNKNOWN_REVIEW_NAMES.csv","/root/PVE_DIAMOND_EXPORT_20260525_055151/DIAMONDS/DIAMOND_7_ISH_005_UNKNOWN_REVIEW_NAMES.csv","csv",79925,"DIAMOND_CONTENT_MATCH","Content matched diamond terms"
DIAMOND_8,"/root/ISH_005_EXPORT_CLASSIFICATION_STATUS_FOR_BIG_UNITY_COMPARE_20260523_185017/ISH_005_RUNTIME_BLOCKED_NAMES.csv","/root/PVE_DIAMOND_EXPORT_20260525_055151/DIAMONDS/DIAMOND_8_ISH_005_RUNTIME_BLOCKED_NAMES.csv","csv",6292,"DIAMOND_CONTENT_MATCH","Content matched diamond terms"
DIAMOND_9,"/root/ISH_005_EXPORT_CLASSIFICATION_STATUS_FOR_BIG_UNITY_COMPARE_20260523_185017/ISH_005_ALL_CLASSIFIED_NAMES.csv","/root/PVE_DIAMOND_EXPORT_20260525_055151/DIAMONDS/DIAMOND_9_ISH_005_ALL_CLASSIFIED_NAMES.csv","csv",225815,"DIAMOND_CONTENT_MATCH","Content matched diamond terms"
DIAMOND_10,"/root/ISH_005_EXPORT_CLASSIFICATION_STATUS_FOR_BIG_UNITY_COMPARE_20260523_185017/ISH_005_TITAN_DOCUMENTS_NAMES.csv","/root/PVE_DIAMOND_EXPORT_20260525_055151/DIAMONDS/DIAMOND_10_ISH_005_TITAN_DOCUMENTS_NAMES.csv","csv",72851,"DIAMOND_SIGNAL","Matched TITAN/CMU/LinkedIn/Android/finance/evidence signal"
DIAMOND_11,"/root/ALPINE_IPHONE_STORAGE_CENSUS_20260524_144342.txt","/root/PVE_DIAMOND_EXPORT_20260525_055151/DIAMONDS/DIAMOND_11_ALPINE_IPHONE_STORAGE_CENSUS_20260524_144342.txt","txt",40511,"DIAMOND_SIGNAL","Matched TITAN/CMU/LinkedIn/Android/finance/evidence signal"
DIAMOND_12,"/root/Documents/Exeli/TITAN_GRID_v5_Full_Lender_Closing_Book.pdf","/root/PVE_DIAMOND_EXPORT_20260525_055151/DIAMONDS/DIAMOND_12_TITAN_GRID_v5_Full_Lender_Closing_Book.pdf","pdf",26406,"DIAMOND_SIGNAL","Matched TITAN/CMU/LinkedIn/Android/finance/evidence signal"
DIAMOND_13,"/root/Documents/003 DELTA/37_system_index_builder.py","/root/PVE_DIAMOND_EXPORT_20260525_055151/DIAMONDS/DIAMOND_13_37_system_index_builder.py","py",4667,"DIAMOND_CONTENT_MATCH","Content matched diamond terms"
DIAMOND_14,"/root/Documents/003 DELTA/TITAN_FINAL_HUMAN_REVIEW_CHECKLIST.md","/root/PVE_DIAMOND_EXPORT_20260525_055151/DIAMONDS/DIAMOND_14_TITAN_FINAL_HUMAN_REVIEW_CHECKLIST.md","md",13200,"DIAMOND_SIGNAL","Matched TITAN/CMU/LinkedIn/Android/finance/evidence signal"
DIAMOND_15,"/root/Documents/PUNA_MAPA.txt","/root/PVE_DIAMOND_EXPORT_20260525_055151/DIAMONDS/DIAMOND_15_PUNA_MAPA.txt","txt",71143,"DIAMOND_CONTENT_MATCH","Content matched diamond terms"
DIAMOND_16,"/root/Documents/MAPA_CIJELOG_UREDAJA.txt","/root/PVE_DIAMOND_EXPORT_20260525_055151/DIAMONDS/DIAMOND_16_MAPA_CIJELOG_UREDAJA.txt","txt",48542,"DIAMOND_CONTENT_MATCH","Content matched diamond terms"
DIAMOND_17,"/root/Documents/Finansiski model /Eco Transformer doo- analitical card.pdf","/root/PVE_DIAMOND_EXPORT_20260525_055151/DIAMONDS/DIAMOND_17_Eco_Transformer_doo-_analitical_card.pdf","pdf",523190,"DIAMOND_SIGNAL","Matched TITAN/CMU/LinkedIn/Android/finance/evidence signal"
DIAMOND_18,"/root/Documents/Finansiski model /IRF - PRIRUCNIK ZA IZRADU INV PROJEKATA 2013 - do 50.pdf","/root/PVE_DIAMOND_EXPORT_20260525_055151/DIAMONDS/DIAMOND_18_IRF_-_PRIRUCNIK_ZA_IZRADU_INV_PROJEKATA_2013_-_do_50.pdf","pdf",274267,"DIAMOND_SIGNAL","Matched TITAN/CMU/LinkedIn/Android/finance/evidence signal"
DIAMOND_19,"/root/Documents/000. Titan/Izjava o Uskladjivanju-pp.pdf","/root/PVE_DIAMOND_EXPORT_20260525_055151/DIAMONDS/DIAMOND_19_Izjava_o_Uskladjivanju-pp.pdf","pdf",274045,"DIAMOND_SIGNAL","Matched TITAN/CMU/LinkedIn/Android/finance/evidence signal"
DIAMOND_20,"/root/Documents/000. Titan/srkretarijat za Urbanizam - Rešenje 07-322-25-8472-1 od 26.11.2025.pdf","/root/PVE_DIAMOND_EXPORT_20260525_055151/DIAMONDS/DIAMOND_20_srkretarijat_za_Urbanizam_-_Rešenje_07-322-25-8472-1_od_26.11.2025.pdf","pdf",1783954,"DIAMOND_SIGNAL","Matched TITAN/CMU/LinkedIn/Android/finance/evidence signal"
DIAMOND_21,"/root/Documents/000. Titan/CRPS 4 Rjesenje Uskladjivanje +Promjena Dir.pdf","/root/PVE_DIAMOND_EXPORT_20260525_055151/DIAMONDS/DIAMOND_21_CRPS_4_Rjesenje_Uskladjivanje_+Promjena_Dir.pdf","pdf",143827,"DIAMOND_SIGNAL","Matched TITAN/CMU/LinkedIn/Android/finance/evidence signal"
DIAMOND_22,"/root/Documents/000. Titan/ARS 24.pdf.pdf","/root/PVE_DIAMOND_EXPORT_20260525_055151/DIAMONDS/DIAMOND_22_ARS_24.pdf.pdf","pdf",124468,"DIAMOND_SIGNAL","Matched TITAN/CMU/LinkedIn/Android/finance/evidence signal"
DIAMOND_23,"/root/Documents/000. Titan/Odluka o promjeni Direktora-pp.pdf","/root/PVE_DIAMOND_EXPORT_20260525_055151/DIAMONDS/DIAMOND_23_Odluka_o_promjeni_Direktora-pp.pdf","pdf",184881,"DIAMOND_SIGNAL","Matched TITAN/CMU/LinkedIn/Android/finance/evidence signal"
DIAMOND_24,"/root/Documents/000. Titan/ARS 25.pdf.pdf","/root/PVE_DIAMOND_EXPORT_20260525_055151/DIAMONDS/DIAMOND_24_ARS_25.pdf.pdf","pdf",125608,"DIAMOND_SIGNAL","Matched TITAN/CMU/LinkedIn/Android/finance/evidence signal"
DIAMOND_25,"/root/Documents/000. Titan/Saglasnost Imenovanje Ovl.Zastup.-pp.pdf","/root/PVE_DIAMOND_EXPORT_20260525_055151/DIAMONDS/DIAMOND_25_Saglasnost_Imenovanje_Ovl.Zastup.-pp.pdf","pdf",189110,"DIAMOND_SIGNAL","Matched TITAN/CMU/LinkedIn/Android/finance/evidence signal"
DIAMOND_26,"/root/Documents/000. Titan/Odluka o promjeni Kontakta-pp.pdf","/root/PVE_DIAMOND_EXPORT_20260525_055151/DIAMONDS/DIAMOND_26_Odluka_o_promjeni_Kontakta-pp.pdf","pdf",271986,"DIAMOND_SIGNAL","Matched TITAN/CMU/LinkedIn/Android/finance/evidence signal"
DIAMOND_27,"/root/Documents/000. Titan/ARS 23.pdf.pdf","/root/PVE_DIAMOND_EXPORT_20260525_055151/DIAMONDS/DIAMOND_27_ARS_23.pdf.pdf","pdf",124140,"DIAMOND_SIGNAL","Matched TITAN/CMU/LinkedIn/Android/finance/evidence signal"
DIAMOND_28,"/root/Documents/000. Titan/BU 2025.pdf","/root/PVE_DIAMOND_EXPORT_20260525_055151/DIAMONDS/DIAMOND_28_BU_2025.pdf","pdf",223848,"DIAMOND_SIGNAL","Matched TITAN/CMU/LinkedIn/Android/finance/evidence signal"
DIAMOND_29,"/root/Documents/000. Titan/BU 2024.pdf","/root/PVE_DIAMOND_EXPORT_20260525_055151/DIAMONDS/DIAMOND_29_BU_2024.pdf","pdf",236289,"DIAMOND_SIGNAL","Matched TITAN/CMU/LinkedIn/Android/finance/evidence signal"
DIAMOND_30,"/root/Documents/000. Titan/BS 24 (2).pdf","/root/PVE_DIAMOND_EXPORT_20260525_055151/DIAMONDS/DIAMOND_30_BS_24_(2).pdf","pdf",243619,"DIAMOND_SIGNAL","Matched TITAN/CMU/LinkedIn/Android/finance/evidence signal"
DIAMOND_31,"/root/Documents/000. Titan/Odluka o imenovanju Ovl.Zastup.-pp.pdf","/root/PVE_DIAMOND_EXPORT_20260525_055151/DIAMONDS/DIAMOND_31_Odluka_o_imenovanju_Ovl.Zastup.-pp.pdf","pdf",184866,"DIAMOND_SIGNAL","Matched TITAN/CMU/LinkedIn/Android/finance/evidence signal"
DIAMOND_32,"/root/Documents/000. Titan/BU 2023.pdf","/root/PVE_DIAMOND_EXPORT_20260525_055151/DIAMONDS/DIAMOND_32_BU_2023.pdf","pdf",232213,"DIAMOND_SIGNAL","Matched TITAN/CMU/LinkedIn/Android/finance/evidence signal"
DIAMOND_33,"/root/Documents/000. Titan/Odluka o prom. Tipa posl. Uloge-pp.pdf","/root/PVE_DIAMOND_EXPORT_20260525_055151/DIAMONDS/DIAMOND_33_Odluka_o_prom._Tipa_posl._Uloge-pp.pdf","pdf",269682,"DIAMOND_SIGNAL","Matched TITAN/CMU/LinkedIn/Android/finance/evidence signal"
DIAMOND_34,"/root/Documents/000. Titan/CRPS 4 Izvod sa SVIM podaci.pdf","/root/PVE_DIAMOND_EXPORT_20260525_055151/DIAMONDS/DIAMOND_34_CRPS_4_Izvod_sa_SVIM_podaci.pdf","pdf",253176,"DIAMOND_SIGNAL","Matched TITAN/CMU/LinkedIn/Android/finance/evidence signal"
DIAMOND_35,"/root/Documents/000. Titan/Odluka o promjeni Prefiksa-pp.pdf","/root/PVE_DIAMOND_EXPORT_20260525_055151/DIAMONDS/DIAMOND_35_Odluka_o_promjeni_Prefiksa-pp.pdf","pdf",268805,"DIAMOND_SIGNAL","Matched TITAN/CMU/LinkedIn/Android/finance/evidence signal"
DIAMOND_36,"/root/Documents/000. Titan/Odluka o usvajanju novog Statuta-pp.pdf","/root/PVE_DIAMOND_EXPORT_20260525_055151/DIAMONDS/DIAMOND_36_Odluka_o_usvajanju_novog_Statuta-pp.pdf","pdf",188298,"DIAMOND_SIGNAL","Matched TITAN/CMU/LinkedIn/Android/finance/evidence signal"
DIAMOND_37,"/root/Documents/000. Titan/BS 2023.pdf","/root/PVE_DIAMOND_EXPORT_20260525_055151/DIAMONDS/DIAMOND_37_BS_2023.pdf","pdf",245981,"DIAMOND_SIGNAL","Matched TITAN/CMU/LinkedIn/Android/finance/evidence signal"
DIAMOND_38,"/root/Documents/000. Titan/Statut (mne+eng)-pp.pdf","/root/PVE_DIAMOND_EXPORT_20260525_055151/DIAMONDS/DIAMOND_38_Statut_(mne+eng)-pp.pdf","pdf",998981,"DIAMOND_SIGNAL","Matched TITAN/CMU/LinkedIn/Android/finance/evidence signal"
DIAMOND_39,"/root/Documents/000. Titan/BS 2025.pdf","/root/PVE_DIAMOND_EXPORT_20260525_055151/DIAMONDS/DIAMOND_39_BS_2025.pdf","pdf",236016,"DIAMOND_SIGNAL","Matched TITAN/CMU/LinkedIn/Android/finance/evidence signal"
DIAMOND_40,"/root/Documents/000. Titan/BS 2024.pdf","/root/PVE_DIAMOND_EXPORT_20260525_055151/DIAMONDS/DIAMOND_40_BS_2024.pdf","pdf",249957,"DIAMOND_SIGNAL","Matched TITAN/CMU/LinkedIn/Android/finance/evidence signal"
DIAMOND_41,"/root/Documents/SOUL_EXPORT_20260519_1232/SOUL_MANIFEST.txt","/root/PVE_DIAMOND_EXPORT_20260525_055151/DIAMONDS/DIAMOND_41_SOUL_MANIFEST.txt","txt",376,"DIAMOND_CONTENT_MATCH","Content matched diamond terms"
DIAMOND_42,"/root/Documents/SOUL_EXPORT_20260519_1232/Scripts/DELTA_UNITY_ENGINE_v1_7.py","/root/PVE_DIAMOND_EXPORT_20260525_055151/DIAMONDS/DIAMOND_42_DELTA_UNITY_ENGINE_v1_7.py","py",6110,"DIAMOND_CONTENT_MATCH","Content matched diamond terms"
DIAMOND_43,"/root/Documents/SOUL_EXPORT_20260519_1232/Scripts/iphone_sha_analyzer.py","/root/PVE_DIAMOND_EXPORT_20260525_055151/DIAMONDS/DIAMOND_43_iphone_sha_analyzer.py","py",3513,"DIAMOND_SIGNAL","Matched TITAN/CMU/LinkedIn/Android/finance/evidence signal"
DIAMOND_44,"/root/Documents/SOUL_EXPORT_20260519_1232/Scripts/DELTA_CORE_v1_0.py","/root/PVE_DIAMOND_EXPORT_20260525_055151/DIAMONDS/DIAMOND_44_DELTA_CORE_v1_0.py","py",1456,"DIAMOND_CONTENT_MATCH","Content matched diamond terms"
DIAMOND_45,"/root/Documents/SOUL_EXPORT_20260519_1232/iPhone_Exports/iphone_manifest_for_msi_sha256.txt","/root/PVE_DIAMOND_EXPORT_20260525_055151/DIAMONDS/DIAMOND_45_iphone_manifest_for_msi_sha256.txt","txt",145,"DIAMOND_SIGNAL","Matched TITAN/CMU/LinkedIn/Android/finance/evidence signal"
DIAMOND_46,"/root/Documents/SOUL_EXPORT_20260519_1232/iPhone_Exports/IPHONE_STATIC_EXPORT_PACKET_FOR_MSI_20260516_075558_TAR_SHA256.txt","/root/PVE_DIAMOND_EXPORT_20260525_055151/DIAMONDS/DIAMOND_46_IPHONE_STATIC_EXPORT_PACKET_FOR_MSI_20260516_075558_TAR_SHA256.txt","txt",131,"DIAMOND_SIGNAL","Matched TITAN/CMU/LinkedIn/Android/finance/evidence signal"
DIAMOND_47,"/root/Documents/SOUL_EXPORT_20260519_1232/iPhone_Exports/IPHONE_STATIC_EXPORT_PACKET_MANIFEST_ONLY_20260519_082406_FOR_MSI_SHA256.txt","/root/PVE_DIAMOND_EXPORT_20260525_055151/DIAMONDS/DIAMOND_47_IPHONE_STATIC_EXPORT_PACKET_MANIFEST_ONLY_20260519_082406_FOR_MSI_SHA256.txt","txt",145,"DIAMOND_SIGNAL","Matched TITAN/CMU/LinkedIn/Android/finance/evidence signal"
DIAMOND_48,"/root/Documents/01. DELTA REAL-TIME SSOT GENERATION POPLINE /DELTA_SSOT_SIGNAL_TO_DOCUMENT_GOVERNANCE_MAP.csv","/root/PVE_DIAMOND_EXPORT_20260525_055151/DIAMONDS/DIAMOND_48_DELTA_SSOT_SIGNAL_TO_DOCUMENT_GOVERNANCE_MAP.csv","csv",1120,"DIAMOND_SIGNAL","Matched TITAN/CMU/LinkedIn/Android/finance/evidence signal"
DIAMOND_49,"/root/Documents/01. DELTA REAL-TIME SSOT GENERATION POPLINE /README_DELTA_SSOT_SIGNAL_TO_DOCUMENT_GOVERNANCE_MAP.md","/root/PVE_DIAMOND_EXPORT_20260525_055151/DIAMONDS/DIAMOND_49_README_DELTA_SSOT_SIGNAL_TO_DOCUMENT_GOVERNANCE_MAP.md","md",866,"DIAMOND_SIGNAL","Matched TITAN/CMU/LinkedIn/Android/finance/evidence signal"
DIAMOND_50,"/root/Documents/TITAN FINAL/01.04/README_GROK_CENTRAL_BRAIN.txt","/root/PVE_DIAMOND_EXPORT_20260525_055151/DIAMONDS/DIAMOND_50_README_GROK_CENTRAL_BRAIN.txt","txt",1005,"DIAMOND_SIGNAL","Matched TITAN/CMU/LinkedIn/Android/finance/evidence signal"
DIAMOND_51,"/root/Documents/TITAN FINAL/01.04/grok_central_brain_exporter.py","/root/PVE_DIAMOND_EXPORT_20260525_055151/DIAMONDS/DIAMOND_51_grok_central_brain_exporter.py","py",5060,"DIAMOND_SIGNAL","Matched TITAN/CMU/LinkedIn/Android/finance/evidence signal"
DIAMOND_52,"/root/Documents/TITAN FINAL/01.04/GROK_CENTRAL_BRAIN_INSTRUCTIONS.txt","/root/PVE_DIAMOND_EXPORT_20260525_055151/DIAMONDS/DIAMOND_52_GROK_CENTRAL_BRAIN_INSTRUCTIONS.txt","txt",1226,"DIAMOND_SIGNAL","Matched TITAN/CMU/LinkedIn/Android/finance/evidence signal"
DIAMOND_53,"/root/Documents/TITAN FINAL/01.04/grok_central_brain_lookup.csv","/root/PVE_DIAMOND_EXPORT_20260525_055151/DIAMONDS/DIAMOND_53_grok_central_brain_lookup.csv","csv",101680,"DIAMOND_SIGNAL","Matched TITAN/CMU/LinkedIn/Android/finance/evidence signal"
DIAMOND_54,"/root/Documents/TITAN FINAL/01.04/grok_central_brain_lookup.json","/root/PVE_DIAMOND_EXPORT_20260525_055151/DIAMONDS/DIAMOND_54_grok_central_brain_lookup.json","json",260612,"DIAMOND_SIGNAL","Matched TITAN/CMU/LinkedIn/Android/finance/evidence signal"
DIAMOND_55,"/root/Documents/TITAN FINAL/31.03/grok_mutation_generator_safe_only.csv","/root/PVE_DIAMOND_EXPORT_20260525_055151/DIAMONDS/DIAMOND_55_grok_mutation_generator_safe_only.csv","csv",102514,"DIAMOND_SIGNAL","Matched TITAN/CMU/LinkedIn/Android/finance/evidence signal"
DIAMOND_56,"/root/Documents/TITAN FINAL/31.03/grok_only_step_by_step.txt","/root/PVE_DIAMOND_EXPORT_20260525_055151/DIAMONDS/DIAMOND_56_grok_only_step_by_step.txt","txt",630,"DIAMOND_SIGNAL","Matched TITAN/CMU/LinkedIn/Android/finance/evidence signal"
DIAMOND_57,"/root/Documents/TITAN FINAL/31.03/grok_mutation_generator_safe_only.json","/root/PVE_DIAMOND_EXPORT_20260525_055151/DIAMONDS/DIAMOND_57_grok_mutation_generator_safe_only.json","json",143616,"DIAMOND_SIGNAL","Matched TITAN/CMU/LinkedIn/Android/finance/evidence signal"
DIAMOND_58,"/root/Documents/TITAN FINAL/31.03/grok_mutation_generator_candidates.csv","/root/PVE_DIAMOND_EXPORT_20260525_055151/DIAMONDS/DIAMOND_58_grok_mutation_generator_candidates.csv","csv",128254,"DIAMOND_SIGNAL","Matched TITAN/CMU/LinkedIn/Android/finance/evidence signal"
DIAMOND_59,"/root/Documents/TITAN FINAL/31.03/grok_automated_mutation_generator.py","/root/PVE_DIAMOND_EXPORT_20260525_055151/DIAMONDS/DIAMOND_59_grok_automated_mutation_generator.py","py",22811,"DIAMOND_SIGNAL","Matched TITAN/CMU/LinkedIn/Android/finance/evidence signal"
DIAMOND_60,"/root/Documents/TITAN FINAL/Marija/izvjestaj_Marija_Đurović.pdf","/root/PVE_DIAMOND_EXPORT_20260525_055151/DIAMONDS/DIAMOND_60_izvjestaj_Marija_Đurović.pdf","pdf",641115,"DIAMOND_SIGNAL","Matched TITAN/CMU/LinkedIn/Android/finance/evidence signal"
DIAMOND_61,"/root/Documents/TITAN FINAL/Marija/Medical Report Analysis and Research.pdf","/root/PVE_DIAMOND_EXPORT_20260525_055151/DIAMONDS/DIAMOND_61_Medical_Report_Analysis_and_Research.pdf","pdf",201454,"DIAMOND_SIGNAL","Matched TITAN/CMU/LinkedIn/Android/finance/evidence signal"
DIAMOND_62,"/root/Documents/TITAN FINAL/Arhiva informacija/07. Gemini analize/Analiza snaga tri firme za EU platformu.pdf","/root/PVE_DIAMOND_EXPORT_20260525_055151/DIAMONDS/DIAMOND_62_Analiza_snaga_tri_firme_za_EU_platformu.pdf","pdf",233894,"DIAMOND_SIGNAL","Matched TITAN/CMU/LinkedIn/Android/finance/evidence signal"
DIAMOND_63,"/root/Documents/TITAN FINAL/Arhiva informacija/07. Gemini analize/Kontrola nabavke: Moć u industriji.pdf","/root/PVE_DIAMOND_EXPORT_20260525_055151/DIAMONDS/DIAMOND_63_Kontrola_nabavke__Moć_u_industriji.pdf","pdf",200427,"DIAMOND_SIGNAL","Matched TITAN/CMU/LinkedIn/Android/finance/evidence signal"
DIAMOND_64,"/root/Documents/TITAN FINAL/Arhiva informacija/07. Gemini analize/Implementacioni Plan: Od Stabilizacije do Hegemoni....pdf","/root/PVE_DIAMOND_EXPORT_20260525_055151/DIAMONDS/DIAMOND_64_Implementacioni_Plan__Od_Stabilizacije_do_Hegemoni....pdf","pdf",213181,"DIAMOND_SIGNAL","Matched TITAN/CMU/LinkedIn/Android/finance/evidence signal"
DIAMOND_65,"/root/Documents/TITAN FINAL/Arhiva informacija/07. Gemini analize/ECO + ARS: Komercijalna Ekspanzija i Liderstvo.pdf","/root/PVE_DIAMOND_EXPORT_20260525_055151/DIAMONDS/DIAMOND_65_ECO_+_ARS__Komercijalna_Ekspanzija_i_Liderstvo.pdf","pdf",178531,"DIAMOND_SIGNAL","Matched TITAN/CMU/LinkedIn/Android/finance/evidence signal"
DIAMOND_66,"/root/Documents/TITAN FINAL/Arhiva informacija/07. Gemini analize/Industrijska Transformacija: Od Haosa Ka Sistemu.pdf","/root/PVE_DIAMOND_EXPORT_20260525_055151/DIAMONDS/DIAMOND_66_Industrijska_Transformacija__Od_Haosa_Ka_Sistemu.pdf","pdf",193687,"DIAMOND_SIGNAL","Matched TITAN/CMU/LinkedIn/Android/finance/evidence signal"
DIAMOND_67,"/root/Documents/TITAN FINAL/Arhiva informacija/07. Gemini analize/Strateški Plan za Industrijsku Moć.pdf","/root/PVE_DIAMOND_EXPORT_20260525_055151/DIAMONDS/DIAMOND_67_Strateški_Plan_za_Industrijsku_Moć.pdf","pdf",208733,"DIAMOND_SIGNAL","Matched TITAN/CMU/LinkedIn/Android/finance/evidence signal"
DIAMOND_68,"/root/Documents/TITAN FINAL/Arhiva informacija/07. Gemini analize/Ljudski kapital: Mikro-koraci za Fabriku.pdf","/root/PVE_DIAMOND_EXPORT_20260525_055151/DIAMONDS/DIAMOND_68_Ljudski_kapital__Mikro-koraci_za_Fabriku.pdf","pdf",199249,"DIAMOND_SIGNAL","Matched TITAN/CMU/LinkedIn/Android/finance/evidence signal"
DIAMOND_69,"/root/Documents/TITAN FINAL/Arhiva informacija/07. Gemini analize/Strategija Visoko Svjesnog Bića.pdf","/root/PVE_DIAMOND_EXPORT_20260525_055151/DIAMONDS/DIAMOND_69_Strategija_Visoko_Svjesnog_Bića.pdf","pdf",151851,"DIAMOND_SIGNAL","Matched TITAN/CMU/LinkedIn/Android/finance/evidence signal"
