Document Code,Folder,Filename,Status,Owner,Source_Document,Last_Updated,Linked_Sheet,Priority
ADM-01,00_ADMIN,ADM-01_Executive_Summary.md,TEMPLATE,,Chat_History,,,High
ADM-02,00_ADMIN,ADM-02_Version_Control_Log.md,TEMPLATE,,Chat_History,,,High
ADM-03,00_ADMIN,ADM-03_Document_Index_Master.md,TEMPLATE,,Chat_History,,,High
ADM-04,00_ADMIN,ADM-04_Data_Room_Access_Matrix.md,TEMPLATE,,Chat_History,,,High
ADM-05,00_ADMIN,ADM-05_NDA_Template.md,TEMPLATE,,Chat_History,,,High
ADM-06,00_ADMIN,ADM-06_QA_Log.md,TEMPLATE,,Chat_History,,,High
ADM-07,00_ADMIN,ADM-07_Issues_Register.md,TEMPLATE,,Chat_History,,,High
ADM-08,00_ADMIN,ADM-08_Approvals_Register.md,TEMPLATE,,Chat_History,,,High
EXE-01,01_EXECUTIVE,EXE-01_Investment_Memo_EIB.md,TEMPLATE,,Chat_History,,Dashboard,High
EXE-02,01_EXECUTIVE,EXE-02_Investment_Memo_EBRD.md,TEMPLATE,,Chat_History,,Dashboard,High
EXE-03,01_EXECUTIVE,EXE-03_IC_Paper_PE.md,TEMPLATE,,Chat_History,,Dashboard,High
EXE-04,01_EXECUTIVE,EXE-04_One_Pager.md,TEMPLATE,,Chat_History,,Dashboard,High
EXE-05,01_EXECUTIVE,EXE-05_Pitch_Deck_Outline.md,TEMPLATE,,Chat_History,,Dashboard,High
EXE-06,01_EXECUTIVE,EXE-06_Strategic_Rationale.md,TEMPLATE,,Chat_History,,Dashboard,High
EXE-07,01_EXECUTIVE,EXE-07_Value_Creation_Plan.md,TEMPLATE,,Chat_History,,Dashboard,High
EXE-08,01_EXECUTIVE,EXE-08_Executive_Risk_Summary.md,TEMPLATE,,Chat_History,,Dashboard,High
PROJ-01,02_PROJECT_OVERVIEW,PROJ-01_Project_Description.md,TEMPLATE,,Chat_History,,,High
PROJ-02,02_PROJECT_OVERVIEW,PROJ-02_Rollout_Timeline_2026_2029.md,TEMPLATE,,Chat_History,,,High
PROJ-03,02_PROJECT_OVERVIEW,PROJ-03_Asset_Map_3_Factories.md,TEMPLATE,,Chat_History,,,High
PROJ-04,02_PROJECT_OVERVIEW,PROJ-04_Location_Analysis_Montenegro.md,TEMPLATE,,Chat_History,,,High
PROJ-05,02_PROJECT_OVERVIEW,PROJ-05_Industrial_Layout.md,TEMPLATE,,Chat_History,,,High
PROJ-06,02_PROJECT_OVERVIEW,PROJ-06_Capacity_Plan_3600_Units.md,TEMPLATE,,Chat_History,,,High
PROJ-07,02_PROJECT_OVERVIEW,PROJ-07_Sponsor_Profile_ARS_Metal.md,TEMPLATE,,Chat_History,,,High
PROJ-08,02_PROJECT_OVERVIEW,PROJ-08_ADS_Ankara_Industrial_Base.md,TEMPLATE,,Chat_History,,,High
MKT-01,03_MARKET_ANALYSIS,MKT-01_EU_Transformer_Demand_Study.md,TEMPLATE,,Chat_History,,,High
MKT-02,03_MARKET_ANALYSIS,MKT-02_Grid_Expansion_Pipeline.md,TEMPLATE,,Chat_History,,,High
MKT-03,03_MARKET_ANALYSIS,MKT-03_Nearshoring_Analysis.md,TEMPLATE,,Chat_History,,,High
MKT-04,03_MARKET_ANALYSIS,MKT-04_Competitor_Benchmarking.md,TEMPLATE,,Chat_History,,,High
MKT-05,03_MARKET_ANALYSIS,MKT-05_Pricing_Analysis.md,TEMPLATE,,Chat_History,,,High
MKT-06,03_MARKET_ANALYSIS,MKT-06_Steel_Price_Sensitivity.md,TEMPLATE,,Chat_History,,,High
MKT-07,03_MARKET_ANALYSIS,MKT-07_Customer_Segments.md,TEMPLATE,,Chat_History,,,High
MKT-08,03_MARKET_ANALYSIS,MKT-08_Offtake_Pipeline.md,TEMPLATE,,Chat_History,,,High
MKT-09,03_MARKET_ANALYSIS,MKT-09_Lead_Time_Analysis.md,TEMPLATE,,Chat_History,,,High
MKT-10,03_MARKET_ANALYSIS,MKT-10_Commercial_Assumptions_Register.md,TEMPLATE,,Chat_History,,,High
TECH-01,04_TECHNICAL,TECH-01_Product_Specifications.md,TEMPLATE,,Chat_History,,,High
TECH-02,04_TECHNICAL,TECH-02_Manufacturing_Process_Flow.md,TEMPLATE,,Chat_History,,,High
TECH-03,04_TECHNICAL,TECH-03_ADS_Capability_Proof.md,TEMPLATE,,Chat_History,,,High
TECH-04,04_TECHNICAL,TECH-04_Quality_Standards.md,TEMPLATE,,Chat_History,,,High
TECH-05,04_TECHNICAL,TECH-05_Machinery_List.md,TEMPLATE,,Chat_History,,,High
TECH-06,04_TECHNICAL,TECH-06_Layout_Drawings_Register.md,TEMPLATE,,Chat_History,,,High
TECH-07,04_TECHNICAL,TECH-07_Energy_Consumption_Study.md,TEMPLATE,,Chat_History,,,High
TECH-08,04_TECHNICAL,TECH-08_Scrap_Rate_Analysis.md,TEMPLATE,,Chat_History,,,High
TECH-09,04_TECHNICAL,TECH-09_Process_QA_QC.md,TEMPLATE,,Chat_History,,,High
TECH-10,04_TECHNICAL,TECH-10_Capacity_Certification.md,TEMPLATE,,Chat_History,,,High
OPS-01,05_OPERATIONS,OPS-01_Production_Plan.md,TEMPLATE,,Chat_History,,,High
OPS-02,05_OPERATIONS,OPS-02_OEE_Assumptions.md,TEMPLATE,,Chat_History,,,High
OPS-03,05_OPERATIONS,OPS-03_Supply_Chain_Map.md,TEMPLATE,,Chat_History,,,High
OPS-04,05_OPERATIONS,OPS-04_Logistics_Plan.md,TEMPLATE,,Chat_History,,,High
OPS-05,05_OPERATIONS,OPS-05_Procurement_Strategy.md,TEMPLATE,,Chat_History,,,High
OPS-06,05_OPERATIONS,OPS-06_Inventory_Policy.md,TEMPLATE,,Chat_History,,,High
OPS-07,05_OPERATIONS,OPS-07_Maintenance_Plan.md,TEMPLATE,,Chat_History,,,High
OPS-08,05_OPERATIONS,OPS-08_Shift_Model.md,TEMPLATE,,Chat_History,,,High
OPS-09,05_OPERATIONS,OPS-09_Ramp_Up_Plan.md,TEMPLATE,,Chat_History,,,High
OPS-10,05_OPERATIONS,OPS-10_KPI_Framework.md,TEMPLATE,,Chat_History,,,High
CAPEX-01,06_CAPEX,CAPEX-01_Detailed_CAPEX_Breakdown.md,TEMPLATE,,Chat_History,,,High
CAPEX-02,06_CAPEX,CAPEX-02_P90_CAPEX.md,TEMPLATE,,Chat_History,,,High
CAPEX-03,06_CAPEX,CAPEX-03_Vendor_Quotes_Register.md,TEMPLATE,,Chat_History,,,High
CAPEX-04,06_CAPEX,CAPEX-04_Construction_Timeline.md,TEMPLATE,,Chat_History,,,High
CAPEX-05,06_CAPEX,CAPEX-05_Contingency_Analysis.md,TEMPLATE,,Chat_History,,,High
CAPEX-06,06_CAPEX,CAPEX-06_IDC_Calculation.md,TEMPLATE,,Chat_History,,,High
CAPEX-07,06_CAPEX,CAPEX-07_Expansion_CAPEX.md,TEMPLATE,,Chat_History,,,High
CAPEX-08,06_CAPEX,CAPEX-08_Civil_Works_Scope.md,TEMPLATE,,Chat_History,,,High
CAPEX-09,06_CAPEX,CAPEX-09_Equipment_Scope.md,TEMPLATE,,Chat_History,,,High
CAPEX-10,06_CAPEX,CAPEX-10_CAPEX_Assumptions_Register.md,TEMPLATE,,Chat_History,,,High
FIN-01,07_FINANCIAL_MODEL,FIN-01_Central_Brain_Master_Model.md,TEMPLATE,,Chat_History,,Financial_Model,High
FIN-02,07_FINANCIAL_MODEL,FIN-02_Assumptions_Book.md,TEMPLATE,,Chat_History,,Financial_Model,High
FIN-03,07_FINANCIAL_MODEL,FIN-03_DSCR_Model.md,TEMPLATE,,Chat_History,,Financial_Model,High
FIN-04,07_FINANCIAL_MODEL,FIN-04_CFADS_Model.md,TEMPLATE,,Chat_History,,Financial_Model,High
FIN-05,07_FINANCIAL_MODEL,FIN-05_Quarterly_Debt_Model.md,TEMPLATE,,Chat_History,,Financial_Model,High
FIN-06,07_FINANCIAL_MODEL,FIN-06_DSRA_Model.md,TEMPLATE,,Chat_History,,Financial_Model,High
FIN-07,07_FINANCIAL_MODEL,FIN-07_LLCR_PLCR_Model.md,TEMPLATE,,Chat_History,,Financial_Model,High
FIN-08,07_FINANCIAL_MODEL,FIN-08_Sensitivity_Analysis.md,TEMPLATE,,Chat_History,,Financial_Model,High
FIN-09,07_FINANCIAL_MODEL,FIN-09_Scenario_Analysis.md,TEMPLATE,,Chat_History,,Financial_Model,High
FIN-10,07_FINANCIAL_MODEL,FIN-10_Dashboard_Notes.md,TEMPLATE,,Chat_History,,Financial_Model,High
FIN-11,07_FINANCIAL_MODEL,FIN-11_Working_Capital_Model.md,TEMPLATE,,Chat_History,,Financial_Model,High
FIN-12,07_FINANCIAL_MODEL,FIN-12_Grant_Integration_Model.md,TEMPLATE,,Chat_History,,Financial_Model,High
FUND-01,08_FUNDING,FUND-01_Capital_Structure.md,TEMPLATE,,Chat_History,,,High
FUND-02,08_FUNDING,FUND-02_Debt_Term_Sheet.md,TEMPLATE,,Chat_History,,,High
FUND-03,08_FUNDING,FUND-03_Lender_Presentation_EIB.md,TEMPLATE,,Chat_History,,,High
FUND-04,08_FUNDING,FUND-04_Lender_Presentation_EBRD.md,TEMPLATE,,Chat_History,,,High
FUND-05,08_FUNDING,FUND-05_Equity_Story.md,TEMPLATE,,Chat_History,,,High
FUND-06,08_FUNDING,FUND-06_Co_Investment_Strategy.md,TEMPLATE,,Chat_History,,,High
FUND-07,08_FUNDING,FUND-07_Refinancing_Strategy.md,TEMPLATE,,Chat_History,,,High
FUND-08,08_FUNDING,FUND-08_Debt_Marketing_List.md,TEMPLATE,,Chat_History,,,High
FUND-09,08_FUNDING,FUND-09_Lender_QA_Register.md,TEMPLATE,,Chat_History,,,High
LEG-01,09_LEGAL,LEG-01_Company_Registration.md,TEMPLATE,,Chat_History,,,High
LEG-02,09_LEGAL,LEG-02_Ownership_Structure.md,TEMPLATE,,Chat_History,,,High
LEG-03,09_LEGAL,LEG-03_Shareholder_Agreements.md,TEMPLATE,,Chat_History,,,High
LEG-04,09_LEGAL,LEG-04_Land_Ownership_Lease.md,TEMPLATE,,Chat_History,,,High
LEG-05,09_LEGAL,LEG-05_Permits_Register.md,TEMPLATE,,Chat_History,,,High
LEG-06,09_LEGAL,LEG-06_Compliance_Certificates.md,TEMPLATE,,Chat_History,,,High
LEG-07,09_LEGAL,LEG-07_Corporate_Governance.md,TEMPLATE,,Chat_History,,,High
LEG-08,09_LEGAL,LEG-08_Litigation_Register.md,TEMPLATE,,Chat_History,,,High
LEG-09,09_LEGAL,LEG-09_Material_Legal_Risks.md,TEMPLATE,,Chat_History,,,High
TAX-01,10_TAX,TAX-01_Corporate_Tax_Structure.md,TEMPLATE,,Chat_History,,,High
TAX-02,10_TAX,TAX-02_Montenegro_Incentives.md,TEMPLATE,,Chat_History,,,High
TAX-03,10_TAX,TAX-03_VAT_Treatment.md,TEMPLATE,,Chat_History,,,High
TAX-04,10_TAX,TAX-04_Cross_Border_Tax_Turkey_Montenegro.md,TEMPLATE,,Chat_History,,,High
TAX-05,10_TAX,TAX-05_Tax_Optimization_Memo.md,TEMPLATE,,Chat_History,,,High
TAX-06,10_TAX,TAX-06_Tax_Compliance_Checklist.md,TEMPLATE,,Chat_History,,,High
ESG-01,11_ESG,ESG-01_ESG_Strategy.md,TEMPLATE,,Chat_History,,,High
ESG-02,11_ESG,ESG-02_EU_Taxonomy_Alignment.md,TEMPLATE,,Chat_History,,,High
ESG-03,11_ESG,ESG-03_CBAM_Impact_Analysis.md,TEMPLATE,,Chat_History,,,High
ESG-04,11_ESG,ESG-04_CO2_Reduction_Estimate.md,TEMPLATE,,Chat_History,,,High
ESG-05,11_ESG,ESG-05_Environmental_Permits.md,TEMPLATE,,Chat_History,,,High
ESG-06,11_ESG,ESG-06_Social_Impact.md,TEMPLATE,,Chat_History,,,High
ESG-07,11_ESG,ESG-07_Governance_Framework.md,TEMPLATE,,Chat_History,,,High
ESG-08,11_ESG,ESG-08_ESG_KPI_Register.md,TEMPLATE,,Chat_History,,,High
ESG-09,11_ESG,ESG-09_ESG_Risk_Map.md,TEMPLATE,,Chat_History,,,High
GR-01,12_GRANTS,GR-01_Grant_Strategy_Overview.md,TEMPLATE,,Chat_History,,Grant_Model,High
GR-02,12_GRANTS,GR-02_EU_IPA_Documentation.md,TEMPLATE,,Chat_History,,Grant_Model,High
GR-03,12_GRANTS,GR-03_WBIF_Eligibility.md,TEMPLATE,,Chat_History,,Grant_Model,High
GR-04,12_GRANTS,GR-04_Montenegro_Incentives.md,TEMPLATE,,Chat_History,,Grant_Model,High
GR-05,12_GRANTS,GR-05_Turkey_Industrial_Support.md,TEMPLATE,,Chat_History,,Grant_Model,High
GR-06,12_GRANTS,GR-06_Grant_Timing_Model.md,TEMPLATE,,Chat_History,,Grant_Model,High
GR-07,12_GRANTS,GR-07_Grant_Compliance.md,TEMPLATE,,Chat_History,,Grant_Model,High
GR-08,12_GRANTS,GR-08_Grant_Document_Checklist.md,TEMPLATE,,Chat_History,,Grant_Model,High
GR-09,12_GRANTS,GR-09_Grant_Risk_Register.md,TEMPLATE,,Chat_History,,Grant_Model,High
RISK-01,13_RISK,RISK-01_Risk_Matrix.md,TEMPLATE,,Chat_History,,Risk,High
RISK-02,13_RISK,RISK-02_CAPEX_Risk.md,TEMPLATE,,Chat_History,,Risk,High
RISK-03,13_RISK,RISK-03_Market_Risk.md,TEMPLATE,,Chat_History,,Risk,High
RISK-04,13_RISK,RISK-04_FX_Risk.md,TEMPLATE,,Chat_History,,Risk,High
RISK-05,13_RISK,RISK-05_Interest_Rate_Risk.md,TEMPLATE,,Chat_History,,Risk,High
RISK-06,13_RISK,RISK-06_Operational_Risk.md,TEMPLATE,,Chat_History,,Risk,High
RISK-07,13_RISK,RISK-07_Mitigation_Strategies.md,TEMPLATE,,Chat_History,,Risk,High
RISK-08,13_RISK,RISK-08_Covenant_Risk.md,TEMPLATE,,Chat_History,,Risk,High
RISK-09,13_RISK,RISK-09_Liquidity_Risk.md,TEMPLATE,,Chat_History,,Risk,High
RISK-10,13_RISK,RISK-10_Risk_Ownership_Map.md,TEMPLATE,,Chat_History,,Risk,High
MC-01,14_MONTE_CARLO,MC-01_Simulation_Assumptions.md,TEMPLATE,,Chat_History,,Monte_Carlo_Results,High
MC-02,14_MONTE_CARLO,MC-02_Python_Model.md,TEMPLATE,,Chat_History,,Monte_Carlo_Results,High
MC-03,14_MONTE_CARLO,MC-03_10000_Run_Results.md,TEMPLATE,,Chat_History,,Monte_Carlo_Results,High
MC-04,14_MONTE_CARLO,MC-04_DSCR_Distribution.md,TEMPLATE,,Chat_History,,Monte_Carlo_Results,High
MC-05,14_MONTE_CARLO,MC-05_IRR_Distribution.md,TEMPLATE,,Chat_History,,Monte_Carlo_Results,High
MC-06,14_MONTE_CARLO,MC-06_Equity_Downside.md,TEMPLATE,,Chat_History,,Monte_Carlo_Results,High
MC-07,14_MONTE_CARLO,MC-07_Variable_Definitions.md,TEMPLATE,,Chat_History,,Monte_Carlo_Results,High
MC-08,14_MONTE_CARLO,MC-08_Correlation_Matrix.md,TEMPLATE,,Chat_History,,Monte_Carlo_Results,High
MC-09,14_MONTE_CARLO,MC-09_P90_Methodology.md,TEMPLATE,,Chat_History,,Monte_Carlo_Results,High
CON-01,15_CONTRACTS,CON-01_Supplier_Contracts_Register.md,TEMPLATE,,Chat_History,,,High
CON-02,15_CONTRACTS,CON-02_Offtake_Agreements.md,TEMPLATE,,Chat_History,,,High
CON-03,15_CONTRACTS,CON-03_EPC_Contracts.md,TEMPLATE,,Chat_History,,,High
CON-04,15_CONTRACTS,CON-04_Equipment_Contracts.md,TEMPLATE,,Chat_History,,,High
CON-05,15_CONTRACTS,CON-05_Logistics_Contracts.md,TEMPLATE,,Chat_History,,,High
CON-06,15_CONTRACTS,CON-06_Utilities_Contracts.md,TEMPLATE,,Chat_History,,,High
CON-07,15_CONTRACTS,CON-07_Insurance_Contracts.md,TEMPLATE,,Chat_History,,,High
CON-08,15_CONTRACTS,CON-08_Key_Terms_Summary.md,TEMPLATE,,Chat_History,,,High
HR-01,16_HR,HR-01_Org_Structure.md,TEMPLATE,,Chat_History,,,High
HR-02,16_HR,HR-02_Hiring_Plan.md,TEMPLATE,,Chat_History,,,High
HR-03,16_HR,HR-03_Salary_Benchmarks.md,TEMPLATE,,Chat_History,,,High
HR-04,16_HR,HR-04_Training_Plan.md,TEMPLATE,,Chat_History,,,High
HR-05,16_HR,HR-05_Management_Bios.md,TEMPLATE,,Chat_History,,,High
HR-06,16_HR,HR-06_Headcount_Model.md,TEMPLATE,,Chat_History,,,High
HR-07,16_HR,HR-07_Health_and_Safety.md,TEMPLATE,,Chat_History,,,High
IT-01,17_IT_SYSTEMS,IT-01_ERP_System.md,TEMPLATE,,Chat_History,,,High
IT-02,17_IT_SYSTEMS,IT-02_MES_System.md,TEMPLATE,,Chat_History,,,High
IT-03,17_IT_SYSTEMS,IT-03_SCADA_Integration.md,TEMPLATE,,Chat_History,,,High
IT-04,17_IT_SYSTEMS,IT-04_Central_Brain_Data_Architecture.md,TEMPLATE,,Chat_History,,,High
IT-05,17_IT_SYSTEMS,IT-05_Cybersecurity_Framework.md,TEMPLATE,,Chat_History,,,High
IT-06,17_IT_SYSTEMS,IT-06_Backup_and_Recovery.md,TEMPLATE,,Chat_History,,,High
IT-07,17_IT_SYSTEMS,IT-07_Access_Control_Matrix.md,TEMPLATE,,Chat_History,,,High
AUD-01,18_AUDIT,AUD-01_Financial_Audit.md,TEMPLATE,,Chat_History,,Audit_Checks,High
AUD-02,18_AUDIT,AUD-02_Technical_Audit.md,TEMPLATE,,Chat_History,,Audit_Checks,High
AUD-03,18_AUDIT,AUD-03_Environmental_Audit.md,TEMPLATE,,Chat_History,,Audit_Checks,High
AUD-04,18_AUDIT,AUD-04_Model_Audit_Report.md,TEMPLATE,,Chat_History,,Audit_Checks,High
AUD-05,18_AUDIT,AUD-05_Data_Integrity_Checks.md,TEMPLATE,,Chat_History,,Audit_Checks,High
AUD-06,18_AUDIT,AUD-06_Close_Out_Register.md,TEMPLATE,,Chat_History,,Audit_Checks,High
LOG-01,19_DATA_ROOM_LOG,LOG-01_Document_Tracker.csv,TEMPLATE,,Chat_History,,,High
LOG-02,19_DATA_ROOM_LOG,LOG-02_Update_History.csv,TEMPLATE,,Chat_History,,,High
LOG-03,19_DATA_ROOM_LOG,LOG-03_Investor_Access_Log.csv,TEMPLATE,,Chat_History,,,High
LOG-04,19_DATA_ROOM_LOG,LOG-04_Missing_Documents.csv,TEMPLATE,,Chat_History,,,High
LOG-05,19_DATA_ROOM_LOG,LOG-05_Review_Status.csv,TEMPLATE,,Chat_History,,,High
