Assumptions & Drivers,,,,,,,
,,,,,,,
Parameter,Value,Unit,Type,Comment,,,
Start Year,2026,Year,Input,Construction start,,,
Operations Start Year,2028,Year,Input,COD / first revenue,,,
Model Horizon,10,Years,Input,10-year model,,,
Total CAPEX,16000000,EUR,Input,Total investment,,,
Debt Ratio,0.6,%,Input,Senior debt share,,,
Equity Ratio,0.25,%,Input,Sponsor equity share,,,
Grant Ratio,0.15,%,Input,Grant share,,,
Senior Interest Rate,0.045,%,Input,Fixed rate,,,
Debt Tenor,10,Years,Input,Model debt tenor,,,
Grace Period,2,Years,Input,Principal grace period,,,
Tax Rate,0.09,%,Input,Corporate tax,,,
Revenue Growth,0.03,%,Input,Annual growth after stabilization,,,
Steel Cost % Revenue,0.35,%,Input,100% pass-through index-linked,,,
Labor Cost Y1 Ops,1800000,EUR,Input,Year 1 operations,,,
Labor Inflation,0.03,%,Input,Annual,,,
Robotics O&M Y1 Ops,900000,EUR,Input,Maintenance,,,
Robotics O&M Inflation,0.03,%,Input,Annual,,,
Gross Energy Cost Y1 Ops,1000000,EUR,Input,Before solar,,,
Energy Offset,0.7,%,Input,Solar savings,,,
Other SG&A Y1 Ops,600000,EUR,Input,Admin/insurance,,,
SG&A Inflation,0.03,%,Input,Annual,,,
Revenue Y1 Ops,20000000,EUR,Input,Ramp-up,,,
Stabilized EBITDA Target,17500000,EUR,Input,From Year 2 ops onward,,,
Ramp EBITDA Margin,0.42,%,Input,Year 1 operations,,,
Stabilized EBITDA Margin,0.5,%,Input,Year 2 ops onward,,,
Stress Revenue Drop,0.35,%,Input,Downside,,,
