"RelativePath","FullPath","Layer","Canonical"
"","C:\FREYA_PLATFORM_2_0\01_PRODUCTS\ARS_METAL_DOCUMENT_FACTORY","PRODUCT","YES"
"00_SSOT","C:\FREYA_PLATFORM_2_0\01_PRODUCTS\ARS_METAL_DOCUMENT_FACTORY\00_SSOT","00_SSOT","YES"
"00_SSOT\00_REGISTERS","C:\FREYA_PLATFORM_2_0\01_PRODUCTS\ARS_METAL_DOCUMENT_FACTORY\00_SSOT\00_REGISTERS","00_SSOT","YES"
"00_SSOT\01_SCHEMAS","C:\FREYA_PLATFORM_2_0\01_PRODUCTS\ARS_METAL_DOCUMENT_FACTORY\00_SSOT\01_SCHEMAS","00_SSOT","YES"
"00_SSOT\02_CONFIGURATION","C:\FREYA_PLATFORM_2_0\01_PRODUCTS\ARS_METAL_DOCUMENT_FACTORY\00_SSOT\02_CONFIGURATION","00_SSOT","YES"
"00_SSOT\03_TEMPLATE_CATALOG","C:\FREYA_PLATFORM_2_0\01_PRODUCTS\ARS_METAL_DOCUMENT_FACTORY\00_SSOT\03_TEMPLATE_CATALOG","00_SSOT","YES"
"00_SSOT\04_SOURCE_CATALOG","C:\FREYA_PLATFORM_2_0\01_PRODUCTS\ARS_METAL_DOCUMENT_FACTORY\00_SSOT\04_SOURCE_CATALOG","00_SSOT","YES"
"00_SSOT\05_BUILD_CATALOG","C:\FREYA_PLATFORM_2_0\01_PRODUCTS\ARS_METAL_DOCUMENT_FACTORY\00_SSOT\05_BUILD_CATALOG","00_SSOT","YES"
"00_SSOT\06_RELEASE_CATALOG","C:\FREYA_PLATFORM_2_0\01_PRODUCTS\ARS_METAL_DOCUMENT_FACTORY\00_SSOT\06_RELEASE_CATALOG","00_SSOT","YES"
"01_WORK","C:\FREYA_PLATFORM_2_0\01_PRODUCTS\ARS_METAL_DOCUMENT_FACTORY\01_WORK","01_WORK","NO"
"01_WORK\00_INTAKE","C:\FREYA_PLATFORM_2_0\01_PRODUCTS\ARS_METAL_DOCUMENT_FACTORY\01_WORK\00_INTAKE","01_WORK","NO"
"01_WORK\01_TEMPLATES","C:\FREYA_PLATFORM_2_0\01_PRODUCTS\ARS_METAL_DOCUMENT_FACTORY\01_WORK\01_TEMPLATES","01_WORK","NO"
"01_WORK\02_SOURCE_DATA","C:\FREYA_PLATFORM_2_0\01_PRODUCTS\ARS_METAL_DOCUMENT_FACTORY\01_WORK\02_SOURCE_DATA","01_WORK","NO"
"01_WORK\03_BUILDS","C:\FREYA_PLATFORM_2_0\01_PRODUCTS\ARS_METAL_DOCUMENT_FACTORY\01_WORK\03_BUILDS","01_WORK","NO"
"01_WORK\04_RENDER","C:\FREYA_PLATFORM_2_0\01_PRODUCTS\ARS_METAL_DOCUMENT_FACTORY\01_WORK\04_RENDER","01_WORK","NO"
"01_WORK\05_PACKAGES","C:\FREYA_PLATFORM_2_0\01_PRODUCTS\ARS_METAL_DOCUMENT_FACTORY\01_WORK\05_PACKAGES","01_WORK","NO"
"01_WORK\99_TEMP","C:\FREYA_PLATFORM_2_0\01_PRODUCTS\ARS_METAL_DOCUMENT_FACTORY\01_WORK\99_TEMP","01_WORK","NO"
"02_EVIDENCE","C:\FREYA_PLATFORM_2_0\01_PRODUCTS\ARS_METAL_DOCUMENT_FACTORY\02_EVIDENCE","02_EVIDENCE","YES"
"02_EVIDENCE\00_HASH_REGISTRY","C:\FREYA_PLATFORM_2_0\01_PRODUCTS\ARS_METAL_DOCUMENT_FACTORY\02_EVIDENCE\00_HASH_REGISTRY","02_EVIDENCE","YES"
"02_EVIDENCE\01_AUDIT_TRAIL","C:\FREYA_PLATFORM_2_0\01_PRODUCTS\ARS_METAL_DOCUMENT_FACTORY\02_EVIDENCE\01_AUDIT_TRAIL","02_EVIDENCE","YES"
"02_EVIDENCE\02_BUILD_REPORTS","C:\FREYA_PLATFORM_2_0\01_PRODUCTS\ARS_METAL_DOCUMENT_FACTORY\02_EVIDENCE\02_BUILD_REPORTS","02_EVIDENCE","YES"
"02_EVIDENCE\03_VALIDATION_REPORTS","C:\FREYA_PLATFORM_2_0\01_PRODUCTS\ARS_METAL_DOCUMENT_FACTORY\02_EVIDENCE\03_VALIDATION_REPORTS","02_EVIDENCE","YES"
"02_EVIDENCE\04_MANIFESTS","C:\FREYA_PLATFORM_2_0\01_PRODUCTS\ARS_METAL_DOCUMENT_FACTORY\02_EVIDENCE\04_MANIFESTS","02_EVIDENCE","YES"
"03_HUMAN_GATE","C:\FREYA_PLATFORM_2_0\01_PRODUCTS\ARS_METAL_DOCUMENT_FACTORY\03_HUMAN_GATE","03_HUMAN_GATE","YES"
"03_HUMAN_GATE\00_INBOX","C:\FREYA_PLATFORM_2_0\01_PRODUCTS\ARS_METAL_DOCUMENT_FACTORY\03_HUMAN_GATE\00_INBOX","03_HUMAN_GATE","YES"
"03_HUMAN_GATE\01_REVIEW_READY","C:\FREYA_PLATFORM_2_0\01_PRODUCTS\ARS_METAL_DOCUMENT_FACTORY\03_HUMAN_GATE\01_REVIEW_READY","03_HUMAN_GATE","YES"
"03_HUMAN_GATE\02_APPROVED","C:\FREYA_PLATFORM_2_0\01_PRODUCTS\ARS_METAL_DOCUMENT_FACTORY\03_HUMAN_GATE\02_APPROVED","03_HUMAN_GATE","YES"
"03_HUMAN_GATE\03_REJECTED","C:\FREYA_PLATFORM_2_0\01_PRODUCTS\ARS_METAL_DOCUMENT_FACTORY\03_HUMAN_GATE\03_REJECTED","03_HUMAN_GATE","YES"
"04_DATA_ROOM","C:\FREYA_PLATFORM_2_0\01_PRODUCTS\ARS_METAL_DOCUMENT_FACTORY\04_DATA_ROOM","04_DATA_ROOM","YES"
"04_DATA_ROOM\00_STAGING","C:\FREYA_PLATFORM_2_0\01_PRODUCTS\ARS_METAL_DOCUMENT_FACTORY\04_DATA_ROOM\00_STAGING","04_DATA_ROOM","YES"
"04_DATA_ROOM\01_RELEASE_CANDIDATE","C:\FREYA_PLATFORM_2_0\01_PRODUCTS\ARS_METAL_DOCUMENT_FACTORY\04_DATA_ROOM\01_RELEASE_CANDIDATE","04_DATA_ROOM","YES"
"04_DATA_ROOM\02_RELEASED","C:\FREYA_PLATFORM_2_0\01_PRODUCTS\ARS_METAL_DOCUMENT_FACTORY\04_DATA_ROOM\02_RELEASED","04_DATA_ROOM","YES"
"05_DELIVERY","C:\FREYA_PLATFORM_2_0\01_PRODUCTS\ARS_METAL_DOCUMENT_FACTORY\05_DELIVERY","05_DELIVERY","YES"
"05_DELIVERY\00_PACKAGES","C:\FREYA_PLATFORM_2_0\01_PRODUCTS\ARS_METAL_DOCUMENT_FACTORY\05_DELIVERY\00_PACKAGES","05_DELIVERY","YES"
"06_DOCUMENTATION","C:\FREYA_PLATFORM_2_0\01_PRODUCTS\ARS_METAL_DOCUMENT_FACTORY\06_DOCUMENTATION","06_DOCUMENTATION","YES"
"07_TESTS","C:\FREYA_PLATFORM_2_0\01_PRODUCTS\ARS_METAL_DOCUMENT_FACTORY\07_TESTS","07_TESTS","NO"
"08_ARCHIVE","C:\FREYA_PLATFORM_2_0\01_PRODUCTS\ARS_METAL_DOCUMENT_FACTORY\08_ARCHIVE","08_ARCHIVE","NO"
"99_QUARANTINE","C:\FREYA_PLATFORM_2_0\01_PRODUCTS\ARS_METAL_DOCUMENT_FACTORY\99_QUARANTINE","99_QUARANTINE","NO"
