"Field","Type","Required","Pattern","Description"
"DocumentId","STRING","YES","^DOC-ARS-[A-Z0-9]{2,12}-[0-9]{6}$","Unique document identifier"
"Title","STRING","YES","^.{3,200}$","Human-readable document title"
"DocumentClass","CONTROLLED_STRING","YES","CONTROLLED_VOCABULARY","Registered document class"
"Status","CONTROLLED_STRING","YES","CONTROLLED_VOCABULARY","Current controlled workflow status"
"RevisionId","STRING","YES","^REV-[0-9]{3}$","Current revision identifier"
"CanonicalRelativePath","STRING","YES","^.{1,240}$","Path relative to product root"
"SourceType","CONTROLLED_STRING","YES","NEW_PLATFORM|REVIEWED_WORKING_COPY","Origin category"
"ProvenanceId","STRING","YES","^EVD-ARS-PROV-[0-9]{8}-[0-9]{4}$","Provenance register reference"
"CurrentSHA256","STRING","YES","^[a-f0-9]{64}$","Current artifact SHA-256"
"Bytes","INTEGER","YES","^[0-9]+$","Current file size"
"CreatedAt","DATETIME","YES","ISO8601","Initial registration time"
"UpdatedAt","DATETIME","YES","ISO8601","Latest registry update time"
"Owner","STRING","YES","^.{2,100}$","Responsible owner"
"HumanGateRequired","BOOLEAN_TEXT","YES","YES|NO","Whether Human Gate is required"
"ReleaseAllowed","BOOLEAN_TEXT","YES","YES|NO","Whether release is currently allowed"
