"Field","Type","Required","Pattern"
"SourceDataId","STRING","YES","^SRC-ARS-[0-9]{8}-[0-9]{4}$"
"Title","STRING","YES","^.{3,200}$"
"DataClass","CONTROLLED_STRING","YES","REPORT_INPUT"
"Status","CONTROLLED_STRING","YES","REGISTERED|VALIDATED|REJECTED|SUPERSEDED"
"RevisionId","STRING","YES","^REV-[0-9]{3}$"
"TargetTemplateId","STRING","YES","^TPL-ARS-[A-Z0-9]{2,12}-[0-9]{4}$"
"TokenProfileId","STRING","YES","^TOK-ARS-[A-Z0-9]{2,12}-[0-9]{4}$"
"CurrentSHA256","STRING","YES","^[a-f0-9]{64}$"
"ProductionUseAllowed","BOOLEAN_TEXT","YES","YES|NO"
