"Cash Flow, Debt Service & DSCR",,,,,,,,,,,,,
,,,,,,,,,,,,,
Metric,2026,2027,2028,2029,2030,2031,2032,2033,2034,2035,,,
Revenue,=Revenue!B5,=Revenue!C5,=Revenue!D5,=Revenue!E5,=Revenue!F5,=Revenue!G5,=Revenue!H5,=Revenue!I5,=Revenue!J5,=Revenue!K5,,,
Total OPEX,=OPEX!B10,=OPEX!C10,=OPEX!D10,=OPEX!E10,=OPEX!F10,=OPEX!G10,=OPEX!H10,=OPEX!I10,=OPEX!J10,=OPEX!K10,,,
EBITDA,=B4-B5,=C4-C5,=D4-D5,=E4-E5,=F4-F5,=G4-G5,=H4-H5,=I4-I5,=J4-J5,=K4-K5,,,
Depreciation,=Depreciation!B7,=Depreciation!C7,=Depreciation!D7,=Depreciation!E7,=Depreciation!F7,=Depreciation!G7,=Depreciation!H7,=Depreciation!I7,=Depreciation!J7,=Depreciation!K7,,,
EBIT,=B6-B7,=C6-C7,=D6-D7,=E6-E7,=F6-F7,=G6-G7,=H6-H7,=I6-I7,=J6-J7,=K6-K7,,,
Tax,"=MAX(0,B8*Assumptions!$B$14)","=MAX(0,C8*Assumptions!$B$14)","=MAX(0,D8*Assumptions!$B$14)","=MAX(0,E8*Assumptions!$B$14)","=MAX(0,F8*Assumptions!$B$14)","=MAX(0,G8*Assumptions!$B$14)","=MAX(0,H8*Assumptions!$B$14)","=MAX(0,I8*Assumptions!$B$14)","=MAX(0,J8*Assumptions!$B$14)","=MAX(0,K8*Assumptions!$B$14)",,,
CFADS,=B6-B9,=C6-C9,=D6-D9,=E6-E9,=F6-F9,=G6-G9,=H6-H9,=I6-I9,=J6-J9,=K6-K9,,,
Debt Service,=Debt!B8,=Debt!C8,=Debt!D8,=Debt!E8,=Debt!F8,=Debt!G8,=Debt!H8,=Debt!I8,=Debt!J8,=Debt!K8,,,
DSCR,"=IFERROR(B10/B11,"""")","=IFERROR(C10/C11,"""")","=IFERROR(D10/D11,"""")","=IFERROR(E10/E11,"""")","=IFERROR(F10/F11,"""")","=IFERROR(G10/G11,"""")","=IFERROR(H10/H11,"""")","=IFERROR(I10/I11,"""")","=IFERROR(J10/J11,"""")","=IFERROR(K10/K11,"""")",,,
Project Free Cash Flow,=B10-CAPEX!B8-Debt!B8+CAPEX!B13+CAPEX!B12,=C10-CAPEX!C8-Debt!C8+CAPEX!C13+CAPEX!C12,=D10-CAPEX!D8-Debt!D8+CAPEX!D13+CAPEX!D12,=E10-CAPEX!E8-Debt!E8+CAPEX!E13+CAPEX!E12,=F10-CAPEX!F8-Debt!F8+CAPEX!F13+CAPEX!F12,=G10-CAPEX!G8-Debt!G8+CAPEX!G13+CAPEX!G12,=H10-CAPEX!H8-Debt!H8+CAPEX!H13+CAPEX!H12,=I10-CAPEX!I8-Debt!I8+CAPEX!I13+CAPEX!I12,=J10-CAPEX!J8-Debt!J8+CAPEX!J13+CAPEX!J12,=K10-CAPEX!K8-Debt!K8+CAPEX!K13+CAPEX!K12,,,
Cumulative Project FCF,=B13,=B14+C13,=C14+D13,=D14+E13,=E14+F13,=F14+G13,=G14+H13,=H14+I13,=I14+J13,=J14+K13,,,
