ROUTE,SIZE_BYTES,FILE_PATH,REASON
EXCLUDE_REVIEW,3968742,"/root/Documents/002. Materijal za Tik tok/07.04/_users_e324f777-8af8-4911-b526-8915719636fe_generated_8849d777-99b8-4060-8f66-19a62b65a5fb_generated_video.MP4",GENERATED_OR_SCREEN_HINT
EXCLUDE_REVIEW,141516,"/root/Documents/002. Materijal za Tik tok/07.04/IMG_0229.JPG",LOW_SIZE_UNDER_150KB
KEEP_REVIEW,175938,"/root/Documents/002. Materijal za Tik tok/07.04/IMG_0215.JPG",REAL_LIFE_CAMERA_NAME_HINT
KEEP_REVIEW,213740,"/root/Documents/002. Materijal za Tik tok/07.04/IMG_0017.JPG",REAL_LIFE_CAMERA_NAME_HINT
KEEP_REVIEW,180190,"/root/Documents/002. Materijal za Tik tok/07.04/IMG_0003.JPG",REAL_LIFE_CAMERA_NAME_HINT
KEEP_REVIEW,1247508,"/root/Documents/002. Materijal za Tik tok/07.04/IMG_0201.PNG",REAL_LIFE_CAMERA_NAME_HINT
EXCLUDE_REVIEW,7361810,"/root/Documents/002. Materijal za Tik tok/07.04/_users_e324f777-8af8-4911-b526-8915719636fe_generated_dcd06b65-2de7-447e-ae71-cea4a76dd07d_generated_video.MP4",GENERATED_OR_SCREEN_HINT
KEEP_REVIEW,8860136,"/root/Documents/002. Materijal za Tik tok/07.04/IMG_0200.PNG",REAL_LIFE_CAMERA_NAME_HINT
KEEP_REVIEW,202629,"/root/Documents/002. Materijal za Tik tok/07.04/IMG_0002.JPG",REAL_LIFE_CAMERA_NAME_HINT
KEEP_REVIEW,201027,"/root/Documents/002. Materijal za Tik tok/07.04/IMG_0016.JPG",REAL_LIFE_CAMERA_NAME_HINT
KEEP_REVIEW,172631,"/root/Documents/002. Materijal za Tik tok/07.04/IMG_0214.JPG",REAL_LIFE_CAMERA_NAME_HINT
EXCLUDE_REVIEW,141591,"/root/Documents/002. Materijal za Tik tok/07.04/IMG_0228.JPG",LOW_SIZE_UNDER_150KB
