FILE_PATH,LINE_NO,FORMULA_SIGNAL,FINANCE_SIGNAL,STRATEGY_SIGNAL,REPAIR_SIGNAL,TEXT
"/Volumes/DANIJELA HARD DISK/MEC_CMU_MACBOOK_BACKUP_VAULT/26_IPHONE_METADATA_KNOWLEDGE_NODE/00_TICKET_20260525_022721/IPHONE_METADATA_EXTRACTION_TICKET_20260525_022721.txt",32,NO,NO,NO,YES,"No automatic healing."
"/Volumes/DANIJELA HARD DISK/MEC_CMU_MACBOOK_BACKUP_VAULT/26_IPHONE_METADATA_KNOWLEDGE_NODE/00_TICKET_20260525_022721/IPHONE_METADATA_EXTRACTION_TICKET_20260525_022721.txt",34,NO,NO,NO,YES,"GUARDRAILS:"
"/Volumes/DANIJELA HARD DISK/MEC_CMU_MACBOOK_BACKUP_VAULT/26_IPHONE_METADATA_KNOWLEDGE_NODE/00_TICKET_20260525_022721/IPHONE_METADATA_SCHEMA_MASTER_20260525_022721.csv",12,YES,NO,NO,YES,"KNOWLEDGE_SIGNAL,NO,Formula/guardrail/repair/text signal,guardrail_found"
"/Volumes/DANIJELA HARD DISK/MEC_CMU_MACBOOK_BACKUP_VAULT/26_IPHONE_METADATA_KNOWLEDGE_NODE/00_TICKET_20260525_022721/IPHONE_METADATA_TICKET_SHA_REPAIR_STATUS_20260525_022818.txt",1,NO,NO,NO,YES,"IPHONE_METADATA_TICKET_SHA_REPAIR_STATUS"
"/Volumes/DANIJELA HARD DISK/MEC_CMU_MACBOOK_BACKUP_VAULT/26_IPHONE_METADATA_KNOWLEDGE_NODE/00_TICKET_20260525_022721/IPHONE_METADATA_TICKET_SHA_REPAIR_STATUS_20260525_022818.txt",5,NO,NO,NO,YES,"IPHONE_TICKET_SHA_REPAIR_CREATED=YES"
"/Volumes/DANIJELA HARD DISK/MEC_CMU_MACBOOK_BACKUP_VAULT/26_IPHONE_METADATA_KNOWLEDGE_NODE/00_TICKET_20260525_022721/IPHONE_METADATA_TICKET_SHA_REPAIR_STATUS_20260525_022818.txt",8,NO,NO,NO,YES,"HASH_REPAIR=/Volumes/DANIJELA HARD DISK/MEC_CMU_MACBOOK_BACKUP_VAULT/26_IPHONE_METADATA_KNOWLEDGE_NODE/00_TICKET_20260525_022721/IPHONE_METADATA_TICKET_SHA256_REPAIR_20260525_022818.csv"
"/Volumes/DANIJELA HARD DISK/MEC_CMU_MACBOOK_BACKUP_VAULT/26_IPHONE_METADATA_KNOWLEDGE_NODE/00_TICKET_20260525_022721/IPHONE_METADATA_TICKET_SHA_REPAIR_STATUS_20260525_022818.txt",13,NO,NO,NO,YES,"GUARDRAILS:"
"/Volumes/DANIJELA HARD DISK/MEC_CMU_MACBOOK_BACKUP_VAULT/26_IPHONE_METADATA_KNOWLEDGE_NODE/00_TICKET_20260525_022721/IPHONE_METADATA_TICKET_SHA_REPAIR_STATUS_20260525_022818.txt",14,NO,NO,NO,YES,"HASH_REPAIR_ONLY=YES"
"/root/ALPINE_IPHONE_STORAGE_CENSUS_20260524_144342.txt",3,NO,NO,NO,YES,"Guardrails: READ_ONLY / NO_DELETE / NO_MOVE / NO_RENAME"
"/root/ALPINE_IPHONE_STORAGE_CENSUS_20260524_144342.txt",92,YES,NO,NO,NO,"drwxr-xr-x    2 501      501          128 May 20 20:34 01. DELTA REAL-TIME SSOT GENERATION POPLINE "
"/root/ALPINE_IPHONE_STORAGE_CENSUS_20260524_144342.txt",94,NO,YES,NO,NO,"-rw-r--r--    1 501      501        36.2K May 10 19:32 ANEKS_1_REVIZIJA_CAPEX_TITAN1_2026-05-10.docx"
"/root/ALPINE_IPHONE_STORAGE_CENSUS_20260524_144342.txt",95,NO,YES,NO,NO,"-rw-r--r--    1 501      501        36.8K May 10 19:39 ANEKS_1_REVIZIJA_CAPEX_TITAN1_EU_BRAND_2026-05-10.docx"
"/root/ALPINE_IPHONE_STORAGE_CENSUS_20260524_144342.txt",96,NO,YES,NO,NO,"-rw-r--r--    1 501      501        36.9K May 10 19:40 ANEKS_1_REVIZIJA_CAPEX_TITAN1_EU_FOOTER_2026-05-10.docx"
"/root/ALPINE_IPHONE_STORAGE_CENSUS_20260524_144342.txt",97,NO,YES,NO,NO,"-rw-r--r--    1 501      501        36.5K May 10 19:43 ANEKS_1_REVIZIJA_CAPEX_TITAN1_FINAL_2026-05-10.docx"
"/root/ALPINE_IPHONE_STORAGE_CENSUS_20260524_144342.txt",98,NO,YES,NO,NO,"-rw-r--r--    1 501      501        37.3K May 10 19:43 ANEKS_1_REVIZIJA_CAPEX_TITAN1_IMPROVED_2026-05-10.docx"
"/root/ALPINE_IPHONE_STORAGE_CENSUS_20260524_144342.txt",99,NO,YES,YES,NO,"-rw-r--r--    1 501      501        36.5K May 10 19:44 ANEKS_1_REVIZIJA_CAPEX_TITAN1_INSTITUTIONAL_FINAL_2026-05-10.docx"
"/root/ALPINE_IPHONE_STORAGE_CENSUS_20260524_144342.txt",100,NO,YES,YES,NO,"-rw-r--r--    1 501      501        36.6K May 10 19:45 ANEKS_1_REVIZIJA_CAPEX_TITAN1_INSTITUTIONAL_ULTRA_2026-05-10.docx"
"/root/ALPINE_IPHONE_STORAGE_CENSUS_20260524_144342.txt",101,NO,YES,NO,NO,"-rw-r--r--    1 501      501        37.2K May 11 07:10 ANEKS_1_REVIZIJA_CAPEX_TITAN1_PROFESSIONAL_FINAL_2026-05-10.docx"
"/root/ALPINE_IPHONE_STORAGE_CENSUS_20260524_144342.txt",102,NO,YES,NO,NO,"-rw-r--r--    1 501      501        36.2K May 11 06:50 ANEKS_1_REVIZIJA_CAPEX_TITAN1_v4_2026-05-10.docx"
"/root/ALPINE_IPHONE_STORAGE_CENSUS_20260524_144342.txt",108,NO,YES,NO,NO,"drwxr-xr-x    2 501      501          384 Mar 15 23:42 Finansiski model "
"/root/ALPINE_IPHONE_STORAGE_CENSUS_20260524_144342.txt",130,NO,YES,NO,NO,"-rw-r--r--    1 501      501        24.6K May 10 11:10 TITAN_Central_Brain_Finance_Master_v6_1.xlsx"
"/root/ALPINE_IPHONE_STORAGE_CENSUS_20260524_144342.txt",179,YES,NO,NO,NO,"/root/Documents/01. DELTA REAL-TIME SSOT GENERATION POPLINE "
"/root/ALPINE_IPHONE_STORAGE_CENSUS_20260524_144342.txt",186,NO,YES,NO,NO,"/root/Documents/Finansiski model "
"/root/CMU_IPHONE_CENSUS/01_CMU_SIGNAL_PATHS.txt",140,NO,YES,NO,NO,"/root/Documents/Exeli/TITAN_Grid_Model_v6_Clean.xlsx"
"/root/CMU_IPHONE_CENSUS/01_CMU_SIGNAL_PATHS.txt",146,NO,NO,YES,NO,"/root/Documents/Exeli/ORG-001_TITAN_Grid_Governance_v4.xlsx"
"/root/CMU_IPHONE_CENSUS/01_CMU_SIGNAL_PATHS.txt",148,NO,NO,YES,NO,"/root/Documents/Exeli/ORG-024_TITAN_Grid_Strategic_Expansion_v4.xlsx"
"/root/CMU_IPHONE_CENSUS/01_CMU_SIGNAL_PATHS.txt",149,NO,YES,NO,NO,"/root/Documents/Exeli/TITAN_Grid_Financial_Model_v2_0.xlsx"
"/root/CMU_IPHONE_CENSUS/01_CMU_SIGNAL_PATHS.txt",155,NO,NO,YES,NO,"/root/Documents/Exeli/ORG-019_TITAN_Grid_Strategic_Deck_v4.xlsx"
"/root/CMU_IPHONE_CENSUS/01_CMU_SIGNAL_PATHS.txt",157,NO,YES,YES,NO,"/root/Documents/Exeli/TITAN_Grid_Lender_Model_v6_1.xlsx"
"/root/CMU_IPHONE_CENSUS/01_CMU_SIGNAL_PATHS.txt",163,NO,NO,YES,NO,"/root/Documents/Exeli/Titan_Grid_Value_Proposition_v6_Board_Lender_Submission_Pack_clean.docx"
"/root/CMU_IPHONE_CENSUS/01_CMU_SIGNAL_PATHS.txt",165,NO,NO,YES,NO,"/root/Documents/Exeli/ORG-007_TITAN_Grid_Strategic_Positioning_v4.xlsx"
"/root/CMU_IPHONE_CENSUS/01_CMU_SIGNAL_PATHS.txt",171,NO,YES,NO,NO,"/root/Documents/Exeli/TITAN_Grid_Financial_Model_5_Sheets.xlsx"
"/root/CMU_IPHONE_CENSUS/01_CMU_SIGNAL_PATHS.txt",172,NO,NO,YES,NO,"/root/Documents/Exeli/Titan_Grid_v6_2_Live_Lender_Linkage_Pack.xlsx"
"/root/CMU_IPHONE_CENSUS/01_CMU_SIGNAL_PATHS.txt",173,NO,YES,NO,NO,"/root/Documents/Exeli/TITAN_Grid_Financial_Model_CSV_Exports.zip"
"/root/CMU_IPHONE_CENSUS/01_CMU_SIGNAL_PATHS.txt",182,NO,NO,YES,NO,"/root/Documents/Exeli/TITAN_GRID_v5_Full_Lender_Closing_Book.pdf"
"/root/CMU_IPHONE_CENSUS/01_CMU_SIGNAL_PATHS.txt",196,YES,NO,NO,NO,"/root/Documents/003 DELTA/TITAN_98_99_100_Final_Orchestration_Boundary_v1.zip"
"/root/CMU_IPHONE_CENSUS/01_CMU_SIGNAL_PATHS.txt",208,NO,NO,YES,NO,"/root/Documents/003 DELTA/001. Skripte manual/Novo 1/Novo 3/TITAN_FORENSIC_REVISION_MASTER_v33_GOVERNANCE_JSON_ARTIFACT_PACK.docx"
"/root/CMU_IPHONE_CENSUS/01_CMU_SIGNAL_PATHS.txt",209,NO,NO,YES,NO,"/root/Documents/003 DELTA/001. Skripte manual/Novo 1/Novo 3/TITAN_GOVERNANCE_JSON_STARTER_PACK_v1.zip"
"/root/CMU_IPHONE_CENSUS/01_CMU_SIGNAL_PATHS.txt",215,NO,NO,YES,NO,"/root/Documents/003 DELTA/001. Skripte manual/Novo 1/Novo 2/TITAN_FORENSIC_REVISION_MASTER_v29_FINAL_CONSOLIDATED_INDEX_ROADMAP.docx"
"/root/CMU_IPHONE_CENSUS/01_CMU_SIGNAL_PATHS.txt",219,NO,NO,YES,NO,"/root/Documents/003 DELTA/001. Skripte manual/Novo 1/Novo 2/TITAN_GOVERNANCE_JSON_STARTER_PACK_v1.zip"
"/root/CMU_IPHONE_CENSUS/01_CMU_SIGNAL_PATHS.txt",221,NO,NO,YES,NO,"/root/Documents/003 DELTA/001. Skripte manual/Novo 1/Novo 2/TITAN_FORENSIC_REVISION_MASTER_v32_GOVERNANCE_JSON_STARTER_PACK.docx"
"/root/CMU_IPHONE_CENSUS/01_CMU_SIGNAL_PATHS.txt",222,NO,NO,YES,NO,"/root/Documents/003 DELTA/001. Skripte manual/Novo 1/Novo 2/TITAN_FORENSIC_REVISION_MASTER_v31_GOVERNANCE_FILES_BLUEPRINT_PACK.docx"
"/root/CMU_IPHONE_CENSUS/01_CMU_SIGNAL_PATHS.txt",234,YES,NO,NO,NO,"/root/Documents/003 DELTA/001. Skripte manual/TITAN_FORENSIC_REVISION_MASTER_v3_SCRIPT_01_SYSTEM_MIGRATION.docx"
"/root/CMU_IPHONE_CENSUS/01_CMU_SIGNAL_PATHS.txt",242,NO,NO,NO,YES,"/root/Documents/003 DELTA/TITAN_107_108_109_NonUse_BlockedOps_DoNotRun_v1.zip"
"/root/CMU_IPHONE_CENSUS/01_CMU_SIGNAL_PATHS.txt",272,NO,NO,YES,NO,"/root/Documents/003 DELTA/TITAN_22_23_24_Review_Governance_Audit_v1.zip"
"/root/CMU_IPHONE_CENSUS/01_CMU_SIGNAL_PATHS.txt",274,NO,NO,YES,NO,"/root/Documents/003 DELTA/TITAN_77_78_79_AuditBoard_Dissent_DecisionLedger_v1.zip"
"/root/CMU_IPHONE_CENSUS/01_CMU_SIGNAL_PATHS.txt",276,YES,NO,NO,NO,"/root/Documents/003 DELTA/TITAN_06_17_18_Integrity_Evidence_Weight_v1.zip"
"/root/CMU_IPHONE_CENSUS/01_CMU_SIGNAL_PATHS.txt",286,YES,NO,NO,NO,"/root/Documents/003 DELTA/TITAN_89_89A_89B_Transition_To_Orchestration_v1.zip"
"/root/CMU_IPHONE_CENSUS/01_CMU_SIGNAL_PATHS.txt",291,NO,YES,NO,NO,"/root/Documents/ANEKS_1_REVIZIJA_CAPEX_TITAN1_IMPROVED_2026-05-10.docx"
"/root/CMU_IPHONE_CENSUS/01_CMU_SIGNAL_PATHS.txt",322,NO,YES,NO,NO,"/root/Documents/IZVOZ_ZA_WINDOWS/TITAN_Central_Brain_Finance_Master_v6_1.xlsx"
"/root/CMU_IPHONE_CENSUS/01_CMU_SIGNAL_PATHS.txt",323,NO,YES,YES,NO,"/root/Documents/IZVOZ_ZA_WINDOWS/ANEKS_1_REVIZIJA_CAPEX_TITAN1_INSTITUTIONAL_ULTRA_2026-05-10.docx"
"/root/CMU_IPHONE_CENSUS/01_CMU_SIGNAL_PATHS.txt",324,NO,YES,NO,NO,"/root/Documents/TITAN_Central_Brain_Finance_Master_v6_1.xlsx"
"/root/CMU_IPHONE_CENSUS/01_CMU_SIGNAL_PATHS.txt",325,NO,YES,NO,NO,"/root/Documents/ANEKS_1_REVIZIJA_CAPEX_TITAN1_v4_2026-05-10.docx"
"/root/CMU_IPHONE_CENSUS/01_CMU_SIGNAL_PATHS.txt",326,NO,YES,NO,NO,"/root/Documents/ANEKS_1_REVIZIJA_CAPEX_TITAN1_2026-05-10.docx"
"/root/CMU_IPHONE_CENSUS/01_CMU_SIGNAL_PATHS.txt",327,NO,YES,YES,NO,"/root/Documents/ANEKS_1_REVIZIJA_CAPEX_TITAN1_INSTITUTIONAL_FINAL_2026-05-10.docx"
"/root/CMU_IPHONE_CENSUS/01_CMU_SIGNAL_PATHS.txt",328,YES,NO,NO,NO,"/root/Documents/01. DELTA REAL-TIME SSOT GENERATION POPLINE "
"/root/CMU_IPHONE_CENSUS/01_CMU_SIGNAL_PATHS.txt",329,YES,NO,YES,NO,"/root/Documents/01. DELTA REAL-TIME SSOT GENERATION POPLINE /DELTA_SSOT_SIGNAL_TO_DOCUMENT_GOVERNANCE_MAP.csv"
"/root/CMU_IPHONE_CENSUS/01_CMU_SIGNAL_PATHS.txt",330,YES,NO,YES,NO,"/root/Documents/01. DELTA REAL-TIME SSOT GENERATION POPLINE /README_DELTA_SSOT_SIGNAL_TO_DOCUMENT_GOVERNANCE_MAP.md"
"/root/CMU_IPHONE_CENSUS/01_CMU_SIGNAL_PATHS.txt",369,NO,YES,NO,NO,"/root/Documents/TITAN FINAL/Arhiva informacija/07. Gemini analize/Strateški model akvizicije ECO-a.pdf"
"/root/CMU_IPHONE_CENSUS/01_CMU_SIGNAL_PATHS.txt",388,NO,NO,YES,NO,"/root/Documents/TITAN FINAL/Arhiva informacija/06. Chek documents /Influence_Strategy_Combined.xlsx"
"/root/CMU_IPHONE_CENSUS/01_CMU_SIGNAL_PATHS.txt",444,NO,YES,NO,NO,"/root/Documents/TITAN FINAL/28.03/VBA Script Review: DSCR & IRR Calculator.docx"
"/root/CMU_IPHONE_CENSUS/01_CMU_SIGNAL_PATHS.txt",452,NO,NO,YES,NO,"/root/Documents/TITAN FINAL/03.03/TITAN_Central_Brain_Governance_Export.xlsx"
"/root/CMU_IPHONE_CENSUS/01_CMU_SIGNAL_PATHS.txt",457,NO,YES,NO,NO,"/root/Documents/TITAN FINAL/03.03/TITAN_IC_Pack_v2_LiveModel.pptx"
"/root/CMU_IPHONE_CENSUS/01_CMU_SIGNAL_PATHS.txt",460,NO,YES,NO,NO,"/root/Documents/TITAN FINAL/03.03/TITAN_Central_Brain_Finance_Master_v6_1.xlsx"
"/root/CMU_IPHONE_CENSUS/01_CMU_SIGNAL_PATHS.txt",462,NO,YES,YES,NO,"/root/Documents/TITAN FINAL/03.03/TITAN_Central_Brain_v7_2_Lender_Model.xlsx"
"/root/CMU_IPHONE_CENSUS/01_CMU_SIGNAL_PATHS.txt",463,NO,YES,NO,NO,"/root/Documents/TITAN FINAL/03.03/TITAN_Central_Brain_Finance_Master_v6_2 2.xlsx"
"/root/CMU_IPHONE_CENSUS/01_CMU_SIGNAL_PATHS.txt",465,NO,NO,YES,NO,"/root/Documents/TITAN FINAL/03.03/TITAN_Central_Brain_v6_2_Lender_Grade.xlsx"
"/root/CMU_IPHONE_CENSUS/01_CMU_SIGNAL_PATHS.txt",467,NO,YES,NO,NO,"/root/Documents/TITAN FINAL/03.03/TITAN_Central_Brain_Finance_Master_v6_2.xlsx"
"/root/CMU_IPHONE_CENSUS/01_CMU_SIGNAL_PATHS.txt",468,NO,YES,NO,NO,"/root/Documents/TITAN FINAL/03.03/bank_grade_eco_ars_3tab_model.xlsx"
"/root/CMU_IPHONE_CENSUS/01_CMU_SIGNAL_PATHS.txt",469,YES,YES,NO,NO,"/root/Documents/TITAN FINAL/03.03/TITAN_model_full_integration.xlsx"
"/root/CMU_IPHONE_CENSUS/01_CMU_SIGNAL_PATHS.txt",476,NO,YES,NO,NO,"/root/Documents/TITAN FINAL/03.03/ECO_Transformer_Bank_Grade_Sensitivity_Model_v1.xlsx"
"/root/CMU_IPHONE_CENSUS/01_CMU_SIGNAL_PATHS.txt",479,NO,NO,YES,NO,"/root/Documents/TITAN FINAL/27.03/TITAN_Central_Brain_v6_1_Institutional.xlsx"
"/root/CMU_IPHONE_CENSUS/01_CMU_SIGNAL_PATHS.txt",481,NO,YES,NO,NO,"/root/Documents/TITAN FINAL/27.03/TITAN_Data_Room_v6_3_Automated/12_GRANTS"
"/root/CMU_IPHONE_CENSUS/01_CMU_SIGNAL_PATHS.txt",482,NO,YES,NO,NO,"/root/Documents/TITAN FINAL/27.03/TITAN_Data_Room_v6_3_Automated/12_GRANTS/GR-03_WBIF_Eligibility.md"
"/root/CMU_IPHONE_CENSUS/01_CMU_SIGNAL_PATHS.txt",483,NO,YES,NO,NO,"/root/Documents/TITAN FINAL/27.03/TITAN_Data_Room_v6_3_Automated/12_GRANTS/GR-05_Turkey_Industrial_Support.md"
"/root/CMU_IPHONE_CENSUS/01_CMU_SIGNAL_PATHS.txt",484,NO,YES,NO,NO,"/root/Documents/TITAN FINAL/27.03/TITAN_Data_Room_v6_3_Automated/12_GRANTS/GR-09_Grant_Risk_Register.md"
"/root/CMU_IPHONE_CENSUS/01_CMU_SIGNAL_PATHS.txt",485,NO,YES,NO,NO,"/root/Documents/TITAN FINAL/27.03/TITAN_Data_Room_v6_3_Automated/12_GRANTS/GR-04_Montenegro_Incentives.md"
"/root/CMU_IPHONE_CENSUS/01_CMU_SIGNAL_PATHS.txt",486,NO,YES,NO,NO,"/root/Documents/TITAN FINAL/27.03/TITAN_Data_Room_v6_3_Automated/12_GRANTS/GR-08_Grant_Document_Checklist.md"
"/root/CMU_IPHONE_CENSUS/01_CMU_SIGNAL_PATHS.txt",487,NO,YES,NO,NO,"/root/Documents/TITAN FINAL/27.03/TITAN_Data_Room_v6_3_Automated/12_GRANTS/GR-07_Grant_Compliance.md"
"/root/CMU_IPHONE_CENSUS/01_CMU_SIGNAL_PATHS.txt",488,NO,YES,NO,NO,"/root/Documents/TITAN FINAL/27.03/TITAN_Data_Room_v6_3_Automated/12_GRANTS/GR-06_Grant_Timing_Model.md"
"/root/CMU_IPHONE_CENSUS/01_CMU_SIGNAL_PATHS.txt",489,NO,YES,YES,NO,"/root/Documents/TITAN FINAL/27.03/TITAN_Data_Room_v6_3_Automated/12_GRANTS/GR-01_Grant_Strategy_Overview.md"
"/root/CMU_IPHONE_CENSUS/01_CMU_SIGNAL_PATHS.txt",490,NO,YES,NO,NO,"/root/Documents/TITAN FINAL/27.03/TITAN_Data_Room_v6_3_Automated/12_GRANTS/GR-02_EU_IPA_Documentation.md"
"/root/CMU_IPHONE_CENSUS/01_CMU_SIGNAL_PATHS.txt",506,NO,YES,NO,NO,"/root/Documents/TITAN FINAL/27.03/TITAN_Data_Room_v6_3_Automated/18_AUDIT/AUD-04_Model_Audit_Report.md"
"/root/CMU_IPHONE_CENSUS/01_CMU_SIGNAL_PATHS.txt",528,YES,NO,YES,NO,"/root/Documents/TITAN FINAL/27.03/TITAN_Data_Room_v6_3_Automated/01_EXECUTIVE/EXE-06_Strategic_Rationale.md"
"/root/CMU_IPHONE_CENSUS/01_CMU_SIGNAL_PATHS.txt",539,NO,YES,NO,NO,"/root/Documents/TITAN FINAL/27.03/TITAN_Data_Room_v6_3_Automated/13_RISK/RISK-02_CAPEX_Risk.md"
"/root/CMU_IPHONE_CENSUS/01_CMU_SIGNAL_PATHS.txt",541,YES,NO,NO,NO,"/root/Documents/TITAN FINAL/27.03/TITAN_Data_Room_v6_3_Automated/13_RISK/RISK-06_Operational_Risk.md"
"/root/CMU_IPHONE_CENSUS/01_CMU_SIGNAL_PATHS.txt",546,NO,YES,NO,NO,"/root/Documents/TITAN FINAL/27.03/TITAN_Data_Room_v6_3_Automated/06_CAPEX"
"/root/CMU_IPHONE_CENSUS/01_CMU_SIGNAL_PATHS.txt",547,NO,YES,NO,NO,"/root/Documents/TITAN FINAL/27.03/TITAN_Data_Room_v6_3_Automated/06_CAPEX/CAPEX-04_Construction_Timeline.md"
"/root/CMU_IPHONE_CENSUS/01_CMU_SIGNAL_PATHS.txt",548,NO,YES,NO,NO,"/root/Documents/TITAN FINAL/27.03/TITAN_Data_Room_v6_3_Automated/06_CAPEX/CAPEX-02_P90_CAPEX.md"
"/root/CMU_IPHONE_CENSUS/01_CMU_SIGNAL_PATHS.txt",549,NO,YES,NO,NO,"/root/Documents/TITAN FINAL/27.03/TITAN_Data_Room_v6_3_Automated/06_CAPEX/CAPEX-08_Civil_Works_Scope.md"
"/root/CMU_IPHONE_CENSUS/01_CMU_SIGNAL_PATHS.txt",550,NO,YES,NO,NO,"/root/Documents/TITAN FINAL/27.03/TITAN_Data_Room_v6_3_Automated/06_CAPEX/CAPEX-07_Expansion_CAPEX.md"
"/root/CMU_IPHONE_CENSUS/01_CMU_SIGNAL_PATHS.txt",551,NO,YES,NO,NO,"/root/Documents/TITAN FINAL/27.03/TITAN_Data_Room_v6_3_Automated/06_CAPEX/CAPEX-01_Detailed_CAPEX_Breakdown.md"
"/root/CMU_IPHONE_CENSUS/01_CMU_SIGNAL_PATHS.txt",552,NO,YES,NO,NO,"/root/Documents/TITAN FINAL/27.03/TITAN_Data_Room_v6_3_Automated/06_CAPEX/CAPEX-10_CAPEX_Assumptions_Register.md"
"/root/CMU_IPHONE_CENSUS/01_CMU_SIGNAL_PATHS.txt",553,NO,YES,NO,NO,"/root/Documents/TITAN FINAL/27.03/TITAN_Data_Room_v6_3_Automated/06_CAPEX/CAPEX-05_Contingency_Analysis.md"
"/root/CMU_IPHONE_CENSUS/01_CMU_SIGNAL_PATHS.txt",554,NO,YES,NO,NO,"/root/Documents/TITAN FINAL/27.03/TITAN_Data_Room_v6_3_Automated/06_CAPEX/CAPEX-03_Vendor_Quotes_Register.md"
"/root/CMU_IPHONE_CENSUS/01_CMU_SIGNAL_PATHS.txt",555,NO,YES,NO,NO,"/root/Documents/TITAN FINAL/27.03/TITAN_Data_Room_v6_3_Automated/06_CAPEX/CAPEX-06_IDC_Calculation.md"
"/root/CMU_IPHONE_CENSUS/01_CMU_SIGNAL_PATHS.txt",556,NO,YES,NO,NO,"/root/Documents/TITAN FINAL/27.03/TITAN_Data_Room_v6_3_Automated/06_CAPEX/CAPEX-09_Equipment_Scope.md"
"/root/CMU_IPHONE_CENSUS/01_CMU_SIGNAL_PATHS.txt",558,NO,YES,NO,NO,"/root/Documents/TITAN FINAL/27.03/TITAN_Data_Room_v6_3_Automated/16_HR/HR-06_Headcount_Model.md"
"/root/CMU_IPHONE_CENSUS/01_CMU_SIGNAL_PATHS.txt",564,NO,NO,NO,YES,"/root/Documents/TITAN FINAL/27.03/TITAN_Data_Room_v6_3_Automated/16_HR/HR-07_Health_and_Safety.md"
"/root/CMU_IPHONE_CENSUS/01_CMU_SIGNAL_PATHS.txt",568,NO,YES,NO,NO,"/root/Documents/TITAN FINAL/27.03/TITAN_Data_Room_v6_3_Automated/14_MONTE_CARLO/MC-02_Python_Model.md"
"/root/CMU_IPHONE_CENSUS/01_CMU_SIGNAL_PATHS.txt",569,NO,YES,NO,NO,"/root/Documents/TITAN FINAL/27.03/TITAN_Data_Room_v6_3_Automated/14_MONTE_CARLO/MC-06_Equity_Downside.md"
"/root/CMU_IPHONE_CENSUS/01_CMU_SIGNAL_PATHS.txt",570,NO,YES,NO,NO,"/root/Documents/TITAN FINAL/27.03/TITAN_Data_Room_v6_3_Automated/14_MONTE_CARLO/MC-04_DSCR_Distribution.md"
"/root/CMU_IPHONE_CENSUS/01_CMU_SIGNAL_PATHS.txt",585,NO,NO,YES,NO,"/root/Documents/TITAN FINAL/27.03/TITAN_Data_Room_v6_3_Automated/11_ESG/ESG-01_ESG_Strategy.md"
"/root/CMU_IPHONE_CENSUS/01_CMU_SIGNAL_PATHS.txt",590,NO,NO,YES,NO,"/root/Documents/TITAN FINAL/27.03/TITAN_Data_Room_v6_3_Automated/11_ESG/ESG-07_Governance_Framework.md"
"/root/CMU_IPHONE_CENSUS/01_CMU_SIGNAL_PATHS.txt",594,NO,YES,NO,NO,"/root/Documents/TITAN FINAL/27.03/TITAN_Data_Room_v6_3_Automated/07_FINANCIAL_MODEL"
"/root/CMU_IPHONE_CENSUS/01_CMU_SIGNAL_PATHS.txt",595,YES,YES,NO,NO,"/root/Documents/TITAN FINAL/27.03/TITAN_Data_Room_v6_3_Automated/07_FINANCIAL_MODEL/FIN-12_Grant_Integration_Model.md"
"/root/CMU_IPHONE_CENSUS/01_CMU_SIGNAL_PATHS.txt",596,NO,YES,NO,NO,"/root/Documents/TITAN FINAL/27.03/TITAN_Data_Room_v6_3_Automated/07_FINANCIAL_MODEL/FIN-07_LLCR_PLCR_Model.md"
"/root/CMU_IPHONE_CENSUS/01_CMU_SIGNAL_PATHS.txt",597,NO,YES,NO,NO,"/root/Documents/TITAN FINAL/27.03/TITAN_Data_Room_v6_3_Automated/07_FINANCIAL_MODEL/FIN-02_Assumptions_Book.md"
"/root/CMU_IPHONE_CENSUS/01_CMU_SIGNAL_PATHS.txt",598,NO,YES,NO,NO,"/root/Documents/TITAN FINAL/27.03/TITAN_Data_Room_v6_3_Automated/07_FINANCIAL_MODEL/FIN-04_CFADS_Model.md"
"/root/CMU_IPHONE_CENSUS/01_CMU_SIGNAL_PATHS.txt",599,NO,YES,NO,NO,"/root/Documents/TITAN FINAL/27.03/TITAN_Data_Room_v6_3_Automated/07_FINANCIAL_MODEL/FIN-05_Quarterly_Debt_Model.md"
"/root/CMU_IPHONE_CENSUS/01_CMU_SIGNAL_PATHS.txt",600,NO,YES,NO,NO,"/root/Documents/TITAN FINAL/27.03/TITAN_Data_Room_v6_3_Automated/07_FINANCIAL_MODEL/FIN-11_Working_Capital_Model.md"
"/root/CMU_IPHONE_CENSUS/01_CMU_SIGNAL_PATHS.txt",601,NO,YES,NO,NO,"/root/Documents/TITAN FINAL/27.03/TITAN_Data_Room_v6_3_Automated/07_FINANCIAL_MODEL/FIN-08_Sensitivity_Analysis.md"
"/root/CMU_IPHONE_CENSUS/01_CMU_SIGNAL_PATHS.txt",602,NO,YES,NO,NO,"/root/Documents/TITAN FINAL/27.03/TITAN_Data_Room_v6_3_Automated/07_FINANCIAL_MODEL/FIN-09_Scenario_Analysis.md"
"/root/CMU_IPHONE_CENSUS/01_CMU_SIGNAL_PATHS.txt",603,NO,YES,NO,NO,"/root/Documents/TITAN FINAL/27.03/TITAN_Data_Room_v6_3_Automated/07_FINANCIAL_MODEL/FIN-03_DSCR_Model.md"
"/root/CMU_IPHONE_CENSUS/01_CMU_SIGNAL_PATHS.txt",604,NO,YES,NO,NO,"/root/Documents/TITAN FINAL/27.03/TITAN_Data_Room_v6_3_Automated/07_FINANCIAL_MODEL/FIN-06_DSRA_Model.md"
"/root/CMU_IPHONE_CENSUS/01_CMU_SIGNAL_PATHS.txt",605,NO,YES,NO,NO,"/root/Documents/TITAN FINAL/27.03/TITAN_Data_Room_v6_3_Automated/07_FINANCIAL_MODEL/FIN-01_Central_Brain_Master_Model.md"
"/root/CMU_IPHONE_CENSUS/01_CMU_SIGNAL_PATHS.txt",606,NO,YES,NO,NO,"/root/Documents/TITAN FINAL/27.03/TITAN_Data_Room_v6_3_Automated/07_FINANCIAL_MODEL/FIN-10_Dashboard_Notes.md"
"/root/CMU_IPHONE_CENSUS/01_CMU_SIGNAL_PATHS.txt",607,YES,NO,NO,NO,"/root/Documents/TITAN FINAL/27.03/TITAN_Data_Room_v6_3_Automated/05_OPERATIONS"
"/root/CMU_IPHONE_CENSUS/01_CMU_SIGNAL_PATHS.txt",608,YES,NO,NO,NO,"/root/Documents/TITAN FINAL/27.03/TITAN_Data_Room_v6_3_Automated/05_OPERATIONS/OPS-04_Logistics_Plan.md"
"/root/CMU_IPHONE_CENSUS/01_CMU_SIGNAL_PATHS.txt",609,YES,NO,YES,NO,"/root/Documents/TITAN FINAL/27.03/TITAN_Data_Room_v6_3_Automated/05_OPERATIONS/OPS-05_Procurement_Strategy.md"
"/root/CMU_IPHONE_CENSUS/01_CMU_SIGNAL_PATHS.txt",610,YES,NO,NO,NO,"/root/Documents/TITAN FINAL/27.03/TITAN_Data_Room_v6_3_Automated/05_OPERATIONS/OPS-07_Maintenance_Plan.md"
"/root/CMU_IPHONE_CENSUS/01_CMU_SIGNAL_PATHS.txt",611,YES,NO,NO,NO,"/root/Documents/TITAN FINAL/27.03/TITAN_Data_Room_v6_3_Automated/05_OPERATIONS/OPS-02_OEE_Assumptions.md"
"/root/CMU_IPHONE_CENSUS/01_CMU_SIGNAL_PATHS.txt",612,YES,NO,NO,NO,"/root/Documents/TITAN FINAL/27.03/TITAN_Data_Room_v6_3_Automated/05_OPERATIONS/OPS-01_Production_Plan.md"
"/root/CMU_IPHONE_CENSUS/01_CMU_SIGNAL_PATHS.txt",613,YES,NO,NO,NO,"/root/Documents/TITAN FINAL/27.03/TITAN_Data_Room_v6_3_Automated/05_OPERATIONS/OPS-06_Inventory_Policy.md"
"/root/CMU_IPHONE_CENSUS/01_CMU_SIGNAL_PATHS.txt",614,YES,NO,NO,NO,"/root/Documents/TITAN FINAL/27.03/TITAN_Data_Room_v6_3_Automated/05_OPERATIONS/OPS-09_Ramp_Up_Plan.md"
"/root/CMU_IPHONE_CENSUS/01_CMU_SIGNAL_PATHS.txt",615,YES,NO,NO,NO,"/root/Documents/TITAN FINAL/27.03/TITAN_Data_Room_v6_3_Automated/05_OPERATIONS/OPS-10_KPI_Framework.md"
"/root/CMU_IPHONE_CENSUS/01_CMU_SIGNAL_PATHS.txt",616,YES,NO,NO,NO,"/root/Documents/TITAN FINAL/27.03/TITAN_Data_Room_v6_3_Automated/05_OPERATIONS/OPS-03_Supply_Chain_Map.md"
"/root/CMU_IPHONE_CENSUS/01_CMU_SIGNAL_PATHS.txt",617,YES,YES,NO,NO,"/root/Documents/TITAN FINAL/27.03/TITAN_Data_Room_v6_3_Automated/05_OPERATIONS/OPS-08_Shift_Model.md"
"/root/CMU_IPHONE_CENSUS/01_CMU_SIGNAL_PATHS.txt",621,NO,NO,NO,YES,"/root/Documents/TITAN FINAL/27.03/TITAN_Data_Room_v6_3_Automated/17_IT_SYSTEMS/IT-06_Backup_and_Recovery.md"
"/root/CMU_IPHONE_CENSUS/01_CMU_SIGNAL_PATHS.txt",623,YES,NO,NO,NO,"/root/Documents/TITAN FINAL/27.03/TITAN_Data_Room_v6_3_Automated/17_IT_SYSTEMS/IT-03_SCADA_Integration.md"
"/root/CMU_IPHONE_CENSUS/01_CMU_SIGNAL_PATHS.txt",629,NO,NO,YES,NO,"/root/Documents/TITAN FINAL/27.03/TITAN_Data_Room_v6_3_Automated/09_LEGAL/LEG-07_Corporate_Governance.md"
"/root/CMU_IPHONE_CENSUS/01_CMU_SIGNAL_PATHS.txt",631,YES,NO,NO,NO,"/root/Documents/TITAN FINAL/27.03/TITAN_Data_Room_v6_3_Automated/09_LEGAL/LEG-01_Company_Registration.md"
"/root/CMU_IPHONE_CENSUS/01_CMU_SIGNAL_PATHS.txt",649,NO,NO,YES,NO,"/root/Documents/TITAN FINAL/27.03/TITAN_Data_Room_v6_3_Automated/19_DATA_ROOM_LOG/LOG-03_Investor_Access_Log.csv"
"/root/CMU_IPHONE_CENSUS/01_CMU_SIGNAL_PATHS.txt",664,NO,YES,NO,NO,"/root/Documents/TITAN FINAL/27.03/TITAN_Data_Room_v6_3_Automated/08_FUNDING/FUND-05_Equity_Story.md"
"/root/CMU_IPHONE_CENSUS/01_CMU_SIGNAL_PATHS.txt",665,NO,YES,NO,NO,"/root/Documents/TITAN FINAL/27.03/TITAN_Data_Room_v6_3_Automated/08_FUNDING/FUND-08_Debt_Marketing_List.md"
"/root/CMU_IPHONE_CENSUS/01_CMU_SIGNAL_PATHS.txt",666,NO,NO,YES,NO,"/root/Documents/TITAN FINAL/27.03/TITAN_Data_Room_v6_3_Automated/08_FUNDING/FUND-07_Refinancing_Strategy.md"
"/root/CMU_IPHONE_CENSUS/01_CMU_SIGNAL_PATHS.txt",667,NO,YES,NO,NO,"/root/Documents/TITAN FINAL/27.03/TITAN_Data_Room_v6_3_Automated/08_FUNDING/FUND-02_Debt_Term_Sheet.md"
"/root/CMU_IPHONE_CENSUS/01_CMU_SIGNAL_PATHS.txt",668,NO,NO,YES,NO,"/root/Documents/TITAN FINAL/27.03/TITAN_Data_Room_v6_3_Automated/08_FUNDING/FUND-06_Co_Investment_Strategy.md"
"/root/CMU_IPHONE_CENSUS/01_CMU_SIGNAL_PATHS.txt",669,NO,NO,YES,NO,"/root/Documents/TITAN FINAL/27.03/TITAN_Data_Room_v6_3_Automated/08_FUNDING/FUND-04_Lender_Presentation_EBRD.md"
"/root/CMU_IPHONE_CENSUS/01_CMU_SIGNAL_PATHS.txt",670,NO,NO,YES,NO,"/root/Documents/TITAN FINAL/27.03/TITAN_Data_Room_v6_3_Automated/08_FUNDING/FUND-03_Lender_Presentation_EIB.md"
"/root/CMU_IPHONE_CENSUS/01_CMU_SIGNAL_PATHS.txt",672,NO,NO,YES,NO,"/root/Documents/TITAN FINAL/27.03/TITAN_Data_Room_v6_3_Automated/08_FUNDING/FUND-09_Lender_QA_Register.md"
"/root/CMU_IPHONE_CENSUS/01_CMU_SIGNAL_PATHS.txt",679,NO,YES,YES,NO,"/root/Documents/TITAN FINAL/27.03/TITAN_Central_Brain_v6_2_Lender_Model_FINAL.xlsx"
"/root/CMU_IPHONE_CENSUS/01_CMU_SIGNAL_PATHS.txt",687,NO,YES,NO,NO,"/root/Documents/TITAN FINAL/27.03/TITAN_Central_Brain_Finance_Master_v6_2.xlsx"
"/root/CMU_IPHONE_CENSUS/01_CMU_SIGNAL_PATHS.txt",688,NO,YES,NO,NO,"/root/Documents/TITAN FINAL/27.03/TITAN_Central_Brain_Finance_Master_v6_refresh.xlsx"
"/root/CMU_IPHONE_CENSUS/01_CMU_SIGNAL_PATHS.txt",691,NO,YES,YES,NO,"/root/Documents/TITAN FINAL/27.03/TITAN_Central_Brain_v6_1_Lender_Model.xlsx"
"/root/CMU_IPHONE_CENSUS/01_CMU_SIGNAL_PATHS.txt",700,NO,YES,NO,NO,"/root/Documents/0000000000000/vDR/Titan 1 and 2/TITAN_vE1_VOL08_CAPEX_RECONCILIATION_FORENSIC_SSOT.xlsx"
"/root/CMU_IPHONE_CENSUS/01_CMU_SIGNAL_PATHS.txt",706,NO,YES,NO,NO,"/root/Documents/0000000000000/DANASSSSS/TITAN_Grid_Model_v6_Clean.xlsx"
"/root/CMU_IPHONE_CENSUS/01_CMU_SIGNAL_PATHS.txt",714,NO,NO,YES,NO,"/root/Documents/0000000000000/DANASSSSS/ORG-001_TITAN_Grid_Governance_v4.xlsx"
"/root/CMU_IPHONE_CENSUS/01_CMU_SIGNAL_PATHS.txt",716,NO,NO,YES,NO,"/root/Documents/0000000000000/DANASSSSS/ORG-024_TITAN_Grid_Strategic_Expansion_v4.xlsx"
"/root/CMU_IPHONE_CENSUS/01_CMU_SIGNAL_PATHS.txt",718,NO,YES,NO,NO,"/root/Documents/0000000000000/DANASSSSS/TITAN_Grid_Financial_Model_v2_0.xlsx"
"/root/CMU_IPHONE_CENSUS/01_CMU_SIGNAL_PATHS.txt",724,NO,YES,NO,NO,"/root/Documents/0000000000000/DANASSSSS/TITAN_Central_Brain_Finance_Master_v6_1.xlsx"
"/root/CMU_IPHONE_CENSUS/01_CMU_SIGNAL_PATHS.txt",727,NO,NO,YES,NO,"/root/Documents/0000000000000/DANASSSSS/ORG-019_TITAN_Grid_Strategic_Deck_v4.xlsx"
"/root/CMU_IPHONE_CENSUS/01_CMU_SIGNAL_PATHS.txt",732,NO,YES,NO,NO,"/root/Documents/0000000000000/DANASSSSS/TITAN_Central_Brain_Finance_Master_v6_2 2.xlsx"
"/root/CMU_IPHONE_CENSUS/01_CMU_SIGNAL_PATHS.txt",735,NO,NO,YES,NO,"/root/Documents/0000000000000/DANASSSSS/Titan_Grid_Value_Proposition_v6_Board_Lender_Submission_Pack_clean.docx"
"/root/CMU_IPHONE_CENSUS/01_CMU_SIGNAL_PATHS.txt",737,NO,NO,YES,NO,"/root/Documents/0000000000000/DANASSSSS/ORG-007_TITAN_Grid_Strategic_Positioning_v4.xlsx"
"/root/CMU_IPHONE_CENSUS/01_CMU_SIGNAL_PATHS.txt",741,NO,YES,NO,NO,"/root/Documents/0000000000000/DANASSSSS/TITAN_vE1_VOL08_CAPEX_RECONCILIATION_FORENSIC_SSOT.xlsx"
"/root/CMU_IPHONE_CENSUS/01_CMU_SIGNAL_PATHS.txt",742,YES,YES,NO,NO,"/root/Documents/0000000000000/DANASSSSS/TITAN_model_full_integration.xlsx"
"/root/CMU_IPHONE_CENSUS/01_CMU_SIGNAL_PATHS.txt",746,NO,NO,YES,NO,"/root/Documents/0000000000000/DANASSSSS/Titan_Grid_v6_2_Live_Lender_Linkage_Pack.xlsx"
"/root/CMU_IPHONE_CENSUS/01_CMU_SIGNAL_PATHS.txt",747,NO,YES,NO,NO,"/root/Documents/0000000000000/DANASSSSS/TITAN_Grid_Financial_Model_CSV_Exports.zip"
"/root/CMU_IPHONE_CENSUS/01_CMU_SIGNAL_PATHS.txt",754,NO,NO,YES,NO,"/root/Documents/0000000000000/DANASSSSS/TITAN_GRID_v5_Full_Lender_Closing_Book.pdf"
"/root/CMU_IPHONE_CENSUS/01_CMU_SIGNAL_PATHS.txt",778,YES,YES,NO,NO,"/root/Documents/Titan grid/Prezentacija/Nove kalkulacija  24.03/ARS_Full_v3_Project_Finance_Model_v3_1_recalculated.xlsx"
"/root/CMU_IPHONE_CENSUS/01_CMU_SIGNAL_PATHS.txt",779,NO,YES,NO,NO,"/root/Documents/Titan grid/Prezentacija/Nove kalkulacija  24.03/Titan_Grid_Full_Financial_Model_v3.4_20260324_2335.xlsx"
"/root/CMU_IPHONE_CENSUS/01_CMU_SIGNAL_PATHS.txt",780,NO,NO,YES,NO,"/root/Documents/Titan grid/Prezentacija/Nove kalkulacija  24.03/TITAN_Grid_Lender_Pack_v1.xlsx"
"/root/CMU_IPHONE_CENSUS/01_CMU_SIGNAL_PATHS.txt",791,NO,YES,NO,NO,"/root/Documents/Titan grid/Prezentacija/Nove kalkulacija  24.03/25.03/Titan_Grid_v52_Data_Room_Ready/01_Model"
"/root/CMU_IPHONE_CENSUS/01_CMU_SIGNAL_PATHS.txt",792,NO,YES,NO,NO,"/root/Documents/Titan grid/Prezentacija/Nove kalkulacija  24.03/25.03/Titan_Grid_v52_Data_Room_Ready/01_Model/Titan_Grid_v52_Credit_Committee_Pack.xlsx"
"/root/CMU_IPHONE_CENSUS/01_CMU_SIGNAL_PATHS.txt",793,NO,NO,YES,NO,"/root/Documents/Titan grid/Prezentacija/Nove kalkulacija  24.03/25.03/ars_institutional_template_pack.xlsx"
"/root/CMU_IPHONE_CENSUS/01_CMU_SIGNAL_PATHS.txt",796,YES,YES,NO,NO,"/root/Documents/Titan grid/Prezentacija/Nove kalkulacija  24.03/25.03/CAPEX_Working_UNI_MAK_v4_5_1_forensic_calibration_patch.xlsx"
"/root/CMU_IPHONE_CENSUS/01_CMU_SIGNAL_PATHS.txt",798,NO,NO,YES,NO,"/root/Documents/Titan grid/Prezentacija/Nove kalkulacija  24.03/25.03/TITAN_LIVE_CONTROL_TOWER_SYSTEM_v6_Lender_Tracker.xlsx"
"/root/CMU_IPHONE_CENSUS/01_CMU_SIGNAL_PATHS.txt",799,NO,YES,NO,NO,"/root/Documents/Titan grid/Prezentacija/Nove kalkulacija  24.03/25.03/Titan_Grid_v47_Model.xlsx"
"/root/CMU_IPHONE_CENSUS/01_CMU_SIGNAL_PATHS.txt",800,NO,NO,YES,NO,"/root/Documents/Titan grid/Prezentacija/Nove kalkulacija  24.03/25.03/Lender_Data_Room_Pack.xlsx"
"/root/CMU_IPHONE_CENSUS/01_CMU_SIGNAL_PATHS.txt",802,YES,NO,NO,NO,"/root/Documents/Titan grid/Prezentacija/Nove kalkulacija  24.03/25.03/TITAN_v47_Calibration_Patch.xlsx"
"/root/CMU_IPHONE_CENSUS/01_CMU_SIGNAL_PATHS.txt",805,NO,NO,YES,NO,"/root/Documents/Titan grid/Prezentacija/Nove kalkulacija  24.03/25.03/Titan_Grid_v4_5_Lender_Submission_Pack.xlsx"
"/root/CMU_IPHONE_CENSUS/01_CMU_SIGNAL_PATHS.txt",806,NO,NO,YES,NO,"/root/Documents/Titan grid/Prezentacija/Nove kalkulacija  24.03/25.03/Lender_Data_Room_Pack_LinkReady.xlsx"
"/root/CMU_IPHONE_CENSUS/01_CMU_SIGNAL_PATHS.txt",808,NO,YES,NO,NO,"/root/Documents/Titan grid/Prezentacija/Nove kalkulacija  24.03/25.03/CAPEX_Titan_Bank_Grade_v4_5.xlsx"
"/root/CMU_IPHONE_CENSUS/01_CMU_SIGNAL_PATHS.txt",812,NO,YES,NO,NO,"/root/Documents/Titan grid/Prezentacija/Nove kalkulacija  24.03/25.03/Titan_Grid_True_Bank_Model_Layer_v4_6_1.xlsx"
"/root/CMU_IPHONE_CENSUS/01_CMU_SIGNAL_PATHS.txt",821,NO,YES,NO,NO,"/root/Documents/Titan grid/Prezentacija/Nove kalkulacija  24.03/25.03/CAPEX_Working_UNI_MAK_v4_5_DSCR_ENGINE.xlsx"
"/root/CMU_IPHONE_CENSUS/01_CMU_SIGNAL_PATHS.txt",822,NO,YES,NO,NO,"/root/Documents/Titan grid/Prezentacija/Nove kalkulacija  24.03/25.03/ARS_EU_GRANT_MASTER_FILE_Reconstructed.xlsx"
"/root/CMU_IPHONE_CENSUS/01_CMU_SIGNAL_PATHS.txt",823,NO,YES,NO,NO,"/root/Documents/Titan grid/Prezentacija/Nove kalkulacija  24.03/25.03/MAREL_Titan_Smart_Model.xlsx"
"/root/CMU_IPHONE_CENSUS/01_CMU_SIGNAL_PATHS.txt",824,NO,NO,YES,NO,"/root/Documents/Titan grid/Prezentacija/Nove kalkulacija  24.03/25.03/ars_document_system_v1_lender_grade.xlsx"
"/root/CMU_IPHONE_CENSUS/01_CMU_SIGNAL_PATHS.txt",827,NO,NO,YES,NO,"/root/Documents/Titan grid/Prezentacija/Nove kalkulacija  24.03/25.03/EU_Institutional_Form_Template_Advanced.xlsx"
"/root/CMU_IPHONE_CENSUS/01_CMU_SIGNAL_PATHS.txt",830,YES,YES,NO,NO,"/root/Documents/Titan grid/Prezentacija/Nove kalkulacija  24.03/25.03/Titan_Grid_v4_5_Full_Formula_Linked_Bank_Model.xlsx"
"/root/CMU_IPHONE_CENSUS/01_CMU_SIGNAL_PATHS.txt",836,NO,NO,YES,NO,"/root/Documents/Titan grid/Prezentacija/Nove kalkulacija  24.03/25.03/TITAN_Investor_Pack.pptx"
"/root/CMU_IPHONE_CENSUS/01_CMU_SIGNAL_PATHS.txt",841,NO,NO,YES,NO,"/root/Documents/Titan grid/Prezentacija/Nove kalkulacija  24.03/TITAN_Lender_QA_and_Negotiation.xlsx"
"/root/CMU_IPHONE_CENSUS/01_CMU_SIGNAL_PATHS.txt",845,NO,YES,YES,NO,"/root/Documents/Titan grid/Prezentacija/Nove kalkulacija  24.03/TITAN_Lender_Model_v1.0_LOCKED_20260324.xlsx"
"/root/CMU_IPHONE_CENSUS/01_CMU_SIGNAL_PATHS.txt",849,NO,NO,YES,NO,"/root/Documents/Titan grid/Prezentacija/Nove kalkulacija  24.03/TITAN_Lender_QA_Tracker_v2_UPGRADED.xlsx"
"/root/CMU_IPHONE_CENSUS/01_CMU_SIGNAL_PATHS.txt",851,NO,YES,NO,NO,"/root/Documents/Titan grid/Prezentacija/Nove kalkulacija  24.03/TITAN_Full_Bank_Model_v1.0_20260325.xlsx"
"/root/CMU_IPHONE_CENSUS/01_CMU_SIGNAL_PATHS.txt",852,NO,YES,NO,NO,"/root/Documents/Titan grid/Prezentacija/Nove kalkulacija  24.03/TITAN_Grid_Bank_Model_v3_0.xlsx"
"/root/CMU_IPHONE_CENSUS/01_CMU_SIGNAL_PATHS.txt",853,NO,YES,NO,NO,"/root/Documents/Titan grid/Prezentacija/Nove kalkulacija  24.03/TITAN_DSCR_Covenant_Model.xlsx"
"/root/CMU_IPHONE_CENSUS/01_CMU_SIGNAL_PATHS.txt",855,NO,YES,NO,NO,"/root/Documents/Titan grid/Prezentacija/Nove kalkulacija  24.03/Titan_Grid_v4_Bank_Debt_Engine.xlsx"
"/root/CMU_IPHONE_CENSUS/01_CMU_SIGNAL_PATHS.txt",858,NO,YES,NO,NO,"/root/Documents/Titan grid/Prezentacija/Nove kalkulacija  24.03/TITAN_Grid_Financial_Model_v1.xlsx"
"/root/CMU_IPHONE_CENSUS/01_CMU_SIGNAL_PATHS.txt",859,NO,YES,NO,NO,"/root/Documents/Titan grid/Prezentacija/Nove kalkulacija  24.03/TITAN_GRID_v4_5_Financial_Model.xlsx"
"/root/CMU_IPHONE_CENSUS/01_CMU_SIGNAL_PATHS.txt",863,NO,YES,NO,NO,"/root/Documents/Titan grid/Prezentacija/Nove kalkulacija  24.03/Titan_Grid_Bank_Ready_Model.xlsx"
"/root/CMU_IPHONE_CENSUS/01_CMU_SIGNAL_PATHS.txt",864,NO,YES,NO,NO,"/root/Documents/Titan grid/Prezentacija/Nove kalkulacija  24.03/TITAN_Grid_IFI_Grade_Model.xlsx"
"/root/CMU_IPHONE_CENSUS/01_CMU_SIGNAL_PATHS.txt",866,NO,YES,NO,NO,"/root/Documents/Titan grid/Prezentacija/Nove kalkulacija  24.03/Titan_Grid_Debt_Input_Checklist.xlsx"
"/root/CMU_IPHONE_CENSUS/01_CMU_SIGNAL_PATHS.txt",867,NO,NO,YES,NO,"/root/Documents/Titan grid/Prezentacija/Nove kalkulacija  24.03/TITAN_Lender_Response_Auto_Engine_v1.xlsx"
"/root/CMU_IPHONE_CENSUS/01_CMU_SIGNAL_PATHS.txt",868,NO,NO,YES,NO,"/root/Documents/Titan grid/Prezentacija/Nove kalkulacija  24.03/Titan_Grid_Investor_Pack.xlsx"
"/root/CMU_IPHONE_CENSUS/01_CMU_SIGNAL_PATHS.txt",870,NO,YES,NO,NO,"/root/Documents/Titan grid/Prezentacija/Nove kalkulacija  24.03/Titan_Grid_Master_Checklist_and_Debt_Model.xlsx"
"/root/CMU_IPHONE_CENSUS/01_CMU_SIGNAL_PATHS.txt",871,NO,YES,NO,NO,"/root/Documents/Titan grid/Prezentacija/Nove kalkulacija  24.03/TITAN_GRID_v22_Model.xlsx"
"/root/CMU_IPHONE_CENSUS/01_CMU_SIGNAL_PATHS.txt",872,NO,YES,NO,NO,"/root/Documents/Titan grid/Prezentacija/Nove kalkulacija  24.03/Titan_Grid_BankReady_Model.xlsx"
"/root/CMU_IPHONE_CENSUS/01_CMU_SIGNAL_PATHS.txt",873,NO,YES,NO,YES,"/root/Documents/Titan grid/Prezentacija/Nove kalkulacija  24.03/ARS_CAPEX_Civil_Packages_v1.1_Harmonized_FINAL_FIXED.xlsx"
"/root/CMU_IPHONE_CENSUS/01_CMU_SIGNAL_PATHS.txt",890,NO,YES,NO,NO,"/root/Documents/Titan grid/Prezentacija/Nove kalkulacija  24.03/ADS_Metal_Karadag_v3_2_Full_Model.xlsx"
"/root/CMU_IPHONE_CENSUS/01_CMU_SIGNAL_PATHS.txt",891,NO,NO,YES,NO,"/root/Documents/Titan grid/Prezentacija/Nove kalkulacija  24.03/Titan_Grid_Lender_Grade_v45.xlsx"
"/root/CMU_IPHONE_CENSUS/01_CMU_SIGNAL_PATHS.txt",893,NO,YES,NO,NO,"/root/Documents/Titan grid/Prezentacija/Nove kalkulacija  24.03/TITAN_Full_Bank_Model_v2.0_20260325.xlsx"
"/root/CMU_IPHONE_CENSUS/01_CMU_SIGNAL_PATHS.txt",894,NO,YES,NO,NO,"/root/Documents/Titan grid/Prezentacija/Nove kalkulacija  24.03/titan_grid_model.xlsx"
"/root/CMU_IPHONE_CENSUS/01_CMU_SIGNAL_PATHS.txt",895,NO,YES,NO,NO,"/root/Documents/Titan grid/Prezentacija/Nove kalkulacija  24.03/CAPEX_FULL_V2_BANK_MODEL_HARMONIZED_v20.xlsx"
"/root/CMU_IPHONE_CENSUS/01_CMU_SIGNAL_PATHS.txt",896,NO,YES,NO,YES,"/root/Documents/Titan grid/Prezentacija/Nove kalkulacija  24.03/Titan_Grid_Fully_Linked_Project_Finance_Model_v3_4_FIXED.xlsx"
"/root/CMU_IPHONE_CENSUS/01_CMU_SIGNAL_PATHS.txt",897,NO,YES,NO,NO,"/root/Documents/Titan grid/Prezentacija/Nove kalkulacija  24.03/Titan_Grid_Bank_Grade_Model_v1.xlsx"
"/root/CMU_IPHONE_CENSUS/01_CMU_SIGNAL_PATHS.txt",903,NO,YES,NO,NO,"/root/Documents/Titan grid/Onur/01.1_DSCR.pdf"
"/root/CMU_IPHONE_CENSUS/01_CMU_SIGNAL_PATHS.txt",904,NO,YES,NO,NO,"/root/Documents/Titan grid/Onur/FIN-2.5 ENERGETSKA ARBITRAŽA I SOLARNI PRINOS (LCOE MODEL).pdf"
"/root/CMU_IPHONE_CENSUS/01_CMU_SIGNAL_PATHS.txt",907,NO,YES,YES,NO,"/root/Documents/Titan grid/Onur/FIN-2.2 CAPEX Schedule – Capital Deployment Strategy.pdf"
"/root/CMU_IPHONE_CENSUS/01_CMU_SIGNAL_PATHS.txt",908,NO,YES,YES,NO,"/root/Documents/Titan grid/Onur/FIN-2.2 CAPEX Schedule – Capital Deployment Strategy..pdf"
"/root/CMU_IPHONE_CENSUS/01_CMU_SIGNAL_PATHS.txt",912,NO,YES,NO,NO,"/root/Documents/Titan grid/Onur/FIN-2.2 CAPEX Schedule .pdf"
"/root/CMU_IPHONE_CENSUS/01_CMU_SIGNAL_PATHS.txt",929,NO,YES,NO,NO,"/root/Documents/FINAL_SEND_PACKAGE_TITAN1_2026-05-10/ANEKS_1_REVIZIJA_CAPEX_TITAN1_v4_2026-05-10.docx"
"/root/CMU_IPHONE_CENSUS/01_CMU_SIGNAL_PATHS.txt",930,NO,YES,NO,NO,"/root/Documents/FINAL_SEND_PACKAGE_TITAN1_2026-05-10/ANEKS_1_REVIZIJA_CAPEX_TITAN1_2026-05-10.docx"
"/root/CMU_IPHONE_CENSUS/01_CMU_SIGNAL_PATHS.txt",933,NO,YES,YES,NO,"/root/Documents/FINAL_SEND_PACKAGE_TITAN1_2026-05-10/ANEKS_1_REVIZIJA_CAPEX_TITAN1_INSTITUTIONAL_ULTRA_2026-05-10.docx"
"/root/CMU_IPHONE_CENSUS/01_CMU_SIGNAL_PATHS.txt",940,NO,YES,NO,NO,"/root/Documents/ANEKS_1_REVIZIJA_CAPEX_TITAN1_EU_BRAND_2026-05-10.docx"
"/root/CMU_IPHONE_CENSUS/01_CMU_SIGNAL_PATHS.txt",942,NO,YES,NO,NO,"/root/Documents/ANEKS_1_REVIZIJA_CAPEX_TITAN1_FINAL_2026-05-10.docx"
"/root/CMU_IPHONE_CENSUS/01_CMU_SIGNAL_PATHS.txt",944,NO,YES,NO,NO,"/root/Documents/ANEKS_1_REVIZIJA_CAPEX_TITAN1_PROFESSIONAL_FINAL_2026-05-10.docx"
"/root/CMU_IPHONE_CENSUS/01_CMU_SIGNAL_PATHS.txt",946,NO,YES,YES,NO,"/root/Documents/ANEKS_1_REVIZIJA_CAPEX_TITAN1_INSTITUTIONAL_ULTRA_2026-05-10.docx"
"/root/CMU_IPHONE_CENSUS/01_CMU_SIGNAL_PATHS.txt",949,NO,NO,YES,NO,"/root/Documents/.Trash/TITAN_FORENSIC_REVISION_MASTER_v33_GOVERNANCE_JSON_ARTIFACT_PACK.docx"
"/root/CMU_IPHONE_CENSUS/01_CMU_SIGNAL_PATHS.txt",952,NO,NO,YES,NO,"/root/Documents/.Trash/TITAN_GOVERNANCE_JSON_STARTER_PACK_v1 2.zip"
"/root/CMU_IPHONE_CENSUS/01_CMU_SIGNAL_PATHS.txt",953,NO,YES,NO,NO,"/root/Documents/.Trash/ANEKS_1_REVIZIJA_CAPEX_TITAN1_IMPROVED_2026-05-10.docx"
"/root/CMU_IPHONE_CENSUS/01_CMU_SIGNAL_PATHS.txt",956,NO,YES,NO,NO,"/root/Documents/.Trash/TITAN_Central_Brain_Finance_Master_v6_1.xlsx"
"/root/CMU_IPHONE_CENSUS/01_CMU_SIGNAL_PATHS.txt",957,NO,NO,YES,NO,"/root/Documents/.Trash/TITAN_GOVERNANCE_JSON_STARTER_PACK_v1.zip"
"/root/CMU_IPHONE_CENSUS/01_CMU_SIGNAL_PATHS.txt",959,NO,YES,NO,NO,"/root/Documents/.Trash/ANEKS_1_REVIZIJA_CAPEX_TITAN1_v4_2026-05-10.docx"
"/root/CMU_IPHONE_CENSUS/01_CMU_SIGNAL_PATHS.txt",961,NO,YES,NO,NO,"/root/Documents/.Trash/ANEKS_1_REVIZIJA_CAPEX_TITAN1_2026-05-10.docx"
"/root/CMU_IPHONE_CENSUS/01_CMU_SIGNAL_PATHS.txt",962,NO,YES,YES,NO,"/root/Documents/.Trash/ANEKS_1_REVIZIJA_CAPEX_TITAN1_INSTITUTIONAL_FINAL_2026-05-10.docx"
"/root/CMU_IPHONE_CENSUS/01_CMU_SIGNAL_PATHS.txt",967,NO,YES,NO,NO,"/root/Documents/.Trash/ANEKS_1_REVIZIJA_CAPEX_TITAN1_EU_BRAND_2026-05-10.docx"
"/root/CMU_IPHONE_CENSUS/01_CMU_SIGNAL_PATHS.txt",968,NO,NO,YES,NO,"/root/Documents/.Trash/Titan_Grid_v6_2_Live_Lender_Linkage_Pack.xlsx"
"/root/CMU_IPHONE_CENSUS/01_CMU_SIGNAL_PATHS.txt",969,NO,YES,NO,NO,"/root/Documents/.Trash/TITAN_Grid_Financial_Model_CSV_Exports.zip"
"/root/CMU_IPHONE_CENSUS/01_CMU_SIGNAL_PATHS.txt",970,NO,YES,NO,NO,"/root/Documents/.Trash/ANEKS_1_REVIZIJA_CAPEX_TITAN1_FINAL_2026-05-10.docx"
"/root/CMU_IPHONE_CENSUS/01_CMU_SIGNAL_PATHS.txt",971,NO,YES,NO,NO,"/root/Documents/.Trash/ANEKS_1_REVIZIJA_CAPEX_TITAN1_PROFESSIONAL_FINAL_2026-05-10.docx"
"/root/CMU_IPHONE_CENSUS/01_CMU_SIGNAL_PATHS.txt",973,NO,YES,YES,NO,"/root/Documents/.Trash/ANEKS_1_REVIZIJA_CAPEX_TITAN1_INSTITUTIONAL_ULTRA_2026-05-10.docx"
"/root/CMU_IPHONE_CENSUS/01_CMU_SIGNAL_PATHS.txt",975,NO,NO,YES,NO,"/root/Documents/.Trash/TITAN_GRID_v5_Full_Lender_Closing_Book.pdf"
"/root/CMU_IPHONE_CENSUS/01_CMU_SIGNAL_PATHS.txt",976,NO,YES,NO,NO,"/root/Documents/.Trash/ANEKS_1_REVIZIJA_CAPEX_TITAN1_EU_FOOTER_2026-05-10.docx"
"/root/CMU_IPHONE_CENSUS/01_CMU_SIGNAL_PATHS.txt",979,NO,YES,NO,NO,"/root/Documents/003. PPP/TITAN_Execution_Control_Model.xlsx"
"/root/CMU_IPHONE_CENSUS/01_CMU_SIGNAL_PATHS.txt",983,NO,NO,YES,NO,"/root/Documents/003. PPP/TITAN_GRID_Decision_Brief.pdf"
"/root/CMU_IPHONE_CENSUS/01_CMU_SIGNAL_PATHS.txt",984,NO,NO,YES,NO,"/root/Documents/003. PPP/TITAN_GRID_Decision_Brief_v1.6.pdf"
"/root/CMU_IPHONE_CENSUS/01_CMU_SIGNAL_PATHS.txt",987,NO,YES,NO,NO,"/root/Documents/ANEKS_1_REVIZIJA_CAPEX_TITAN1_EU_FOOTER_2026-05-10.docx"
"/root/CMU_IPHONE_CENSUS/01_CMU_SIGNAL_PATHS.txt",1176,NO,NO,YES,NO,"/root/DELTA_LENOVO_CENTRAL/40_STEP_PROTOCOL/STEP_07_FUNCTION_CLASSIFICATION/STEP_07_SAFE_GOVERNANCE_FUNCTIONS.txt"
"/root/CMU_IPHONE_CENSUS/01_CMU_SIGNAL_PATHS.txt",1179,NO,NO,YES,NO,"/root/DELTA_LENOVO_CENTRAL/40_STEP_PROTOCOL/STEP_05_GOVERNANCE_EXTRACTION"
"/root/CMU_IPHONE_CENSUS/01_CMU_SIGNAL_PATHS.txt",1180,NO,NO,YES,NO,"/root/DELTA_LENOVO_CENTRAL/40_STEP_PROTOCOL/STEP_05_GOVERNANCE_EXTRACTION/STEP_05_CORE_GOVERNANCE_FUNCTIONS.txt"
"/root/CMU_IPHONE_CENSUS/01_CMU_SIGNAL_PATHS.txt",1181,NO,NO,YES,NO,"/root/DELTA_LENOVO_CENTRAL/40_STEP_PROTOCOL/STEP_05_GOVERNANCE_EXTRACTION/STEP_05_GOVERNANCE_SIGNALS.txt"
"/root/CMU_IPHONE_CENSUS/01_CMU_SIGNAL_PATHS.txt",1182,NO,NO,YES,NO,"/root/DELTA_LENOVO_CENTRAL/40_STEP_PROTOCOL/STEP_05_GOVERNANCE_EXTRACTION/STEP_05_STATUS.txt"
"/root/CMU_IPHONE_CENSUS/02_IMPORTANT_CONTROL_FILES.txt",112,NO,NO,NO,YES,"/usr/lib/gcc/i586-alpine-linux-musl/10.3.1/include-fixed/README"
"/root/CMU_IPHONE_CENSUS/02_IMPORTANT_CONTROL_FILES.txt",130,NO,YES,NO,NO,"/usr/lib/python3.9/site-packages/pip/_internal/models/index.py"
"/root/CMU_IPHONE_CENSUS/02_IMPORTANT_CONTROL_FILES.txt",131,NO,YES,NO,NO,"/usr/lib/python3.9/site-packages/pip/_internal/models/__pycache__/index.cpython-39.pyc"
"/root/CMU_IPHONE_CENSUS/02_IMPORTANT_CONTROL_FILES.txt",182,NO,YES,NO,NO,"/root/Documents/Exeli/ARS_CAPEX_Civil_Packages_v1.1_Harmonized_FINAL.xlsx"
"/root/CMU_IPHONE_CENSUS/02_IMPORTANT_CONTROL_FILES.txt",186,YES,NO,NO,NO,"/root/Documents/003 DELTA/TITAN_98_99_100_Final_Orchestration_Boundary_v1.zip"
"/root/CMU_IPHONE_CENSUS/02_IMPORTANT_CONTROL_FILES.txt",187,NO,NO,YES,NO,"/root/Documents/003 DELTA/001. Skripte manual/Novo 1/Novo 2/TITAN_FORENSIC_REVISION_MASTER_v29_FINAL_CONSOLIDATED_INDEX_ROADMAP.docx"
"/root/CMU_IPHONE_CENSUS/02_IMPORTANT_CONTROL_FILES.txt",212,NO,YES,NO,NO,"/root/Documents/Drive dokumenta /ARS_FINAL_HARMONIZED_MODEL.xlsx"
"/root/CMU_IPHONE_CENSUS/02_IMPORTANT_CONTROL_FILES.txt",213,NO,YES,YES,NO,"/root/Documents/ANEKS_1_REVIZIJA_CAPEX_TITAN1_INSTITUTIONAL_FINAL_2026-05-10.docx"
"/root/CMU_IPHONE_CENSUS/02_IMPORTANT_CONTROL_FILES.txt",214,YES,NO,YES,NO,"/root/Documents/01. DELTA REAL-TIME SSOT GENERATION POPLINE /README_DELTA_SSOT_SIGNAL_TO_DOCUMENT_GOVERNANCE_MAP.md"
"/root/CMU_IPHONE_CENSUS/02_IMPORTANT_CONTROL_FILES.txt",253,NO,YES,NO,NO,"/root/Documents/TITAN FINAL/Arhiva informacija/07. Gemini analize/Strateški model akvizicije ECO-a.pdf"
"/root/CMU_IPHONE_CENSUS/02_IMPORTANT_CONTROL_FILES.txt",272,NO,NO,YES,NO,"/root/Documents/TITAN FINAL/Arhiva informacija/06. Chek documents /Influence_Strategy_Combined.xlsx"
"/root/CMU_IPHONE_CENSUS/02_IMPORTANT_CONTROL_FILES.txt",328,NO,YES,NO,NO,"/root/Documents/TITAN FINAL/28.03/VBA Script Review: DSCR & IRR Calculator.docx"
"/root/CMU_IPHONE_CENSUS/02_IMPORTANT_CONTROL_FILES.txt",336,NO,NO,YES,NO,"/root/Documents/TITAN FINAL/03.03/TITAN_Central_Brain_Governance_Export.xlsx"
"/root/CMU_IPHONE_CENSUS/02_IMPORTANT_CONTROL_FILES.txt",341,NO,YES,NO,NO,"/root/Documents/TITAN FINAL/03.03/TITAN_IC_Pack_v2_LiveModel.pptx"
"/root/CMU_IPHONE_CENSUS/02_IMPORTANT_CONTROL_FILES.txt",344,NO,YES,NO,NO,"/root/Documents/TITAN FINAL/03.03/TITAN_Central_Brain_Finance_Master_v6_1.xlsx"
"/root/CMU_IPHONE_CENSUS/02_IMPORTANT_CONTROL_FILES.txt",346,NO,YES,YES,NO,"/root/Documents/TITAN FINAL/03.03/TITAN_Central_Brain_v7_2_Lender_Model.xlsx"
"/root/CMU_IPHONE_CENSUS/02_IMPORTANT_CONTROL_FILES.txt",347,NO,YES,NO,NO,"/root/Documents/TITAN FINAL/03.03/TITAN_Central_Brain_Finance_Master_v6_2 2.xlsx"
"/root/CMU_IPHONE_CENSUS/02_IMPORTANT_CONTROL_FILES.txt",349,NO,NO,YES,NO,"/root/Documents/TITAN FINAL/03.03/TITAN_Central_Brain_v6_2_Lender_Grade.xlsx"
"/root/CMU_IPHONE_CENSUS/02_IMPORTANT_CONTROL_FILES.txt",351,NO,YES,NO,NO,"/root/Documents/TITAN FINAL/03.03/TITAN_Central_Brain_Finance_Master_v6_2.xlsx"
"/root/CMU_IPHONE_CENSUS/02_IMPORTANT_CONTROL_FILES.txt",352,NO,YES,NO,NO,"/root/Documents/TITAN FINAL/03.03/bank_grade_eco_ars_3tab_model.xlsx"
"/root/CMU_IPHONE_CENSUS/02_IMPORTANT_CONTROL_FILES.txt",353,YES,YES,NO,NO,"/root/Documents/TITAN FINAL/03.03/TITAN_model_full_integration.xlsx"
"/root/CMU_IPHONE_CENSUS/02_IMPORTANT_CONTROL_FILES.txt",360,NO,YES,NO,NO,"/root/Documents/TITAN FINAL/03.03/ECO_Transformer_Bank_Grade_Sensitivity_Model_v1.xlsx"
"/root/CMU_IPHONE_CENSUS/02_IMPORTANT_CONTROL_FILES.txt",363,NO,NO,YES,NO,"/root/Documents/TITAN FINAL/27.03/TITAN_Central_Brain_v6_1_Institutional.xlsx"
"/root/CMU_IPHONE_CENSUS/02_IMPORTANT_CONTROL_FILES.txt",365,NO,YES,NO,NO,"/root/Documents/TITAN FINAL/27.03/TITAN_Data_Room_v6_3_Automated/12_GRANTS"
"/root/CMU_IPHONE_CENSUS/02_IMPORTANT_CONTROL_FILES.txt",366,NO,YES,NO,NO,"/root/Documents/TITAN FINAL/27.03/TITAN_Data_Room_v6_3_Automated/12_GRANTS/GR-03_WBIF_Eligibility.md"
"/root/CMU_IPHONE_CENSUS/02_IMPORTANT_CONTROL_FILES.txt",367,NO,YES,NO,NO,"/root/Documents/TITAN FINAL/27.03/TITAN_Data_Room_v6_3_Automated/12_GRANTS/GR-05_Turkey_Industrial_Support.md"
"/root/CMU_IPHONE_CENSUS/02_IMPORTANT_CONTROL_FILES.txt",368,NO,YES,NO,NO,"/root/Documents/TITAN FINAL/27.03/TITAN_Data_Room_v6_3_Automated/12_GRANTS/GR-09_Grant_Risk_Register.md"
"/root/CMU_IPHONE_CENSUS/02_IMPORTANT_CONTROL_FILES.txt",369,NO,YES,NO,NO,"/root/Documents/TITAN FINAL/27.03/TITAN_Data_Room_v6_3_Automated/12_GRANTS/GR-04_Montenegro_Incentives.md"
"/root/CMU_IPHONE_CENSUS/02_IMPORTANT_CONTROL_FILES.txt",370,NO,YES,NO,NO,"/root/Documents/TITAN FINAL/27.03/TITAN_Data_Room_v6_3_Automated/12_GRANTS/GR-08_Grant_Document_Checklist.md"
"/root/CMU_IPHONE_CENSUS/02_IMPORTANT_CONTROL_FILES.txt",371,NO,YES,NO,NO,"/root/Documents/TITAN FINAL/27.03/TITAN_Data_Room_v6_3_Automated/12_GRANTS/GR-07_Grant_Compliance.md"
"/root/CMU_IPHONE_CENSUS/02_IMPORTANT_CONTROL_FILES.txt",372,NO,YES,NO,NO,"/root/Documents/TITAN FINAL/27.03/TITAN_Data_Room_v6_3_Automated/12_GRANTS/GR-06_Grant_Timing_Model.md"
"/root/CMU_IPHONE_CENSUS/02_IMPORTANT_CONTROL_FILES.txt",373,NO,YES,YES,NO,"/root/Documents/TITAN FINAL/27.03/TITAN_Data_Room_v6_3_Automated/12_GRANTS/GR-01_Grant_Strategy_Overview.md"
"/root/CMU_IPHONE_CENSUS/02_IMPORTANT_CONTROL_FILES.txt",374,NO,YES,NO,NO,"/root/Documents/TITAN FINAL/27.03/TITAN_Data_Room_v6_3_Automated/12_GRANTS/GR-02_EU_IPA_Documentation.md"
"/root/CMU_IPHONE_CENSUS/02_IMPORTANT_CONTROL_FILES.txt",390,NO,YES,NO,NO,"/root/Documents/TITAN FINAL/27.03/TITAN_Data_Room_v6_3_Automated/18_AUDIT/AUD-04_Model_Audit_Report.md"
"/root/CMU_IPHONE_CENSUS/02_IMPORTANT_CONTROL_FILES.txt",412,YES,NO,YES,NO,"/root/Documents/TITAN FINAL/27.03/TITAN_Data_Room_v6_3_Automated/01_EXECUTIVE/EXE-06_Strategic_Rationale.md"
"/root/CMU_IPHONE_CENSUS/02_IMPORTANT_CONTROL_FILES.txt",423,NO,YES,NO,NO,"/root/Documents/TITAN FINAL/27.03/TITAN_Data_Room_v6_3_Automated/13_RISK/RISK-02_CAPEX_Risk.md"
"/root/CMU_IPHONE_CENSUS/02_IMPORTANT_CONTROL_FILES.txt",425,YES,NO,NO,NO,"/root/Documents/TITAN FINAL/27.03/TITAN_Data_Room_v6_3_Automated/13_RISK/RISK-06_Operational_Risk.md"
"/root/CMU_IPHONE_CENSUS/02_IMPORTANT_CONTROL_FILES.txt",430,NO,YES,NO,NO,"/root/Documents/TITAN FINAL/27.03/TITAN_Data_Room_v6_3_Automated/06_CAPEX"
"/root/CMU_IPHONE_CENSUS/02_IMPORTANT_CONTROL_FILES.txt",431,NO,YES,NO,NO,"/root/Documents/TITAN FINAL/27.03/TITAN_Data_Room_v6_3_Automated/06_CAPEX/CAPEX-04_Construction_Timeline.md"
"/root/CMU_IPHONE_CENSUS/02_IMPORTANT_CONTROL_FILES.txt",432,NO,YES,NO,NO,"/root/Documents/TITAN FINAL/27.03/TITAN_Data_Room_v6_3_Automated/06_CAPEX/CAPEX-02_P90_CAPEX.md"
"/root/CMU_IPHONE_CENSUS/02_IMPORTANT_CONTROL_FILES.txt",433,NO,YES,NO,NO,"/root/Documents/TITAN FINAL/27.03/TITAN_Data_Room_v6_3_Automated/06_CAPEX/CAPEX-08_Civil_Works_Scope.md"
"/root/CMU_IPHONE_CENSUS/02_IMPORTANT_CONTROL_FILES.txt",434,NO,YES,NO,NO,"/root/Documents/TITAN FINAL/27.03/TITAN_Data_Room_v6_3_Automated/06_CAPEX/CAPEX-07_Expansion_CAPEX.md"
"/root/CMU_IPHONE_CENSUS/02_IMPORTANT_CONTROL_FILES.txt",435,NO,YES,NO,NO,"/root/Documents/TITAN FINAL/27.03/TITAN_Data_Room_v6_3_Automated/06_CAPEX/CAPEX-01_Detailed_CAPEX_Breakdown.md"
"/root/CMU_IPHONE_CENSUS/02_IMPORTANT_CONTROL_FILES.txt",436,NO,YES,NO,NO,"/root/Documents/TITAN FINAL/27.03/TITAN_Data_Room_v6_3_Automated/06_CAPEX/CAPEX-10_CAPEX_Assumptions_Register.md"
"/root/CMU_IPHONE_CENSUS/02_IMPORTANT_CONTROL_FILES.txt",437,NO,YES,NO,NO,"/root/Documents/TITAN FINAL/27.03/TITAN_Data_Room_v6_3_Automated/06_CAPEX/CAPEX-05_Contingency_Analysis.md"
"/root/CMU_IPHONE_CENSUS/02_IMPORTANT_CONTROL_FILES.txt",438,NO,YES,NO,NO,"/root/Documents/TITAN FINAL/27.03/TITAN_Data_Room_v6_3_Automated/06_CAPEX/CAPEX-03_Vendor_Quotes_Register.md"
"/root/CMU_IPHONE_CENSUS/02_IMPORTANT_CONTROL_FILES.txt",439,NO,YES,NO,NO,"/root/Documents/TITAN FINAL/27.03/TITAN_Data_Room_v6_3_Automated/06_CAPEX/CAPEX-06_IDC_Calculation.md"
"/root/CMU_IPHONE_CENSUS/02_IMPORTANT_CONTROL_FILES.txt",440,NO,YES,NO,NO,"/root/Documents/TITAN FINAL/27.03/TITAN_Data_Room_v6_3_Automated/06_CAPEX/CAPEX-09_Equipment_Scope.md"
"/root/CMU_IPHONE_CENSUS/02_IMPORTANT_CONTROL_FILES.txt",442,NO,YES,NO,NO,"/root/Documents/TITAN FINAL/27.03/TITAN_Data_Room_v6_3_Automated/16_HR/HR-06_Headcount_Model.md"
"/root/CMU_IPHONE_CENSUS/02_IMPORTANT_CONTROL_FILES.txt",448,NO,NO,NO,YES,"/root/Documents/TITAN FINAL/27.03/TITAN_Data_Room_v6_3_Automated/16_HR/HR-07_Health_and_Safety.md"
"/root/CMU_IPHONE_CENSUS/02_IMPORTANT_CONTROL_FILES.txt",452,NO,YES,NO,NO,"/root/Documents/TITAN FINAL/27.03/TITAN_Data_Room_v6_3_Automated/14_MONTE_CARLO/MC-02_Python_Model.md"
"/root/CMU_IPHONE_CENSUS/02_IMPORTANT_CONTROL_FILES.txt",453,NO,YES,NO,NO,"/root/Documents/TITAN FINAL/27.03/TITAN_Data_Room_v6_3_Automated/14_MONTE_CARLO/MC-06_Equity_Downside.md"
"/root/CMU_IPHONE_CENSUS/02_IMPORTANT_CONTROL_FILES.txt",454,NO,YES,NO,NO,"/root/Documents/TITAN FINAL/27.03/TITAN_Data_Room_v6_3_Automated/14_MONTE_CARLO/MC-04_DSCR_Distribution.md"
"/root/CMU_IPHONE_CENSUS/02_IMPORTANT_CONTROL_FILES.txt",469,NO,NO,YES,NO,"/root/Documents/TITAN FINAL/27.03/TITAN_Data_Room_v6_3_Automated/11_ESG/ESG-01_ESG_Strategy.md"
"/root/CMU_IPHONE_CENSUS/02_IMPORTANT_CONTROL_FILES.txt",474,NO,NO,YES,NO,"/root/Documents/TITAN FINAL/27.03/TITAN_Data_Room_v6_3_Automated/11_ESG/ESG-07_Governance_Framework.md"
"/root/CMU_IPHONE_CENSUS/02_IMPORTANT_CONTROL_FILES.txt",478,NO,YES,NO,NO,"/root/Documents/TITAN FINAL/27.03/TITAN_Data_Room_v6_3_Automated/07_FINANCIAL_MODEL"
"/root/CMU_IPHONE_CENSUS/02_IMPORTANT_CONTROL_FILES.txt",479,YES,YES,NO,NO,"/root/Documents/TITAN FINAL/27.03/TITAN_Data_Room_v6_3_Automated/07_FINANCIAL_MODEL/FIN-12_Grant_Integration_Model.md"
"/root/CMU_IPHONE_CENSUS/02_IMPORTANT_CONTROL_FILES.txt",480,NO,YES,NO,NO,"/root/Documents/TITAN FINAL/27.03/TITAN_Data_Room_v6_3_Automated/07_FINANCIAL_MODEL/FIN-07_LLCR_PLCR_Model.md"
"/root/CMU_IPHONE_CENSUS/02_IMPORTANT_CONTROL_FILES.txt",481,NO,YES,NO,NO,"/root/Documents/TITAN FINAL/27.03/TITAN_Data_Room_v6_3_Automated/07_FINANCIAL_MODEL/FIN-02_Assumptions_Book.md"
"/root/CMU_IPHONE_CENSUS/02_IMPORTANT_CONTROL_FILES.txt",482,NO,YES,NO,NO,"/root/Documents/TITAN FINAL/27.03/TITAN_Data_Room_v6_3_Automated/07_FINANCIAL_MODEL/FIN-04_CFADS_Model.md"
"/root/CMU_IPHONE_CENSUS/02_IMPORTANT_CONTROL_FILES.txt",483,NO,YES,NO,NO,"/root/Documents/TITAN FINAL/27.03/TITAN_Data_Room_v6_3_Automated/07_FINANCIAL_MODEL/FIN-05_Quarterly_Debt_Model.md"
"/root/CMU_IPHONE_CENSUS/02_IMPORTANT_CONTROL_FILES.txt",484,NO,YES,NO,NO,"/root/Documents/TITAN FINAL/27.03/TITAN_Data_Room_v6_3_Automated/07_FINANCIAL_MODEL/FIN-11_Working_Capital_Model.md"
"/root/CMU_IPHONE_CENSUS/02_IMPORTANT_CONTROL_FILES.txt",485,NO,YES,NO,NO,"/root/Documents/TITAN FINAL/27.03/TITAN_Data_Room_v6_3_Automated/07_FINANCIAL_MODEL/FIN-08_Sensitivity_Analysis.md"
"/root/CMU_IPHONE_CENSUS/02_IMPORTANT_CONTROL_FILES.txt",486,NO,YES,NO,NO,"/root/Documents/TITAN FINAL/27.03/TITAN_Data_Room_v6_3_Automated/07_FINANCIAL_MODEL/FIN-09_Scenario_Analysis.md"
"/root/CMU_IPHONE_CENSUS/02_IMPORTANT_CONTROL_FILES.txt",487,NO,YES,NO,NO,"/root/Documents/TITAN FINAL/27.03/TITAN_Data_Room_v6_3_Automated/07_FINANCIAL_MODEL/FIN-03_DSCR_Model.md"
"/root/CMU_IPHONE_CENSUS/02_IMPORTANT_CONTROL_FILES.txt",488,NO,YES,NO,NO,"/root/Documents/TITAN FINAL/27.03/TITAN_Data_Room_v6_3_Automated/07_FINANCIAL_MODEL/FIN-06_DSRA_Model.md"
"/root/CMU_IPHONE_CENSUS/02_IMPORTANT_CONTROL_FILES.txt",489,NO,YES,NO,NO,"/root/Documents/TITAN FINAL/27.03/TITAN_Data_Room_v6_3_Automated/07_FINANCIAL_MODEL/FIN-01_Central_Brain_Master_Model.md"
"/root/CMU_IPHONE_CENSUS/02_IMPORTANT_CONTROL_FILES.txt",490,NO,YES,NO,NO,"/root/Documents/TITAN FINAL/27.03/TITAN_Data_Room_v6_3_Automated/07_FINANCIAL_MODEL/FIN-10_Dashboard_Notes.md"
"/root/CMU_IPHONE_CENSUS/02_IMPORTANT_CONTROL_FILES.txt",491,YES,NO,NO,NO,"/root/Documents/TITAN FINAL/27.03/TITAN_Data_Room_v6_3_Automated/05_OPERATIONS"
"/root/CMU_IPHONE_CENSUS/02_IMPORTANT_CONTROL_FILES.txt",492,YES,NO,NO,NO,"/root/Documents/TITAN FINAL/27.03/TITAN_Data_Room_v6_3_Automated/05_OPERATIONS/OPS-04_Logistics_Plan.md"
"/root/CMU_IPHONE_CENSUS/02_IMPORTANT_CONTROL_FILES.txt",493,YES,NO,YES,NO,"/root/Documents/TITAN FINAL/27.03/TITAN_Data_Room_v6_3_Automated/05_OPERATIONS/OPS-05_Procurement_Strategy.md"
"/root/CMU_IPHONE_CENSUS/02_IMPORTANT_CONTROL_FILES.txt",494,YES,NO,NO,NO,"/root/Documents/TITAN FINAL/27.03/TITAN_Data_Room_v6_3_Automated/05_OPERATIONS/OPS-07_Maintenance_Plan.md"
"/root/CMU_IPHONE_CENSUS/02_IMPORTANT_CONTROL_FILES.txt",495,YES,NO,NO,NO,"/root/Documents/TITAN FINAL/27.03/TITAN_Data_Room_v6_3_Automated/05_OPERATIONS/OPS-02_OEE_Assumptions.md"
"/root/CMU_IPHONE_CENSUS/02_IMPORTANT_CONTROL_FILES.txt",496,YES,NO,NO,NO,"/root/Documents/TITAN FINAL/27.03/TITAN_Data_Room_v6_3_Automated/05_OPERATIONS/OPS-01_Production_Plan.md"
"/root/CMU_IPHONE_CENSUS/02_IMPORTANT_CONTROL_FILES.txt",497,YES,NO,NO,NO,"/root/Documents/TITAN FINAL/27.03/TITAN_Data_Room_v6_3_Automated/05_OPERATIONS/OPS-06_Inventory_Policy.md"
"/root/CMU_IPHONE_CENSUS/02_IMPORTANT_CONTROL_FILES.txt",498,YES,NO,NO,NO,"/root/Documents/TITAN FINAL/27.03/TITAN_Data_Room_v6_3_Automated/05_OPERATIONS/OPS-09_Ramp_Up_Plan.md"
"/root/CMU_IPHONE_CENSUS/02_IMPORTANT_CONTROL_FILES.txt",499,YES,NO,NO,NO,"/root/Documents/TITAN FINAL/27.03/TITAN_Data_Room_v6_3_Automated/05_OPERATIONS/OPS-10_KPI_Framework.md"
"/root/CMU_IPHONE_CENSUS/02_IMPORTANT_CONTROL_FILES.txt",500,YES,NO,NO,NO,"/root/Documents/TITAN FINAL/27.03/TITAN_Data_Room_v6_3_Automated/05_OPERATIONS/OPS-03_Supply_Chain_Map.md"
"/root/CMU_IPHONE_CENSUS/02_IMPORTANT_CONTROL_FILES.txt",501,YES,YES,NO,NO,"/root/Documents/TITAN FINAL/27.03/TITAN_Data_Room_v6_3_Automated/05_OPERATIONS/OPS-08_Shift_Model.md"
"/root/CMU_IPHONE_CENSUS/02_IMPORTANT_CONTROL_FILES.txt",505,NO,NO,NO,YES,"/root/Documents/TITAN FINAL/27.03/TITAN_Data_Room_v6_3_Automated/17_IT_SYSTEMS/IT-06_Backup_and_Recovery.md"
"/root/CMU_IPHONE_CENSUS/02_IMPORTANT_CONTROL_FILES.txt",507,YES,NO,NO,NO,"/root/Documents/TITAN FINAL/27.03/TITAN_Data_Room_v6_3_Automated/17_IT_SYSTEMS/IT-03_SCADA_Integration.md"
"/root/CMU_IPHONE_CENSUS/02_IMPORTANT_CONTROL_FILES.txt",513,NO,NO,YES,NO,"/root/Documents/TITAN FINAL/27.03/TITAN_Data_Room_v6_3_Automated/09_LEGAL/LEG-07_Corporate_Governance.md"
"/root/CMU_IPHONE_CENSUS/02_IMPORTANT_CONTROL_FILES.txt",515,YES,NO,NO,NO,"/root/Documents/TITAN FINAL/27.03/TITAN_Data_Room_v6_3_Automated/09_LEGAL/LEG-01_Company_Registration.md"
"/root/CMU_IPHONE_CENSUS/02_IMPORTANT_CONTROL_FILES.txt",533,NO,NO,YES,NO,"/root/Documents/TITAN FINAL/27.03/TITAN_Data_Room_v6_3_Automated/19_DATA_ROOM_LOG/LOG-03_Investor_Access_Log.csv"
"/root/CMU_IPHONE_CENSUS/02_IMPORTANT_CONTROL_FILES.txt",548,NO,YES,NO,NO,"/root/Documents/TITAN FINAL/27.03/TITAN_Data_Room_v6_3_Automated/08_FUNDING/FUND-05_Equity_Story.md"
"/root/CMU_IPHONE_CENSUS/02_IMPORTANT_CONTROL_FILES.txt",549,NO,YES,NO,NO,"/root/Documents/TITAN FINAL/27.03/TITAN_Data_Room_v6_3_Automated/08_FUNDING/FUND-08_Debt_Marketing_List.md"
"/root/CMU_IPHONE_CENSUS/02_IMPORTANT_CONTROL_FILES.txt",550,NO,NO,YES,NO,"/root/Documents/TITAN FINAL/27.03/TITAN_Data_Room_v6_3_Automated/08_FUNDING/FUND-07_Refinancing_Strategy.md"
"/root/CMU_IPHONE_CENSUS/02_IMPORTANT_CONTROL_FILES.txt",551,NO,YES,NO,NO,"/root/Documents/TITAN FINAL/27.03/TITAN_Data_Room_v6_3_Automated/08_FUNDING/FUND-02_Debt_Term_Sheet.md"
"/root/CMU_IPHONE_CENSUS/02_IMPORTANT_CONTROL_FILES.txt",552,NO,NO,YES,NO,"/root/Documents/TITAN FINAL/27.03/TITAN_Data_Room_v6_3_Automated/08_FUNDING/FUND-06_Co_Investment_Strategy.md"
"/root/CMU_IPHONE_CENSUS/02_IMPORTANT_CONTROL_FILES.txt",553,NO,NO,YES,NO,"/root/Documents/TITAN FINAL/27.03/TITAN_Data_Room_v6_3_Automated/08_FUNDING/FUND-04_Lender_Presentation_EBRD.md"
"/root/CMU_IPHONE_CENSUS/02_IMPORTANT_CONTROL_FILES.txt",554,NO,NO,YES,NO,"/root/Documents/TITAN FINAL/27.03/TITAN_Data_Room_v6_3_Automated/08_FUNDING/FUND-03_Lender_Presentation_EIB.md"
"/root/CMU_IPHONE_CENSUS/02_IMPORTANT_CONTROL_FILES.txt",556,NO,NO,YES,NO,"/root/Documents/TITAN FINAL/27.03/TITAN_Data_Room_v6_3_Automated/08_FUNDING/FUND-09_Lender_QA_Register.md"
"/root/CMU_IPHONE_CENSUS/02_IMPORTANT_CONTROL_FILES.txt",563,NO,YES,YES,NO,"/root/Documents/TITAN FINAL/27.03/TITAN_Central_Brain_v6_2_Lender_Model_FINAL.xlsx"
"/root/CMU_IPHONE_CENSUS/02_IMPORTANT_CONTROL_FILES.txt",571,NO,YES,NO,NO,"/root/Documents/TITAN FINAL/27.03/TITAN_Central_Brain_Finance_Master_v6_2.xlsx"
"/root/CMU_IPHONE_CENSUS/02_IMPORTANT_CONTROL_FILES.txt",572,NO,YES,NO,NO,"/root/Documents/TITAN FINAL/27.03/TITAN_Central_Brain_Finance_Master_v6_refresh.xlsx"
"/root/CMU_IPHONE_CENSUS/02_IMPORTANT_CONTROL_FILES.txt",575,NO,YES,YES,NO,"/root/Documents/TITAN FINAL/27.03/TITAN_Central_Brain_v6_1_Lender_Model.xlsx"
"/root/CMU_IPHONE_CENSUS/02_IMPORTANT_CONTROL_FILES.txt",580,NO,YES,NO,NO,"/root/Documents/0000000000000/DANASSSSS/ARS_CAPEX_Civil_Packages_v1.1_Harmonized_FINAL.xlsx"
"/root/CMU_IPHONE_CENSUS/02_IMPORTANT_CONTROL_FILES.txt",590,NO,YES,NO,YES,"/root/Documents/Titan grid/Prezentacija/Nove kalkulacija  24.03/ARS_CAPEX_Civil_Packages_v1.1_Harmonized_FINAL_FIXED.xlsx"
"/root/CMU_IPHONE_CENSUS/02_IMPORTANT_CONTROL_FILES.txt",597,NO,YES,NO,NO,"/root/Documents/FINAL_SEND_PACKAGE_TITAN1_2026-05-10/ANEKS_1_REVIZIJA_CAPEX_TITAN1_v4_2026-05-10.docx"
"/root/CMU_IPHONE_CENSUS/02_IMPORTANT_CONTROL_FILES.txt",598,NO,YES,NO,NO,"/root/Documents/FINAL_SEND_PACKAGE_TITAN1_2026-05-10/ANEKS_1_REVIZIJA_CAPEX_TITAN1_2026-05-10.docx"
"/root/CMU_IPHONE_CENSUS/02_IMPORTANT_CONTROL_FILES.txt",601,NO,YES,YES,NO,"/root/Documents/FINAL_SEND_PACKAGE_TITAN1_2026-05-10/ANEKS_1_REVIZIJA_CAPEX_TITAN1_INSTITUTIONAL_ULTRA_2026-05-10.docx"
"/root/CMU_IPHONE_CENSUS/02_IMPORTANT_CONTROL_FILES.txt",602,NO,YES,NO,NO,"/root/Documents/ANEKS_1_REVIZIJA_CAPEX_TITAN1_FINAL_2026-05-10.docx"
"/root/CMU_IPHONE_CENSUS/02_IMPORTANT_CONTROL_FILES.txt",611,NO,YES,NO,NO,"/root/Documents/ANEKS_1_REVIZIJA_CAPEX_TITAN1_PROFESSIONAL_FINAL_2026-05-10.docx"
"/root/CMU_IPHONE_CENSUS/02_IMPORTANT_CONTROL_FILES.txt",614,NO,YES,YES,NO,"/root/Documents/.Trash/ANEKS_1_REVIZIJA_CAPEX_TITAN1_INSTITUTIONAL_FINAL_2026-05-10.docx"
"/root/CMU_IPHONE_CENSUS/02_IMPORTANT_CONTROL_FILES.txt",615,NO,YES,NO,NO,"/root/Documents/.Trash/ANEKS_1_REVIZIJA_CAPEX_TITAN1_FINAL_2026-05-10.docx"
"/root/CMU_IPHONE_CENSUS/02_IMPORTANT_CONTROL_FILES.txt",616,NO,YES,NO,NO,"/root/Documents/.Trash/ANEKS_1_REVIZIJA_CAPEX_TITAN1_PROFESSIONAL_FINAL_2026-05-10.docx"
"/root/CMU_IPHONE_CENSUS/02_IMPORTANT_CONTROL_FILES.txt",622,NO,NO,YES,NO,"/root/Documents/00_MASTER_TOKEN_AUTHORITY/generate_ANEKS1_institutional_final.py"
"/root/CMU_IPHONE_CENSUS/02_IMPORTANT_CONTROL_FILES.txt",645,NO,NO,YES,NO,"/root/DELTA_LENOVO_CENTRAL/40_STEP_PROTOCOL/STEP_07_FUNCTION_CLASSIFICATION/STEP_07_SAFE_GOVERNANCE_FUNCTIONS.txt"
"/root/CMU_IPHONE_CENSUS/02_IMPORTANT_CONTROL_FILES.txt",648,NO,NO,YES,NO,"/root/DELTA_LENOVO_CENTRAL/40_STEP_PROTOCOL/STEP_05_GOVERNANCE_EXTRACTION"
"/root/CMU_IPHONE_CENSUS/02_IMPORTANT_CONTROL_FILES.txt",649,NO,NO,YES,NO,"/root/DELTA_LENOVO_CENTRAL/40_STEP_PROTOCOL/STEP_05_GOVERNANCE_EXTRACTION/STEP_05_CORE_GOVERNANCE_FUNCTIONS.txt"
"/root/CMU_IPHONE_CENSUS/02_IMPORTANT_CONTROL_FILES.txt",650,NO,NO,YES,NO,"/root/DELTA_LENOVO_CENTRAL/40_STEP_PROTOCOL/STEP_05_GOVERNANCE_EXTRACTION/STEP_05_GOVERNANCE_SIGNALS.txt"
"/root/CMU_IPHONE_CENSUS/02_IMPORTANT_CONTROL_FILES.txt",651,NO,NO,YES,NO,"/root/DELTA_LENOVO_CENTRAL/40_STEP_PROTOCOL/STEP_05_GOVERNANCE_EXTRACTION/STEP_05_STATUS.txt"
"/root/CMU_IPHONE_CENSUS/02_IMPORTANT_CONTROL_FILES.txt",794,NO,NO,NO,YES,"/tmp/pip-install-ceuwklo9/numpy_e4000c6ba0e24a5b864acecd519a1db4/numpy/_core/tests/test_indexerrors.py"
"/root/CMU_IPHONE_CENSUS/02_IMPORTANT_CONTROL_FILES.txt",838,NO,NO,YES,NO,"/tmp/pip-install-ceuwklo9/numpy_e4000c6ba0e24a5b864acecd519a1db4/doc/source/dev/governance/index.rst"
"/root/CMU_IPHONE_CENSUS/02_IMPORTANT_CONTROL_FILES.txt",841,YES,NO,NO,NO,"/tmp/pip-install-ceuwklo9/numpy_e4000c6ba0e24a5b864acecd519a1db4/doc/source/reference/distutils_status_migration.rst"
"/root/CMU_IPHONE_CENSUS/02_IMPORTANT_CONTROL_FILES.txt",1957,NO,NO,NO,YES,"/tmp/pip-install-7hbvlc7m/numpy_739972369c0d47ee87210ef1be65d904/numpy/_core/tests/test_indexerrors.py"
"/root/CMU_IPHONE_CENSUS/03_CANDIDATE_FOLDERS.txt",10,YES,NO,NO,NO,"/root/Documents/01. DELTA REAL-TIME SSOT GENERATION POPLINE "
"/root/CMU_IPHONE_CENSUS/03_CANDIDATE_FOLDERS.txt",33,NO,YES,NO,NO,"/root/Documents/TITAN FINAL/27.03/TITAN_Data_Room_v6_3_Automated/12_GRANTS"
"/root/CMU_IPHONE_CENSUS/03_CANDIDATE_FOLDERS.txt",40,NO,YES,NO,NO,"/root/Documents/TITAN FINAL/27.03/TITAN_Data_Room_v6_3_Automated/06_CAPEX"
"/root/CMU_IPHONE_CENSUS/03_CANDIDATE_FOLDERS.txt",45,NO,YES,NO,NO,"/root/Documents/TITAN FINAL/27.03/TITAN_Data_Room_v6_3_Automated/07_FINANCIAL_MODEL"
"/root/CMU_IPHONE_CENSUS/03_CANDIDATE_FOLDERS.txt",46,YES,NO,NO,NO,"/root/Documents/TITAN FINAL/27.03/TITAN_Data_Room_v6_3_Automated/05_OPERATIONS"
"/root/CMU_IPHONE_CENSUS/03_CANDIDATE_FOLDERS.txt",65,NO,YES,NO,NO,"/root/Documents/Titan grid/Prezentacija/Nove kalkulacija  24.03/25.03/Titan_Grid_v52_Data_Room_Ready/01_Model"
"/root/CMU_IPHONE_CENSUS/03_CANDIDATE_FOLDERS.txt",88,NO,NO,YES,NO,"/root/DELTA_LENOVO_CENTRAL/40_STEP_PROTOCOL/STEP_05_GOVERNANCE_EXTRACTION"
"/root/CMU_IPHONE_CENSUS/03_CANDIDATE_FOLDERS.txt",133,NO,NO,YES,NO,"/tmp/pip-install-ceuwklo9/numpy_e4000c6ba0e24a5b864acecd519a1db4/doc/source/dev/governance"
"/root/CMU_IPHONE_CENSUS/03_CANDIDATE_FOLDERS.txt",163,NO,NO,YES,NO,"/tmp/pip-install-7hbvlc7m/numpy_739972369c0d47ee87210ef1be65d904/doc/source/dev/governance"
"/root/CMU_IPHONE_CENSUS/03_CANDIDATE_FOLDERS.txt",183,NO,NO,YES,NO,"/tmp/pip-install-yxoffi12/numpy_4b3c170d02474426a9f0e63cf99f5a4f/doc/source/dev/governance"
"/root/CMU_IPHONE_CENSUS/03_CANDIDATE_FOLDERS.txt",198,NO,NO,YES,NO,"/tmp/pip-install-m5_mvhl1/numpy_1788aa296b04457a8ad46784c69ee619/doc/source/dev/governance"
"/root/CMU_IPHONE_CENSUS/04_NEWEST_300_FILES.txt",27,NO,NO,NO,YES,"-rw-r--r--    1 root     root             0 Apr 18  2023 /usr/include/bits/ioctl_fix.h"
"/root/CMU_IPHONE_CENSUS/05_TITAN_FINAL_FILE_HASHES.txt",32,NO,YES,NO,NO,"779d3c6d2875e5fd07bf8bf8d9a50ba847c6b829c819c7c96f1dd9e39d2a6c12  /root/Documents/TITAN FINAL/Arhiva informacija/07. Gemini analize/Strateški model akvizicije ECO-a.pdf"
"/root/CMU_IPHONE_CENSUS/06_TITAN_FINAL_FILE_INDEX.txt",32,NO,YES,NO,NO,"/root/Documents/TITAN FINAL/Arhiva informacija/07. Gemini analize/Strateški model akvizicije ECO-a.pdf"
"/root/CMU_IPHONE_CENSUS/06_TITAN_FINAL_FILE_INDEX.txt",46,NO,NO,YES,NO,"/root/Documents/TITAN FINAL/Arhiva informacija/06. Chek documents /Influence_Strategy_Combined.xlsx"
"/root/CMU_IPHONE_CENSUS/06_TITAN_FINAL_FILE_INDEX.txt",96,NO,YES,NO,NO,"/root/Documents/TITAN FINAL/28.03/VBA Script Review: DSCR & IRR Calculator.docx"
"/root/CMU_IPHONE_CENSUS/06_TITAN_FINAL_FILE_INDEX.txt",102,NO,NO,YES,NO,"/root/Documents/TITAN FINAL/03.03/TITAN_Central_Brain_Governance_Export.xlsx"
"/root/CMU_IPHONE_CENSUS/06_TITAN_FINAL_FILE_INDEX.txt",107,NO,YES,NO,NO,"/root/Documents/TITAN FINAL/03.03/TITAN_IC_Pack_v2_LiveModel.pptx"
"/root/CMU_IPHONE_CENSUS/06_TITAN_FINAL_FILE_INDEX.txt",110,NO,YES,NO,NO,"/root/Documents/TITAN FINAL/03.03/TITAN_Central_Brain_Finance_Master_v6_1.xlsx"
"/root/CMU_IPHONE_CENSUS/06_TITAN_FINAL_FILE_INDEX.txt",112,NO,YES,YES,NO,"/root/Documents/TITAN FINAL/03.03/TITAN_Central_Brain_v7_2_Lender_Model.xlsx"
"/root/CMU_IPHONE_CENSUS/06_TITAN_FINAL_FILE_INDEX.txt",113,NO,YES,NO,NO,"/root/Documents/TITAN FINAL/03.03/TITAN_Central_Brain_Finance_Master_v6_2 2.xlsx"
"/root/CMU_IPHONE_CENSUS/06_TITAN_FINAL_FILE_INDEX.txt",115,NO,NO,YES,NO,"/root/Documents/TITAN FINAL/03.03/TITAN_Central_Brain_v6_2_Lender_Grade.xlsx"
"/root/CMU_IPHONE_CENSUS/06_TITAN_FINAL_FILE_INDEX.txt",117,NO,YES,NO,NO,"/root/Documents/TITAN FINAL/03.03/TITAN_Central_Brain_Finance_Master_v6_2.xlsx"
"/root/CMU_IPHONE_CENSUS/06_TITAN_FINAL_FILE_INDEX.txt",118,NO,YES,NO,NO,"/root/Documents/TITAN FINAL/03.03/bank_grade_eco_ars_3tab_model.xlsx"
"/root/CMU_IPHONE_CENSUS/06_TITAN_FINAL_FILE_INDEX.txt",119,YES,YES,NO,NO,"/root/Documents/TITAN FINAL/03.03/TITAN_model_full_integration.xlsx"
"/root/CMU_IPHONE_CENSUS/06_TITAN_FINAL_FILE_INDEX.txt",126,NO,YES,NO,NO,"/root/Documents/TITAN FINAL/03.03/ECO_Transformer_Bank_Grade_Sensitivity_Model_v1.xlsx"
"/root/CMU_IPHONE_CENSUS/06_TITAN_FINAL_FILE_INDEX.txt",128,NO,NO,YES,NO,"/root/Documents/TITAN FINAL/27.03/TITAN_Central_Brain_v6_1_Institutional.xlsx"
"/root/CMU_IPHONE_CENSUS/06_TITAN_FINAL_FILE_INDEX.txt",129,NO,YES,NO,NO,"/root/Documents/TITAN FINAL/27.03/TITAN_Data_Room_v6_3_Automated/12_GRANTS/GR-03_WBIF_Eligibility.md"
"/root/CMU_IPHONE_CENSUS/06_TITAN_FINAL_FILE_INDEX.txt",130,NO,YES,NO,NO,"/root/Documents/TITAN FINAL/27.03/TITAN_Data_Room_v6_3_Automated/12_GRANTS/GR-05_Turkey_Industrial_Support.md"
"/root/CMU_IPHONE_CENSUS/06_TITAN_FINAL_FILE_INDEX.txt",131,NO,YES,NO,NO,"/root/Documents/TITAN FINAL/27.03/TITAN_Data_Room_v6_3_Automated/12_GRANTS/GR-09_Grant_Risk_Register.md"
"/root/CMU_IPHONE_CENSUS/06_TITAN_FINAL_FILE_INDEX.txt",132,NO,YES,NO,NO,"/root/Documents/TITAN FINAL/27.03/TITAN_Data_Room_v6_3_Automated/12_GRANTS/GR-04_Montenegro_Incentives.md"
"/root/CMU_IPHONE_CENSUS/06_TITAN_FINAL_FILE_INDEX.txt",133,NO,YES,NO,NO,"/root/Documents/TITAN FINAL/27.03/TITAN_Data_Room_v6_3_Automated/12_GRANTS/GR-08_Grant_Document_Checklist.md"
"/root/CMU_IPHONE_CENSUS/06_TITAN_FINAL_FILE_INDEX.txt",134,NO,YES,NO,NO,"/root/Documents/TITAN FINAL/27.03/TITAN_Data_Room_v6_3_Automated/12_GRANTS/GR-07_Grant_Compliance.md"
"/root/CMU_IPHONE_CENSUS/06_TITAN_FINAL_FILE_INDEX.txt",135,NO,YES,NO,NO,"/root/Documents/TITAN FINAL/27.03/TITAN_Data_Room_v6_3_Automated/12_GRANTS/GR-06_Grant_Timing_Model.md"
"/root/CMU_IPHONE_CENSUS/06_TITAN_FINAL_FILE_INDEX.txt",136,NO,YES,YES,NO,"/root/Documents/TITAN FINAL/27.03/TITAN_Data_Room_v6_3_Automated/12_GRANTS/GR-01_Grant_Strategy_Overview.md"
"/root/CMU_IPHONE_CENSUS/06_TITAN_FINAL_FILE_INDEX.txt",137,NO,YES,NO,NO,"/root/Documents/TITAN FINAL/27.03/TITAN_Data_Room_v6_3_Automated/12_GRANTS/GR-02_EU_IPA_Documentation.md"
"/root/CMU_IPHONE_CENSUS/06_TITAN_FINAL_FILE_INDEX.txt",151,NO,YES,NO,NO,"/root/Documents/TITAN FINAL/27.03/TITAN_Data_Room_v6_3_Automated/18_AUDIT/AUD-04_Model_Audit_Report.md"
"/root/CMU_IPHONE_CENSUS/06_TITAN_FINAL_FILE_INDEX.txt",170,YES,NO,YES,NO,"/root/Documents/TITAN FINAL/27.03/TITAN_Data_Room_v6_3_Automated/01_EXECUTIVE/EXE-06_Strategic_Rationale.md"
"/root/CMU_IPHONE_CENSUS/06_TITAN_FINAL_FILE_INDEX.txt",180,NO,YES,NO,NO,"/root/Documents/TITAN FINAL/27.03/TITAN_Data_Room_v6_3_Automated/13_RISK/RISK-02_CAPEX_Risk.md"
"/root/CMU_IPHONE_CENSUS/06_TITAN_FINAL_FILE_INDEX.txt",182,YES,NO,NO,NO,"/root/Documents/TITAN FINAL/27.03/TITAN_Data_Room_v6_3_Automated/13_RISK/RISK-06_Operational_Risk.md"
"/root/CMU_IPHONE_CENSUS/06_TITAN_FINAL_FILE_INDEX.txt",187,NO,YES,NO,NO,"/root/Documents/TITAN FINAL/27.03/TITAN_Data_Room_v6_3_Automated/06_CAPEX/CAPEX-04_Construction_Timeline.md"
"/root/CMU_IPHONE_CENSUS/06_TITAN_FINAL_FILE_INDEX.txt",188,NO,YES,NO,NO,"/root/Documents/TITAN FINAL/27.03/TITAN_Data_Room_v6_3_Automated/06_CAPEX/CAPEX-02_P90_CAPEX.md"
"/root/CMU_IPHONE_CENSUS/06_TITAN_FINAL_FILE_INDEX.txt",189,NO,YES,NO,NO,"/root/Documents/TITAN FINAL/27.03/TITAN_Data_Room_v6_3_Automated/06_CAPEX/CAPEX-08_Civil_Works_Scope.md"
"/root/CMU_IPHONE_CENSUS/06_TITAN_FINAL_FILE_INDEX.txt",190,NO,YES,NO,NO,"/root/Documents/TITAN FINAL/27.03/TITAN_Data_Room_v6_3_Automated/06_CAPEX/CAPEX-07_Expansion_CAPEX.md"
"/root/CMU_IPHONE_CENSUS/06_TITAN_FINAL_FILE_INDEX.txt",191,NO,YES,NO,NO,"/root/Documents/TITAN FINAL/27.03/TITAN_Data_Room_v6_3_Automated/06_CAPEX/CAPEX-01_Detailed_CAPEX_Breakdown.md"
"/root/CMU_IPHONE_CENSUS/06_TITAN_FINAL_FILE_INDEX.txt",192,NO,YES,NO,NO,"/root/Documents/TITAN FINAL/27.03/TITAN_Data_Room_v6_3_Automated/06_CAPEX/CAPEX-10_CAPEX_Assumptions_Register.md"
"/root/CMU_IPHONE_CENSUS/06_TITAN_FINAL_FILE_INDEX.txt",193,NO,YES,NO,NO,"/root/Documents/TITAN FINAL/27.03/TITAN_Data_Room_v6_3_Automated/06_CAPEX/CAPEX-05_Contingency_Analysis.md"
"/root/CMU_IPHONE_CENSUS/06_TITAN_FINAL_FILE_INDEX.txt",194,NO,YES,NO,NO,"/root/Documents/TITAN FINAL/27.03/TITAN_Data_Room_v6_3_Automated/06_CAPEX/CAPEX-03_Vendor_Quotes_Register.md"
"/root/CMU_IPHONE_CENSUS/06_TITAN_FINAL_FILE_INDEX.txt",195,NO,YES,NO,NO,"/root/Documents/TITAN FINAL/27.03/TITAN_Data_Room_v6_3_Automated/06_CAPEX/CAPEX-06_IDC_Calculation.md"
"/root/CMU_IPHONE_CENSUS/06_TITAN_FINAL_FILE_INDEX.txt",196,NO,YES,NO,NO,"/root/Documents/TITAN FINAL/27.03/TITAN_Data_Room_v6_3_Automated/06_CAPEX/CAPEX-09_Equipment_Scope.md"
"/root/CMU_IPHONE_CENSUS/06_TITAN_FINAL_FILE_INDEX.txt",197,NO,YES,NO,NO,"/root/Documents/TITAN FINAL/27.03/TITAN_Data_Room_v6_3_Automated/16_HR/HR-06_Headcount_Model.md"
"/root/CMU_IPHONE_CENSUS/06_TITAN_FINAL_FILE_INDEX.txt",203,NO,NO,NO,YES,"/root/Documents/TITAN FINAL/27.03/TITAN_Data_Room_v6_3_Automated/16_HR/HR-07_Health_and_Safety.md"
"/root/CMU_IPHONE_CENSUS/06_TITAN_FINAL_FILE_INDEX.txt",206,NO,YES,NO,NO,"/root/Documents/TITAN FINAL/27.03/TITAN_Data_Room_v6_3_Automated/14_MONTE_CARLO/MC-02_Python_Model.md"
"/root/CMU_IPHONE_CENSUS/06_TITAN_FINAL_FILE_INDEX.txt",207,NO,YES,NO,NO,"/root/Documents/TITAN FINAL/27.03/TITAN_Data_Room_v6_3_Automated/14_MONTE_CARLO/MC-06_Equity_Downside.md"
"/root/CMU_IPHONE_CENSUS/06_TITAN_FINAL_FILE_INDEX.txt",208,NO,YES,NO,NO,"/root/Documents/TITAN FINAL/27.03/TITAN_Data_Room_v6_3_Automated/14_MONTE_CARLO/MC-04_DSCR_Distribution.md"
"/root/CMU_IPHONE_CENSUS/06_TITAN_FINAL_FILE_INDEX.txt",221,NO,NO,YES,NO,"/root/Documents/TITAN FINAL/27.03/TITAN_Data_Room_v6_3_Automated/11_ESG/ESG-01_ESG_Strategy.md"
"/root/CMU_IPHONE_CENSUS/06_TITAN_FINAL_FILE_INDEX.txt",226,NO,NO,YES,NO,"/root/Documents/TITAN FINAL/27.03/TITAN_Data_Room_v6_3_Automated/11_ESG/ESG-07_Governance_Framework.md"
"/root/CMU_IPHONE_CENSUS/06_TITAN_FINAL_FILE_INDEX.txt",230,YES,YES,NO,NO,"/root/Documents/TITAN FINAL/27.03/TITAN_Data_Room_v6_3_Automated/07_FINANCIAL_MODEL/FIN-12_Grant_Integration_Model.md"
"/root/CMU_IPHONE_CENSUS/06_TITAN_FINAL_FILE_INDEX.txt",231,NO,YES,NO,NO,"/root/Documents/TITAN FINAL/27.03/TITAN_Data_Room_v6_3_Automated/07_FINANCIAL_MODEL/FIN-07_LLCR_PLCR_Model.md"
"/root/CMU_IPHONE_CENSUS/06_TITAN_FINAL_FILE_INDEX.txt",232,NO,YES,NO,NO,"/root/Documents/TITAN FINAL/27.03/TITAN_Data_Room_v6_3_Automated/07_FINANCIAL_MODEL/FIN-02_Assumptions_Book.md"
"/root/CMU_IPHONE_CENSUS/06_TITAN_FINAL_FILE_INDEX.txt",233,NO,YES,NO,NO,"/root/Documents/TITAN FINAL/27.03/TITAN_Data_Room_v6_3_Automated/07_FINANCIAL_MODEL/FIN-04_CFADS_Model.md"
"/root/CMU_IPHONE_CENSUS/06_TITAN_FINAL_FILE_INDEX.txt",234,NO,YES,NO,NO,"/root/Documents/TITAN FINAL/27.03/TITAN_Data_Room_v6_3_Automated/07_FINANCIAL_MODEL/FIN-05_Quarterly_Debt_Model.md"
"/root/CMU_IPHONE_CENSUS/06_TITAN_FINAL_FILE_INDEX.txt",235,NO,YES,NO,NO,"/root/Documents/TITAN FINAL/27.03/TITAN_Data_Room_v6_3_Automated/07_FINANCIAL_MODEL/FIN-11_Working_Capital_Model.md"
"/root/CMU_IPHONE_CENSUS/06_TITAN_FINAL_FILE_INDEX.txt",236,NO,YES,NO,NO,"/root/Documents/TITAN FINAL/27.03/TITAN_Data_Room_v6_3_Automated/07_FINANCIAL_MODEL/FIN-08_Sensitivity_Analysis.md"
"/root/CMU_IPHONE_CENSUS/06_TITAN_FINAL_FILE_INDEX.txt",237,NO,YES,NO,NO,"/root/Documents/TITAN FINAL/27.03/TITAN_Data_Room_v6_3_Automated/07_FINANCIAL_MODEL/FIN-09_Scenario_Analysis.md"
"/root/CMU_IPHONE_CENSUS/06_TITAN_FINAL_FILE_INDEX.txt",238,NO,YES,NO,NO,"/root/Documents/TITAN FINAL/27.03/TITAN_Data_Room_v6_3_Automated/07_FINANCIAL_MODEL/FIN-03_DSCR_Model.md"
"/root/CMU_IPHONE_CENSUS/06_TITAN_FINAL_FILE_INDEX.txt",239,NO,YES,NO,NO,"/root/Documents/TITAN FINAL/27.03/TITAN_Data_Room_v6_3_Automated/07_FINANCIAL_MODEL/FIN-06_DSRA_Model.md"
"/root/CMU_IPHONE_CENSUS/06_TITAN_FINAL_FILE_INDEX.txt",240,NO,YES,NO,NO,"/root/Documents/TITAN FINAL/27.03/TITAN_Data_Room_v6_3_Automated/07_FINANCIAL_MODEL/FIN-01_Central_Brain_Master_Model.md"
"/root/CMU_IPHONE_CENSUS/06_TITAN_FINAL_FILE_INDEX.txt",241,NO,YES,NO,NO,"/root/Documents/TITAN FINAL/27.03/TITAN_Data_Room_v6_3_Automated/07_FINANCIAL_MODEL/FIN-10_Dashboard_Notes.md"
"/root/CMU_IPHONE_CENSUS/06_TITAN_FINAL_FILE_INDEX.txt",242,YES,NO,NO,NO,"/root/Documents/TITAN FINAL/27.03/TITAN_Data_Room_v6_3_Automated/05_OPERATIONS/OPS-04_Logistics_Plan.md"
"/root/CMU_IPHONE_CENSUS/06_TITAN_FINAL_FILE_INDEX.txt",243,YES,NO,YES,NO,"/root/Documents/TITAN FINAL/27.03/TITAN_Data_Room_v6_3_Automated/05_OPERATIONS/OPS-05_Procurement_Strategy.md"
"/root/CMU_IPHONE_CENSUS/06_TITAN_FINAL_FILE_INDEX.txt",244,YES,NO,NO,NO,"/root/Documents/TITAN FINAL/27.03/TITAN_Data_Room_v6_3_Automated/05_OPERATIONS/OPS-07_Maintenance_Plan.md"
"/root/CMU_IPHONE_CENSUS/06_TITAN_FINAL_FILE_INDEX.txt",245,YES,NO,NO,NO,"/root/Documents/TITAN FINAL/27.03/TITAN_Data_Room_v6_3_Automated/05_OPERATIONS/OPS-02_OEE_Assumptions.md"
"/root/CMU_IPHONE_CENSUS/06_TITAN_FINAL_FILE_INDEX.txt",246,YES,NO,NO,NO,"/root/Documents/TITAN FINAL/27.03/TITAN_Data_Room_v6_3_Automated/05_OPERATIONS/OPS-01_Production_Plan.md"
"/root/CMU_IPHONE_CENSUS/06_TITAN_FINAL_FILE_INDEX.txt",247,YES,NO,NO,NO,"/root/Documents/TITAN FINAL/27.03/TITAN_Data_Room_v6_3_Automated/05_OPERATIONS/OPS-06_Inventory_Policy.md"
"/root/CMU_IPHONE_CENSUS/06_TITAN_FINAL_FILE_INDEX.txt",248,YES,NO,NO,NO,"/root/Documents/TITAN FINAL/27.03/TITAN_Data_Room_v6_3_Automated/05_OPERATIONS/OPS-09_Ramp_Up_Plan.md"
"/root/CMU_IPHONE_CENSUS/06_TITAN_FINAL_FILE_INDEX.txt",249,YES,NO,NO,NO,"/root/Documents/TITAN FINAL/27.03/TITAN_Data_Room_v6_3_Automated/05_OPERATIONS/OPS-10_KPI_Framework.md"
"/root/CMU_IPHONE_CENSUS/06_TITAN_FINAL_FILE_INDEX.txt",250,YES,NO,NO,NO,"/root/Documents/TITAN FINAL/27.03/TITAN_Data_Room_v6_3_Automated/05_OPERATIONS/OPS-03_Supply_Chain_Map.md"
"/root/CMU_IPHONE_CENSUS/06_TITAN_FINAL_FILE_INDEX.txt",251,YES,YES,NO,NO,"/root/Documents/TITAN FINAL/27.03/TITAN_Data_Room_v6_3_Automated/05_OPERATIONS/OPS-08_Shift_Model.md"
"/root/CMU_IPHONE_CENSUS/06_TITAN_FINAL_FILE_INDEX.txt",254,NO,NO,NO,YES,"/root/Documents/TITAN FINAL/27.03/TITAN_Data_Room_v6_3_Automated/17_IT_SYSTEMS/IT-06_Backup_and_Recovery.md"
"/root/CMU_IPHONE_CENSUS/06_TITAN_FINAL_FILE_INDEX.txt",256,YES,NO,NO,NO,"/root/Documents/TITAN FINAL/27.03/TITAN_Data_Room_v6_3_Automated/17_IT_SYSTEMS/IT-03_SCADA_Integration.md"
"/root/CMU_IPHONE_CENSUS/06_TITAN_FINAL_FILE_INDEX.txt",261,NO,NO,YES,NO,"/root/Documents/TITAN FINAL/27.03/TITAN_Data_Room_v6_3_Automated/09_LEGAL/LEG-07_Corporate_Governance.md"
"/root/CMU_IPHONE_CENSUS/06_TITAN_FINAL_FILE_INDEX.txt",263,YES,NO,NO,NO,"/root/Documents/TITAN FINAL/27.03/TITAN_Data_Room_v6_3_Automated/09_LEGAL/LEG-01_Company_Registration.md"
"/root/CMU_IPHONE_CENSUS/06_TITAN_FINAL_FILE_INDEX.txt",279,NO,NO,YES,NO,"/root/Documents/TITAN FINAL/27.03/TITAN_Data_Room_v6_3_Automated/19_DATA_ROOM_LOG/LOG-03_Investor_Access_Log.csv"
"/root/CMU_IPHONE_CENSUS/06_TITAN_FINAL_FILE_INDEX.txt",292,NO,YES,NO,NO,"/root/Documents/TITAN FINAL/27.03/TITAN_Data_Room_v6_3_Automated/08_FUNDING/FUND-05_Equity_Story.md"
"/root/CMU_IPHONE_CENSUS/06_TITAN_FINAL_FILE_INDEX.txt",293,NO,YES,NO,NO,"/root/Documents/TITAN FINAL/27.03/TITAN_Data_Room_v6_3_Automated/08_FUNDING/FUND-08_Debt_Marketing_List.md"
"/root/CMU_IPHONE_CENSUS/06_TITAN_FINAL_FILE_INDEX.txt",294,NO,NO,YES,NO,"/root/Documents/TITAN FINAL/27.03/TITAN_Data_Room_v6_3_Automated/08_FUNDING/FUND-07_Refinancing_Strategy.md"
"/root/CMU_IPHONE_CENSUS/06_TITAN_FINAL_FILE_INDEX.txt",295,NO,YES,NO,NO,"/root/Documents/TITAN FINAL/27.03/TITAN_Data_Room_v6_3_Automated/08_FUNDING/FUND-02_Debt_Term_Sheet.md"
"/root/CMU_IPHONE_CENSUS/06_TITAN_FINAL_FILE_INDEX.txt",296,NO,NO,YES,NO,"/root/Documents/TITAN FINAL/27.03/TITAN_Data_Room_v6_3_Automated/08_FUNDING/FUND-06_Co_Investment_Strategy.md"
"/root/CMU_IPHONE_CENSUS/06_TITAN_FINAL_FILE_INDEX.txt",297,NO,NO,YES,NO,"/root/Documents/TITAN FINAL/27.03/TITAN_Data_Room_v6_3_Automated/08_FUNDING/FUND-04_Lender_Presentation_EBRD.md"
"/root/CMU_IPHONE_CENSUS/06_TITAN_FINAL_FILE_INDEX.txt",298,NO,NO,YES,NO,"/root/Documents/TITAN FINAL/27.03/TITAN_Data_Room_v6_3_Automated/08_FUNDING/FUND-03_Lender_Presentation_EIB.md"
"/root/CMU_IPHONE_CENSUS/06_TITAN_FINAL_FILE_INDEX.txt",300,NO,NO,YES,NO,"/root/Documents/TITAN FINAL/27.03/TITAN_Data_Room_v6_3_Automated/08_FUNDING/FUND-09_Lender_QA_Register.md"
"/root/CMU_IPHONE_CENSUS/06_TITAN_FINAL_FILE_INDEX.txt",307,NO,YES,YES,NO,"/root/Documents/TITAN FINAL/27.03/TITAN_Central_Brain_v6_2_Lender_Model_FINAL.xlsx"
"/root/CMU_IPHONE_CENSUS/06_TITAN_FINAL_FILE_INDEX.txt",315,NO,YES,NO,NO,"/root/Documents/TITAN FINAL/27.03/TITAN_Central_Brain_Finance_Master_v6_2.xlsx"
"/root/CMU_IPHONE_CENSUS/06_TITAN_FINAL_FILE_INDEX.txt",316,NO,YES,NO,NO,"/root/Documents/TITAN FINAL/27.03/TITAN_Central_Brain_Finance_Master_v6_refresh.xlsx"
"/root/CMU_IPHONE_CENSUS/06_TITAN_FINAL_FILE_INDEX.txt",319,NO,YES,YES,NO,"/root/Documents/TITAN FINAL/27.03/TITAN_Central_Brain_v6_1_Lender_Model.xlsx"
"/root/CMU_IPHONE_CENSUS/09_TITAN_FINAL_FOLDER_MAP_DEPTH3.txt",23,NO,YES,NO,NO,"/root/Documents/TITAN FINAL/27.03/TITAN_Data_Room_v6_3_Automated/12_GRANTS"
"/root/CMU_IPHONE_CENSUS/09_TITAN_FINAL_FOLDER_MAP_DEPTH3.txt",30,NO,YES,NO,NO,"/root/Documents/TITAN FINAL/27.03/TITAN_Data_Room_v6_3_Automated/06_CAPEX"
"/root/CMU_IPHONE_CENSUS/09_TITAN_FINAL_FOLDER_MAP_DEPTH3.txt",35,NO,YES,NO,NO,"/root/Documents/TITAN FINAL/27.03/TITAN_Data_Room_v6_3_Automated/07_FINANCIAL_MODEL"
"/root/CMU_IPHONE_CENSUS/09_TITAN_FINAL_FOLDER_MAP_DEPTH3.txt",36,YES,NO,NO,NO,"/root/Documents/TITAN FINAL/27.03/TITAN_Data_Room_v6_3_Automated/05_OPERATIONS"
"/root/CMU_IPHONE_CENSUS/11_OLD_VDR_V6_3_FILE_INDEX.txt",1,NO,YES,NO,NO,"/root/Documents/TITAN FINAL/27.03/TITAN_Data_Room_v6_3_Automated/12_GRANTS/GR-03_WBIF_Eligibility.md"
"/root/CMU_IPHONE_CENSUS/11_OLD_VDR_V6_3_FILE_INDEX.txt",2,NO,YES,NO,NO,"/root/Documents/TITAN FINAL/27.03/TITAN_Data_Room_v6_3_Automated/12_GRANTS/GR-05_Turkey_Industrial_Support.md"
"/root/CMU_IPHONE_CENSUS/11_OLD_VDR_V6_3_FILE_INDEX.txt",3,NO,YES,NO,NO,"/root/Documents/TITAN FINAL/27.03/TITAN_Data_Room_v6_3_Automated/12_GRANTS/GR-09_Grant_Risk_Register.md"
"/root/CMU_IPHONE_CENSUS/11_OLD_VDR_V6_3_FILE_INDEX.txt",4,NO,YES,NO,NO,"/root/Documents/TITAN FINAL/27.03/TITAN_Data_Room_v6_3_Automated/12_GRANTS/GR-04_Montenegro_Incentives.md"
"/root/CMU_IPHONE_CENSUS/11_OLD_VDR_V6_3_FILE_INDEX.txt",5,NO,YES,NO,NO,"/root/Documents/TITAN FINAL/27.03/TITAN_Data_Room_v6_3_Automated/12_GRANTS/GR-08_Grant_Document_Checklist.md"
"/root/CMU_IPHONE_CENSUS/11_OLD_VDR_V6_3_FILE_INDEX.txt",6,NO,YES,NO,NO,"/root/Documents/TITAN FINAL/27.03/TITAN_Data_Room_v6_3_Automated/12_GRANTS/GR-07_Grant_Compliance.md"
"/root/CMU_IPHONE_CENSUS/11_OLD_VDR_V6_3_FILE_INDEX.txt",7,NO,YES,NO,NO,"/root/Documents/TITAN FINAL/27.03/TITAN_Data_Room_v6_3_Automated/12_GRANTS/GR-06_Grant_Timing_Model.md"
"/root/CMU_IPHONE_CENSUS/11_OLD_VDR_V6_3_FILE_INDEX.txt",8,NO,YES,YES,NO,"/root/Documents/TITAN FINAL/27.03/TITAN_Data_Room_v6_3_Automated/12_GRANTS/GR-01_Grant_Strategy_Overview.md"
"/root/CMU_IPHONE_CENSUS/11_OLD_VDR_V6_3_FILE_INDEX.txt",9,NO,YES,NO,NO,"/root/Documents/TITAN FINAL/27.03/TITAN_Data_Room_v6_3_Automated/12_GRANTS/GR-02_EU_IPA_Documentation.md"
"/root/CMU_IPHONE_CENSUS/11_OLD_VDR_V6_3_FILE_INDEX.txt",23,NO,YES,NO,NO,"/root/Documents/TITAN FINAL/27.03/TITAN_Data_Room_v6_3_Automated/18_AUDIT/AUD-04_Model_Audit_Report.md"
"/root/CMU_IPHONE_CENSUS/11_OLD_VDR_V6_3_FILE_INDEX.txt",42,YES,NO,YES,NO,"/root/Documents/TITAN FINAL/27.03/TITAN_Data_Room_v6_3_Automated/01_EXECUTIVE/EXE-06_Strategic_Rationale.md"
"/root/CMU_IPHONE_CENSUS/11_OLD_VDR_V6_3_FILE_INDEX.txt",52,NO,YES,NO,NO,"/root/Documents/TITAN FINAL/27.03/TITAN_Data_Room_v6_3_Automated/13_RISK/RISK-02_CAPEX_Risk.md"
"/root/CMU_IPHONE_CENSUS/11_OLD_VDR_V6_3_FILE_INDEX.txt",54,YES,NO,NO,NO,"/root/Documents/TITAN FINAL/27.03/TITAN_Data_Room_v6_3_Automated/13_RISK/RISK-06_Operational_Risk.md"
"/root/CMU_IPHONE_CENSUS/11_OLD_VDR_V6_3_FILE_INDEX.txt",59,NO,YES,NO,NO,"/root/Documents/TITAN FINAL/27.03/TITAN_Data_Room_v6_3_Automated/06_CAPEX/CAPEX-04_Construction_Timeline.md"
"/root/CMU_IPHONE_CENSUS/11_OLD_VDR_V6_3_FILE_INDEX.txt",60,NO,YES,NO,NO,"/root/Documents/TITAN FINAL/27.03/TITAN_Data_Room_v6_3_Automated/06_CAPEX/CAPEX-02_P90_CAPEX.md"
"/root/CMU_IPHONE_CENSUS/11_OLD_VDR_V6_3_FILE_INDEX.txt",61,NO,YES,NO,NO,"/root/Documents/TITAN FINAL/27.03/TITAN_Data_Room_v6_3_Automated/06_CAPEX/CAPEX-08_Civil_Works_Scope.md"
"/root/CMU_IPHONE_CENSUS/11_OLD_VDR_V6_3_FILE_INDEX.txt",62,NO,YES,NO,NO,"/root/Documents/TITAN FINAL/27.03/TITAN_Data_Room_v6_3_Automated/06_CAPEX/CAPEX-07_Expansion_CAPEX.md"
"/root/CMU_IPHONE_CENSUS/11_OLD_VDR_V6_3_FILE_INDEX.txt",63,NO,YES,NO,NO,"/root/Documents/TITAN FINAL/27.03/TITAN_Data_Room_v6_3_Automated/06_CAPEX/CAPEX-01_Detailed_CAPEX_Breakdown.md"
"/root/CMU_IPHONE_CENSUS/11_OLD_VDR_V6_3_FILE_INDEX.txt",64,NO,YES,NO,NO,"/root/Documents/TITAN FINAL/27.03/TITAN_Data_Room_v6_3_Automated/06_CAPEX/CAPEX-10_CAPEX_Assumptions_Register.md"
"/root/CMU_IPHONE_CENSUS/11_OLD_VDR_V6_3_FILE_INDEX.txt",65,NO,YES,NO,NO,"/root/Documents/TITAN FINAL/27.03/TITAN_Data_Room_v6_3_Automated/06_CAPEX/CAPEX-05_Contingency_Analysis.md"
"/root/CMU_IPHONE_CENSUS/11_OLD_VDR_V6_3_FILE_INDEX.txt",66,NO,YES,NO,NO,"/root/Documents/TITAN FINAL/27.03/TITAN_Data_Room_v6_3_Automated/06_CAPEX/CAPEX-03_Vendor_Quotes_Register.md"
"/root/CMU_IPHONE_CENSUS/11_OLD_VDR_V6_3_FILE_INDEX.txt",67,NO,YES,NO,NO,"/root/Documents/TITAN FINAL/27.03/TITAN_Data_Room_v6_3_Automated/06_CAPEX/CAPEX-06_IDC_Calculation.md"
"/root/CMU_IPHONE_CENSUS/11_OLD_VDR_V6_3_FILE_INDEX.txt",68,NO,YES,NO,NO,"/root/Documents/TITAN FINAL/27.03/TITAN_Data_Room_v6_3_Automated/06_CAPEX/CAPEX-09_Equipment_Scope.md"
"/root/CMU_IPHONE_CENSUS/11_OLD_VDR_V6_3_FILE_INDEX.txt",69,NO,YES,NO,NO,"/root/Documents/TITAN FINAL/27.03/TITAN_Data_Room_v6_3_Automated/16_HR/HR-06_Headcount_Model.md"
"/root/CMU_IPHONE_CENSUS/11_OLD_VDR_V6_3_FILE_INDEX.txt",75,NO,NO,NO,YES,"/root/Documents/TITAN FINAL/27.03/TITAN_Data_Room_v6_3_Automated/16_HR/HR-07_Health_and_Safety.md"
"/root/CMU_IPHONE_CENSUS/11_OLD_VDR_V6_3_FILE_INDEX.txt",78,NO,YES,NO,NO,"/root/Documents/TITAN FINAL/27.03/TITAN_Data_Room_v6_3_Automated/14_MONTE_CARLO/MC-02_Python_Model.md"
"/root/CMU_IPHONE_CENSUS/11_OLD_VDR_V6_3_FILE_INDEX.txt",79,NO,YES,NO,NO,"/root/Documents/TITAN FINAL/27.03/TITAN_Data_Room_v6_3_Automated/14_MONTE_CARLO/MC-06_Equity_Downside.md"
"/root/CMU_IPHONE_CENSUS/11_OLD_VDR_V6_3_FILE_INDEX.txt",80,NO,YES,NO,NO,"/root/Documents/TITAN FINAL/27.03/TITAN_Data_Room_v6_3_Automated/14_MONTE_CARLO/MC-04_DSCR_Distribution.md"
"/root/CMU_IPHONE_CENSUS/11_OLD_VDR_V6_3_FILE_INDEX.txt",93,NO,NO,YES,NO,"/root/Documents/TITAN FINAL/27.03/TITAN_Data_Room_v6_3_Automated/11_ESG/ESG-01_ESG_Strategy.md"
"/root/CMU_IPHONE_CENSUS/11_OLD_VDR_V6_3_FILE_INDEX.txt",98,NO,NO,YES,NO,"/root/Documents/TITAN FINAL/27.03/TITAN_Data_Room_v6_3_Automated/11_ESG/ESG-07_Governance_Framework.md"
"/root/CMU_IPHONE_CENSUS/11_OLD_VDR_V6_3_FILE_INDEX.txt",102,YES,YES,NO,NO,"/root/Documents/TITAN FINAL/27.03/TITAN_Data_Room_v6_3_Automated/07_FINANCIAL_MODEL/FIN-12_Grant_Integration_Model.md"
"/root/CMU_IPHONE_CENSUS/11_OLD_VDR_V6_3_FILE_INDEX.txt",103,NO,YES,NO,NO,"/root/Documents/TITAN FINAL/27.03/TITAN_Data_Room_v6_3_Automated/07_FINANCIAL_MODEL/FIN-07_LLCR_PLCR_Model.md"
"/root/CMU_IPHONE_CENSUS/11_OLD_VDR_V6_3_FILE_INDEX.txt",104,NO,YES,NO,NO,"/root/Documents/TITAN FINAL/27.03/TITAN_Data_Room_v6_3_Automated/07_FINANCIAL_MODEL/FIN-02_Assumptions_Book.md"
"/root/CMU_IPHONE_CENSUS/11_OLD_VDR_V6_3_FILE_INDEX.txt",105,NO,YES,NO,NO,"/root/Documents/TITAN FINAL/27.03/TITAN_Data_Room_v6_3_Automated/07_FINANCIAL_MODEL/FIN-04_CFADS_Model.md"
"/root/CMU_IPHONE_CENSUS/11_OLD_VDR_V6_3_FILE_INDEX.txt",106,NO,YES,NO,NO,"/root/Documents/TITAN FINAL/27.03/TITAN_Data_Room_v6_3_Automated/07_FINANCIAL_MODEL/FIN-05_Quarterly_Debt_Model.md"
"/root/CMU_IPHONE_CENSUS/11_OLD_VDR_V6_3_FILE_INDEX.txt",107,NO,YES,NO,NO,"/root/Documents/TITAN FINAL/27.03/TITAN_Data_Room_v6_3_Automated/07_FINANCIAL_MODEL/FIN-11_Working_Capital_Model.md"
"/root/CMU_IPHONE_CENSUS/11_OLD_VDR_V6_3_FILE_INDEX.txt",108,NO,YES,NO,NO,"/root/Documents/TITAN FINAL/27.03/TITAN_Data_Room_v6_3_Automated/07_FINANCIAL_MODEL/FIN-08_Sensitivity_Analysis.md"
"/root/CMU_IPHONE_CENSUS/11_OLD_VDR_V6_3_FILE_INDEX.txt",109,NO,YES,NO,NO,"/root/Documents/TITAN FINAL/27.03/TITAN_Data_Room_v6_3_Automated/07_FINANCIAL_MODEL/FIN-09_Scenario_Analysis.md"
"/root/CMU_IPHONE_CENSUS/11_OLD_VDR_V6_3_FILE_INDEX.txt",110,NO,YES,NO,NO,"/root/Documents/TITAN FINAL/27.03/TITAN_Data_Room_v6_3_Automated/07_FINANCIAL_MODEL/FIN-03_DSCR_Model.md"
"/root/CMU_IPHONE_CENSUS/11_OLD_VDR_V6_3_FILE_INDEX.txt",111,NO,YES,NO,NO,"/root/Documents/TITAN FINAL/27.03/TITAN_Data_Room_v6_3_Automated/07_FINANCIAL_MODEL/FIN-06_DSRA_Model.md"
"/root/CMU_IPHONE_CENSUS/11_OLD_VDR_V6_3_FILE_INDEX.txt",112,NO,YES,NO,NO,"/root/Documents/TITAN FINAL/27.03/TITAN_Data_Room_v6_3_Automated/07_FINANCIAL_MODEL/FIN-01_Central_Brain_Master_Model.md"
"/root/CMU_IPHONE_CENSUS/11_OLD_VDR_V6_3_FILE_INDEX.txt",113,NO,YES,NO,NO,"/root/Documents/TITAN FINAL/27.03/TITAN_Data_Room_v6_3_Automated/07_FINANCIAL_MODEL/FIN-10_Dashboard_Notes.md"
"/root/CMU_IPHONE_CENSUS/11_OLD_VDR_V6_3_FILE_INDEX.txt",114,YES,NO,NO,NO,"/root/Documents/TITAN FINAL/27.03/TITAN_Data_Room_v6_3_Automated/05_OPERATIONS/OPS-04_Logistics_Plan.md"
"/root/CMU_IPHONE_CENSUS/11_OLD_VDR_V6_3_FILE_INDEX.txt",115,YES,NO,YES,NO,"/root/Documents/TITAN FINAL/27.03/TITAN_Data_Room_v6_3_Automated/05_OPERATIONS/OPS-05_Procurement_Strategy.md"
"/root/CMU_IPHONE_CENSUS/11_OLD_VDR_V6_3_FILE_INDEX.txt",116,YES,NO,NO,NO,"/root/Documents/TITAN FINAL/27.03/TITAN_Data_Room_v6_3_Automated/05_OPERATIONS/OPS-07_Maintenance_Plan.md"
"/root/CMU_IPHONE_CENSUS/11_OLD_VDR_V6_3_FILE_INDEX.txt",117,YES,NO,NO,NO,"/root/Documents/TITAN FINAL/27.03/TITAN_Data_Room_v6_3_Automated/05_OPERATIONS/OPS-02_OEE_Assumptions.md"
"/root/CMU_IPHONE_CENSUS/11_OLD_VDR_V6_3_FILE_INDEX.txt",118,YES,NO,NO,NO,"/root/Documents/TITAN FINAL/27.03/TITAN_Data_Room_v6_3_Automated/05_OPERATIONS/OPS-01_Production_Plan.md"
"/root/CMU_IPHONE_CENSUS/11_OLD_VDR_V6_3_FILE_INDEX.txt",119,YES,NO,NO,NO,"/root/Documents/TITAN FINAL/27.03/TITAN_Data_Room_v6_3_Automated/05_OPERATIONS/OPS-06_Inventory_Policy.md"
"/root/CMU_IPHONE_CENSUS/11_OLD_VDR_V6_3_FILE_INDEX.txt",120,YES,NO,NO,NO,"/root/Documents/TITAN FINAL/27.03/TITAN_Data_Room_v6_3_Automated/05_OPERATIONS/OPS-09_Ramp_Up_Plan.md"
"/root/CMU_IPHONE_CENSUS/11_OLD_VDR_V6_3_FILE_INDEX.txt",121,YES,NO,NO,NO,"/root/Documents/TITAN FINAL/27.03/TITAN_Data_Room_v6_3_Automated/05_OPERATIONS/OPS-10_KPI_Framework.md"
"/root/CMU_IPHONE_CENSUS/11_OLD_VDR_V6_3_FILE_INDEX.txt",122,YES,NO,NO,NO,"/root/Documents/TITAN FINAL/27.03/TITAN_Data_Room_v6_3_Automated/05_OPERATIONS/OPS-03_Supply_Chain_Map.md"
"/root/CMU_IPHONE_CENSUS/11_OLD_VDR_V6_3_FILE_INDEX.txt",123,YES,YES,NO,NO,"/root/Documents/TITAN FINAL/27.03/TITAN_Data_Room_v6_3_Automated/05_OPERATIONS/OPS-08_Shift_Model.md"
"/root/CMU_IPHONE_CENSUS/11_OLD_VDR_V6_3_FILE_INDEX.txt",126,NO,NO,NO,YES,"/root/Documents/TITAN FINAL/27.03/TITAN_Data_Room_v6_3_Automated/17_IT_SYSTEMS/IT-06_Backup_and_Recovery.md"
"/root/CMU_IPHONE_CENSUS/11_OLD_VDR_V6_3_FILE_INDEX.txt",128,YES,NO,NO,NO,"/root/Documents/TITAN FINAL/27.03/TITAN_Data_Room_v6_3_Automated/17_IT_SYSTEMS/IT-03_SCADA_Integration.md"
"/root/CMU_IPHONE_CENSUS/11_OLD_VDR_V6_3_FILE_INDEX.txt",133,NO,NO,YES,NO,"/root/Documents/TITAN FINAL/27.03/TITAN_Data_Room_v6_3_Automated/09_LEGAL/LEG-07_Corporate_Governance.md"
"/root/CMU_IPHONE_CENSUS/11_OLD_VDR_V6_3_FILE_INDEX.txt",135,YES,NO,NO,NO,"/root/Documents/TITAN FINAL/27.03/TITAN_Data_Room_v6_3_Automated/09_LEGAL/LEG-01_Company_Registration.md"
"/root/CMU_IPHONE_CENSUS/11_OLD_VDR_V6_3_FILE_INDEX.txt",151,NO,NO,YES,NO,"/root/Documents/TITAN FINAL/27.03/TITAN_Data_Room_v6_3_Automated/19_DATA_ROOM_LOG/LOG-03_Investor_Access_Log.csv"
"/root/CMU_IPHONE_CENSUS/11_OLD_VDR_V6_3_FILE_INDEX.txt",164,NO,YES,NO,NO,"/root/Documents/TITAN FINAL/27.03/TITAN_Data_Room_v6_3_Automated/08_FUNDING/FUND-05_Equity_Story.md"
"/root/CMU_IPHONE_CENSUS/11_OLD_VDR_V6_3_FILE_INDEX.txt",165,NO,YES,NO,NO,"/root/Documents/TITAN FINAL/27.03/TITAN_Data_Room_v6_3_Automated/08_FUNDING/FUND-08_Debt_Marketing_List.md"
"/root/CMU_IPHONE_CENSUS/11_OLD_VDR_V6_3_FILE_INDEX.txt",166,NO,NO,YES,NO,"/root/Documents/TITAN FINAL/27.03/TITAN_Data_Room_v6_3_Automated/08_FUNDING/FUND-07_Refinancing_Strategy.md"
"/root/CMU_IPHONE_CENSUS/11_OLD_VDR_V6_3_FILE_INDEX.txt",167,NO,YES,NO,NO,"/root/Documents/TITAN FINAL/27.03/TITAN_Data_Room_v6_3_Automated/08_FUNDING/FUND-02_Debt_Term_Sheet.md"
"/root/CMU_IPHONE_CENSUS/11_OLD_VDR_V6_3_FILE_INDEX.txt",168,NO,NO,YES,NO,"/root/Documents/TITAN FINAL/27.03/TITAN_Data_Room_v6_3_Automated/08_FUNDING/FUND-06_Co_Investment_Strategy.md"
"/root/CMU_IPHONE_CENSUS/11_OLD_VDR_V6_3_FILE_INDEX.txt",169,NO,NO,YES,NO,"/root/Documents/TITAN FINAL/27.03/TITAN_Data_Room_v6_3_Automated/08_FUNDING/FUND-04_Lender_Presentation_EBRD.md"
"/root/CMU_IPHONE_CENSUS/11_OLD_VDR_V6_3_FILE_INDEX.txt",170,NO,NO,YES,NO,"/root/Documents/TITAN FINAL/27.03/TITAN_Data_Room_v6_3_Automated/08_FUNDING/FUND-03_Lender_Presentation_EIB.md"
"/root/CMU_IPHONE_CENSUS/11_OLD_VDR_V6_3_FILE_INDEX.txt",172,NO,NO,YES,NO,"/root/Documents/TITAN FINAL/27.03/TITAN_Data_Room_v6_3_Automated/08_FUNDING/FUND-09_Lender_QA_Register.md"
"/root/DELTA_FINAL_EXPORT/SOUL_EXPORT_20260519_1232/Scripts/DELTA_UNITY_ENGINE_v1_7.py",38,NO,NO,NO,YES,"            return ""Lookup failed"""
"/root/DELTA_FINAL_EXPORT/SOUL_EXPORT_20260519_1232/Scripts/DELTA_UNITY_ENGINE_v1_7.py",71,NO,NO,NO,YES,"                            preview = content.decode('utf-8', errors='ignore')[:500]"
"/root/DELTA_FINAL_EXPORT/SOUL_EXPORT_20260519_1232/Scripts/DELTA_UNITY_ENGINE_v1_7.py",91,NO,YES,NO,NO,"        KEYWORDS = [""TITAN"", ""DELTA"", ""UNITY"", ""VDR"", ""SSOT"", ""CAPEX"", ""DSCR"", ""GRID"", ""ESIA"", ""CEDIS"", ""ARS"", ""ADS"", ""NEURO"", ""MONO"", ""TOKEN""]"
"/root/DELTA_FINAL_EXPORT/SOUL_EXPORT_20260519_1232/Scripts/DELTA_UNITY_ENGINE_v1_7.py",100,NO,NO,NO,YES,"                    if full_path.suffix.lower() == '.zip':"
"/root/DELTA_FINAL_EXPORT/SOUL_EXPORT_20260519_1232/Scripts/DELTA_UNITY_ENGINE_v1_7.py",104,NO,NO,NO,YES,"                    if full_path.suffix.lower() in ['.txt','.md','.json','.py','.csv','.log']:"
"/root/DELTA_FINAL_EXPORT/SOUL_EXPORT_20260519_1232/Scripts/DELTA_UNITY_ENGINE_v1_7.py",110,NO,NO,NO,YES,"                            with open(full_path, 'r', encoding='utf-8', errors='ignore') as f:"
"/root/DELTA_FINAL_EXPORT/SOUL_EXPORT_20260519_1232/Scripts/DELTA_UNITY_ENGINE_v1_7.py",118,NO,NO,NO,YES,"                    if found_keywords or full_path.suffix.lower() == '.zip':"
"/root/DELTA_FINAL_EXPORT/SOUL_EXPORT_20260519_1232/Scripts/iphone_sha_analyzer.py",14,NO,NO,NO,YES,"except ImportError:"
"/root/DELTA_FINAL_EXPORT/SOUL_EXPORT_20260519_1232/Scripts/iphone_sha_analyzer.py",44,NO,NO,NO,YES,"                ext = p.suffix.lower()"
"/root/DELTA_FINAL_EXPORT/SOUL_EXPORT_20260519_1232/Scripts/iphone_sha_analyzer.py",58,NO,NO,NO,YES,"                print(f""Error: {p} -> {e}"")"
"/root/DELTA_FINAL_EXPORT/SOUL_EXPORT_20260519_1232/Scripts/iphone_sha_analyzer.py",77,YES,NO,NO,NO,"    ws2.append([""Metric"", ""Value""])"
"/root/DELTA_FINAL_EXPORT/Scripts/iphone_sha_analyzer.py",14,NO,NO,NO,YES,"except ImportError:"
"/root/DELTA_FINAL_EXPORT/Scripts/iphone_sha_analyzer.py",44,NO,NO,NO,YES,"                ext = p.suffix.lower()"
"/root/DELTA_FINAL_EXPORT/Scripts/iphone_sha_analyzer.py",58,NO,NO,NO,YES,"                print(f""Error: {p} -> {e}"")"
"/root/DELTA_FINAL_EXPORT/Scripts/iphone_sha_analyzer.py",77,YES,NO,NO,NO,"    ws2.append([""Metric"", ""Value""])"
