CLASSIFICATION,NAME,PATH,RISK,NOTES
"UNKNOWN_REVIEW","ARS_Investor_Book_Improved.xlsx","/root/Documents/Exeli/ARS_Investor_Book_Improved.xlsx","LOW","STATIC_CLASSIFICATION_ONLY"
"UNKNOWN_REVIEW","Institutional_Project_Finance_Model_v4_WorldClass_Blank_upgraded.xlsx","/root/Documents/Exeli/Institutional_Project_Finance_Model_v4_WorldClass_Blank_upgraded.xlsx","LOW","STATIC_CLASSIFICATION_ONLY"
"UNKNOWN_REVIEW","ARS_Project_Control_Workbook_v5_MAREL_Integrated.xlsx","/root/Documents/Exeli/ARS_Project_Control_Workbook_v5_MAREL_Integrated.xlsx","LOW","STATIC_CLASSIFICATION_ONLY"
"UNKNOWN_REVIEW","Forensic_Audit_Pack_v2_Clean_Export.xlsx","/root/Documents/Exeli/Forensic_Audit_Pack_v2_Clean_Export.xlsx","LOW","STATIC_CLASSIFICATION_ONLY"
"UNKNOWN_REVIEW","Bank_Grade_Template_Final_Polish.xlsx","/root/Documents/Exeli/Bank_Grade_Template_Final_Polish.xlsx","LOW","STATIC_CLASSIFICATION_ONLY"
"UNKNOWN_REVIEW","ARS_Full_v3_Project_Finance_Model_v3_1.xlsx","/root/Documents/Exeli/ARS_Full_v3_Project_Finance_Model_v3_1.xlsx","LOW","STATIC_CLASSIFICATION_ONLY"
"UNKNOWN_REVIEW","MAREL_Control_Tower_CORRECTED.xlsx","/root/Documents/Exeli/Korigovana/MAREL_Control_Tower_CORRECTED.xlsx","LOW","STATIC_CLASSIFICATION_ONLY"
"UNKNOWN_REVIEW","MAREL_v9_REAL.xlsx","/root/Documents/Exeli/MAREL_v9_REAL.xlsx","LOW","STATIC_CLASSIFICATION_ONLY"
"UNKNOWN_REVIEW","clean_excel_export.xlsx","/root/Documents/Exeli/clean_excel_export.xlsx","LOW","STATIC_CLASSIFICATION_ONLY"
"UNKNOWN_REVIEW","UAE_Investor_Banking_Target_List_v2_Audit_Ready.xlsx","/root/Documents/Exeli/UAE_Investor_Banking_Target_List_v2_Audit_Ready.xlsx","LOW","STATIC_CLASSIFICATION_ONLY"
"UNKNOWN_REVIEW","Project_Finance_Model_v12_Upgraded.xlsx","/root/Documents/Exeli/Project_Finance_Model_v12_Upgraded.xlsx","LOW","STATIC_CLASSIFICATION_ONLY"
"UNKNOWN_REVIEW","UNI-MAK_CAPEX_LOG-001_A4_READY.xlsx","/root/Documents/Exeli/UNI-MAK_CAPEX_LOG-001_A4_READY.xlsx","LOW","STATIC_CLASSIFICATION_ONLY"
"UNKNOWN_REVIEW","Bank_Grade_V4_Model.xlsx","/root/Documents/Exeli/Bank_Grade_V4_Model.xlsx","LOW","STATIC_CLASSIFICATION_ONLY"
"UNKNOWN_REVIEW","Full_Financial_Model_Audit_Report.xlsx","/root/Documents/Exeli/Full_Financial_Model_Audit_Report.xlsx","LOW","STATIC_CLASSIFICATION_ONLY"
"UNKNOWN_REVIEW","ARS_CAPEX_Civil_Packages_v1.1_Harmonized_FINAL.xlsx","/root/Documents/Exeli/ARS_CAPEX_Civil_Packages_v1.1_Harmonized_FINAL.xlsx","LOW","STATIC_CLASSIFICATION_ONLY"
"UNKNOWN_REVIEW","Marel_Ecosystem_v5_Audit_Ready_v1_1_Upgraded.xlsx","/root/Documents/Exeli/Marel_Ecosystem_v5_Audit_Ready_v1_1_Upgraded.xlsx","LOW","STATIC_CLASSIFICATION_ONLY"
"UNKNOWN_REVIEW","CAPEX_FULL_V2_BANK_MODEL.xlsx","/root/Documents/Exeli/CAPEX_FULL_V2_BANK_MODEL.xlsx","LOW","STATIC_CLASSIFICATION_ONLY"
"UNKNOWN_REVIEW","CAPEX_TIMELINE_UNI_MAK_Bank_Grade_Model_Clean_Export.xlsx","/root/Documents/Exeli/CAPEX_TIMELINE_UNI_MAK_Bank_Grade_Model_Clean_Export.xlsx","LOW","STATIC_CLASSIFICATION_ONLY"
"UNKNOWN_REVIEW","WCM_DSCR_v2_CLEAN.xlsx","/root/Documents/Exeli/WCM_DSCR_v2_CLEAN.xlsx","LOW","STATIC_CLASSIFICATION_ONLY"
"UNKNOWN_REVIEW","Outreach_Master_Upgraded.xlsx","/root/Documents/Exeli/Outreach_Master_Upgraded.xlsx","LOW","STATIC_CLASSIFICATION_ONLY"
"UNKNOWN_REVIEW","ANX01_FULL_UPGRADED.xlsx","/root/Documents/Exeli/ANX01_FULL_UPGRADED.xlsx","LOW","STATIC_CLASSIFICATION_ONLY"
"UNKNOWN_REVIEW","Assumptions_Blueprint_v57.xlsx","/root/Documents/Exeli/Assumptions_Blueprint_v57.xlsx","LOW","STATIC_CLASSIFICATION_ONLY"
"UNKNOWN_REVIEW","Outreach_Master_v2.xlsx","/root/Documents/Exeli/Outreach_Master_v2.xlsx","LOW","STATIC_CLASSIFICATION_ONLY"
"UNKNOWN_REVIEW","MAREL_Control_Tower_CLEAN.xlsx","/root/Documents/Exeli/MAREL_Control_Tower_CLEAN.xlsx","LOW","STATIC_CLASSIFICATION_ONLY"
"UNKNOWN_REVIEW","DSCR_SCULPTING_ENGINE.xlsx","/root/Documents/Exeli/DSCR_SCULPTING_ENGINE.xlsx","LOW","STATIC_CLASSIFICATION_ONLY"
"UNKNOWN_REVIEW","ARS_CAPEX_Procurement_Working_Model_v1.xlsx","/root/Documents/Exeli/ARS_CAPEX_Procurement_Working_Model_v1.xlsx","LOW","STATIC_CLASSIFICATION_ONLY"
"UNKNOWN_REVIEW","PUNA_MAPA.txt","/root/Documents/PUNA_MAPA.txt","LOW","STATIC_CLASSIFICATION_ONLY"
"UNKNOWN_REVIEW","SVE_OSJETLJIVO.txt","/root/Documents/SVE_OSJETLJIVO.txt","LOW","STATIC_CLASSIFICATION_ONLY"
"UNKNOWN_REVIEW","MAPA_CIJELOG_UREDAJA.txt","/root/Documents/MAPA_CIJELOG_UREDAJA.txt","LOW","STATIC_CLASSIFICATION_ONLY"
"UNKNOWN_REVIEW","Eco Transformer doo- analitical card.pdf","/root/Documents/Finansiski model /Eco Transformer doo- analitical card.pdf","LOW","STATIC_CLASSIFICATION_ONLY"
"UNKNOWN_REVIEW","IRF - PRIRUCNIK ZA IZRADU INV PROJEKATA 2013 - do 50.pdf","/root/Documents/Finansiski model /IRF - PRIRUCNIK ZA IZRADU INV PROJEKATA 2013 - do 50.pdf","LOW","STATIC_CLASSIFICATION_ONLY"
"UNKNOWN_REVIEW","labaratorija- oprema i metode ispitivanja.xlsx","/root/Documents/Finansiski model /labaratorija- oprema i metode ispitivanja.xlsx","LOW","STATIC_CLASSIFICATION_ONLY"
"UNKNOWN_REVIEW","15.03.2026.xlsm","/root/Documents/Finansiski model /15.03.2026.xlsm","LOW","STATIC_CLASSIFICATION_ONLY"
"UNKNOWN_REVIEW","Eco_v3_harmonised.xlsx","/root/Documents/Finansiski model /Eco_v3_harmonised.xlsx","LOW","STATIC_CLASSIFICATION_ONLY"
"UNKNOWN_REVIEW","Eco v2 15.03.2026.xlsx","/root/Documents/Finansiski model /Eco v2 15.03.2026.xlsx","LOW","STATIC_CLASSIFICATION_ONLY"
"UNKNOWN_REVIEW","Eco v3.xlsx","/root/Documents/Finansiski model /Eco v3.xlsx","LOW","STATIC_CLASSIFICATION_ONLY"
"UNKNOWN_REVIEW","15.03.2024 v2.xlsx","/root/Documents/Finansiski model /15.03.2024 v2.xlsx","LOW","STATIC_CLASSIFICATION_ONLY"
"UNKNOWN_REVIEW","Machine List.xlsx","/root/Documents/Finansiski model /Machine List.xlsx","LOW","STATIC_CLASSIFICATION_ONLY"
"UNKNOWN_REVIEW","Eco transformer factory .xlsx","/root/Documents/Finansiski model /Eco transformer factory .xlsx","LOW","STATIC_CLASSIFICATION_ONLY"
"UNKNOWN_REVIEW","SOUL_MANIFEST.txt","/root/Documents/SOUL_EXPORT_20260519_1232/SOUL_MANIFEST.txt","MEDIUM_GOVERNANCE_SIGNAL","HASH_LEDGER_INDEX_SIGNAL"
"UNKNOWN_REVIEW","iphone_manifest_for_msi_sha256.txt","/root/Documents/SOUL_EXPORT_20260519_1232/iPhone_Exports/iphone_manifest_for_msi_sha256.txt","MEDIUM_GOVERNANCE_SIGNAL","HASH_LEDGER_INDEX_SIGNAL"
"UNKNOWN_REVIEW","IPHONE_STATIC_EXPORT_PACKET_MANIFEST_ONLY_20260519_082406_FOR_MSI_SHA256.txt","/root/Documents/SOUL_EXPORT_20260519_1232/iPhone_Exports/IPHONE_STATIC_EXPORT_PACKET_MANIFEST_ONLY_20260519_082406_FOR_MSI_SHA256.txt","MEDIUM_GOVERNANCE_SIGNAL","HASH_LEDGER_INDEX_SIGNAL"
"UNKNOWN_REVIEW","iPhone_Analysis_20260519_122920.xlsx","/root/Documents/SOUL_EXPORT_20260519_1232/Reports/Excel/iPhone_Analysis_20260519_122920.xlsx","LOW","STATIC_CLASSIFICATION_ONLY"
"UNKNOWN_REVIEW","ARS_PROJECT_ECOSYSTEM_MAP_V24_FILLED.xlsx","/root/Documents/Drive dokumenta /ARS_PROJECT_ECOSYSTEM_MAP_V24_FILLED.xlsx","LOW","STATIC_CLASSIFICATION_ONLY"
"UNKNOWN_REVIEW","ARS_QUANT_INDUSTRIAL_MODEL_100PLUS.xlsx","/root/Documents/Drive dokumenta /ARS_QUANT_INDUSTRIAL_MODEL_100PLUS.xlsx","LOW","STATIC_CLASSIFICATION_ONLY"
"UNKNOWN_REVIEW","ARSMI_Transformer_Tank_Financial_Model_v2.5_BankReady_26Feb2026.xlsx","/root/Documents/Drive dokumenta /ARSMI_Transformer_Tank_Financial_Model_v2.5_BankReady_26Feb2026.xlsx","LOW","STATIC_CLASSIFICATION_ONLY"
"UNKNOWN_REVIEW","ARS_BANK_GRADE_REAL_INPUT_MODEL.xlsx","/root/Documents/Drive dokumenta /ARS_BANK_GRADE_REAL_INPUT_MODEL.xlsx","LOW","STATIC_CLASSIFICATION_ONLY"
"UNKNOWN_REVIEW","ARS_EBRD_Bank_Credit_Memo_Model.xlsx","/root/Documents/Drive dokumenta /ARS_EBRD_Bank_Credit_Memo_Model.xlsx","LOW","STATIC_CLASSIFICATION_ONLY"
"UNKNOWN_REVIEW","ARS_Logframe_Matrix_EU_Style.xlsx","/root/Documents/Drive dokumenta /ARS_Logframe_Matrix_EU_Style.xlsx","LOW","STATIC_CLASSIFICATION_ONLY"
"UNKNOWN_REVIEW","ARS_ULTRA_CFO_Model_Connected_Planning_ULTRA_v6_02-03-2026_revidovan.xlsx","/root/Documents/Drive dokumenta /ARS_ULTRA_CFO_Model_Connected_Planning_ULTRA_v6_02-03-2026_revidovan.xlsx","LOW","STATIC_CLASSIFICATION_ONLY"
"UNKNOWN_REVIEW","ARS_Executive_Cockpit_REVISED.xlsx","/root/Documents/Drive dokumenta /ARS_Executive_Cockpit_REVISED.xlsx","LOW","STATIC_CLASSIFICATION_ONLY"
"UNKNOWN_REVIEW","30_institucija_CG_Funding_real.xlsx","/root/Documents/Drive dokumenta /30_institucija_CG_Funding_real.xlsx","LOW","STATIC_CLASSIFICATION_ONLY"
"UNKNOWN_REVIEW","ARS_BusinessPlan_Harmonized_Forensic_Review.xlsx","/root/Documents/Drive dokumenta /ARS_BusinessPlan_Harmonized_Forensic_Review.xlsx","LOW","STATIC_CLASSIFICATION_ONLY"
"UNKNOWN_REVIEW","ARS_CCC_Model_Montenegro_2026_2030_EXECUTIVE.xlsx","/root/Documents/Drive dokumenta /ARS_CCC_Model_Montenegro_2026_2030_EXECUTIVE.xlsx","LOW","STATIC_CLASSIFICATION_ONLY"
"UNKNOWN_REVIEW","ARS_FINAL_HARMONIZED_MODEL.xlsx","/root/Documents/Drive dokumenta /ARS_FINAL_HARMONIZED_MODEL.xlsx","LOW","STATIC_CLASSIFICATION_ONLY"
"UNKNOWN_REVIEW","Advanced_CAPEX_Model.xlsx","/root/Documents/Drive dokumenta /Advanced_CAPEX_Model.xlsx","LOW","STATIC_CLASSIFICATION_ONLY"
"UNKNOWN_REVIEW","_users_e324f777-8af8-4911-b526-8915719636fe_generated_8849d777-99b8-4060-8f66-19a62b65a5fb_generated_video.MP4","/root/Documents/002. Materijal za Tik tok/07.04/_users_e324f777-8af8-4911-b526-8915719636fe_generated_8849d777-99b8-4060-8f66-19a62b65a5fb_generated_video.MP4","LOW","STATIC_CLASSIFICATION_ONLY"
"UNKNOWN_REVIEW","IMG_0229.JPG","/root/Documents/002. Materijal za Tik tok/07.04/IMG_0229.JPG","LOW","STATIC_CLASSIFICATION_ONLY"
"UNKNOWN_REVIEW","IMG_0215.JPG","/root/Documents/002. Materijal za Tik tok/07.04/IMG_0215.JPG","LOW","STATIC_CLASSIFICATION_ONLY"
"UNKNOWN_REVIEW","IMG_0017.JPG","/root/Documents/002. Materijal za Tik tok/07.04/IMG_0017.JPG","LOW","STATIC_CLASSIFICATION_ONLY"
"UNKNOWN_REVIEW","IMG_0003.JPG","/root/Documents/002. Materijal za Tik tok/07.04/IMG_0003.JPG","LOW","STATIC_CLASSIFICATION_ONLY"
"UNKNOWN_REVIEW","IMG_0201.PNG","/root/Documents/002. Materijal za Tik tok/07.04/IMG_0201.PNG","LOW","STATIC_CLASSIFICATION_ONLY"
"UNKNOWN_REVIEW","_users_e324f777-8af8-4911-b526-8915719636fe_generated_dcd06b65-2de7-447e-ae71-cea4a76dd07d_generated_video.MP4","/root/Documents/002. Materijal za Tik tok/07.04/_users_e324f777-8af8-4911-b526-8915719636fe_generated_dcd06b65-2de7-447e-ae71-cea4a76dd07d_generated_video.MP4","LOW","STATIC_CLASSIFICATION_ONLY"
"UNKNOWN_REVIEW","IMG_0200.PNG","/root/Documents/002. Materijal za Tik tok/07.04/IMG_0200.PNG","LOW","STATIC_CLASSIFICATION_ONLY"
"UNKNOWN_REVIEW","IMG_0002.JPG","/root/Documents/002. Materijal za Tik tok/07.04/IMG_0002.JPG","LOW","STATIC_CLASSIFICATION_ONLY"
"UNKNOWN_REVIEW","IMG_0016.JPG","/root/Documents/002. Materijal za Tik tok/07.04/IMG_0016.JPG","LOW","STATIC_CLASSIFICATION_ONLY"
"UNKNOWN_REVIEW","IMG_0214.JPG","/root/Documents/002. Materijal za Tik tok/07.04/IMG_0214.JPG","LOW","STATIC_CLASSIFICATION_ONLY"
"UNKNOWN_REVIEW","IMG_0228.JPG","/root/Documents/002. Materijal za Tik tok/07.04/IMG_0228.JPG","LOW","STATIC_CLASSIFICATION_ONLY"
"UNKNOWN_REVIEW","fe6d4fe93443467fb0b29d1cb9ccd18b.MOV","/root/Documents/002. Materijal za Tik tok/07.04/fe6d4fe93443467fb0b29d1cb9ccd18b.MOV","LOW","STATIC_CLASSIFICATION_ONLY"
"UNKNOWN_REVIEW","_users_e324f777-8af8-4911-b526-8915719636fe_generated_bb6c9248-325e-49a6-8f45-0e657269197f_generated_video.MP4","/root/Documents/002. Materijal za Tik tok/07.04/_users_e324f777-8af8-4911-b526-8915719636fe_generated_bb6c9248-325e-49a6-8f45-0e657269197f_generated_video.MP4","LOW","STATIC_CLASSIFICATION_ONLY"
"UNKNOWN_REVIEW","IMG_0216.JPG","/root/Documents/002. Materijal za Tik tok/07.04/IMG_0216.JPG","LOW","STATIC_CLASSIFICATION_ONLY"
"UNKNOWN_REVIEW","IMG_9959.PNG","/root/Documents/002. Materijal za Tik tok/07.04/IMG_9959.PNG","LOW","STATIC_CLASSIFICATION_ONLY"
"UNKNOWN_REVIEW","IMG_0028.JPG","/root/Documents/002. Materijal za Tik tok/07.04/IMG_0028.JPG","LOW","STATIC_CLASSIFICATION_ONLY"
"UNKNOWN_REVIEW","IMG_0014.JPG","/root/Documents/002. Materijal za Tik tok/07.04/IMG_0014.JPG","LOW","STATIC_CLASSIFICATION_ONLY"
"UNKNOWN_REVIEW","IMG_0202.PNG","/root/Documents/002. Materijal za Tik tok/07.04/IMG_0202.PNG","LOW","STATIC_CLASSIFICATION_ONLY"
"UNKNOWN_REVIEW","IMG_0217.PNG","/root/Documents/002. Materijal za Tik tok/07.04/IMG_0217.PNG","LOW","STATIC_CLASSIFICATION_ONLY"
"UNKNOWN_REVIEW","IMG_0015.JPG","/root/Documents/002. Materijal za Tik tok/07.04/IMG_0015.JPG","LOW","STATIC_CLASSIFICATION_ONLY"
"UNKNOWN_REVIEW","IMG_0001.JPG","/root/Documents/002. Materijal za Tik tok/07.04/IMG_0001.JPG","LOW","STATIC_CLASSIFICATION_ONLY"
"UNKNOWN_REVIEW","IMG_9958.PNG","/root/Documents/002. Materijal za Tik tok/07.04/IMG_9958.PNG","LOW","STATIC_CLASSIFICATION_ONLY"
"UNKNOWN_REVIEW","60292C09-83C1-4419-A0EB-91EA55373AE7.PNG","/root/Documents/002. Materijal za Tik tok/07.04/60292C09-83C1-4419-A0EB-91EA55373AE7.PNG","LOW","STATIC_CLASSIFICATION_ONLY"
"UNKNOWN_REVIEW","IMG_0175.JPG","/root/Documents/002. Materijal za Tik tok/07.04/IMG_0175.JPG","LOW","STATIC_CLASSIFICATION_ONLY"
"UNKNOWN_REVIEW","66609BCA-9D18-4121-ABB3-B45A1A70BA5A.JPG","/root/Documents/002. Materijal za Tik tok/07.04/66609BCA-9D18-4121-ABB3-B45A1A70BA5A.JPG","LOW","STATIC_CLASSIFICATION_ONLY"
"UNKNOWN_REVIEW","IMG_9948.PNG","/root/Documents/002. Materijal za Tik tok/07.04/IMG_9948.PNG","LOW","STATIC_CLASSIFICATION_ONLY"
"UNKNOWN_REVIEW","IMG_9960.PNG","/root/Documents/002. Materijal za Tik tok/07.04/IMG_9960.PNG","LOW","STATIC_CLASSIFICATION_ONLY"
"UNKNOWN_REVIEW","IMG_0005.JPG","/root/Documents/002. Materijal za Tik tok/07.04/IMG_0005.JPG","LOW","STATIC_CLASSIFICATION_ONLY"
"UNKNOWN_REVIEW","IMG_0011.JPG","/root/Documents/002. Materijal za Tik tok/07.04/IMG_0011.JPG","LOW","STATIC_CLASSIFICATION_ONLY"
"UNKNOWN_REVIEW","IMG_0207.PNG","/root/Documents/002. Materijal za Tik tok/07.04/IMG_0207.PNG","LOW","STATIC_CLASSIFICATION_ONLY"
"UNKNOWN_REVIEW","IMG_0010.JPG","/root/Documents/002. Materijal za Tik tok/07.04/IMG_0010.JPG","LOW","STATIC_CLASSIFICATION_ONLY"
"UNKNOWN_REVIEW","IMG_0004.JPG","/root/Documents/002. Materijal za Tik tok/07.04/IMG_0004.JPG","LOW","STATIC_CLASSIFICATION_ONLY"
"UNKNOWN_REVIEW","IMG_0212.JPG","/root/Documents/002. Materijal za Tik tok/07.04/IMG_0212.JPG","LOW","STATIC_CLASSIFICATION_ONLY"
"UNKNOWN_REVIEW","IMG_0206.JPG","/root/Documents/002. Materijal za Tik tok/07.04/IMG_0206.JPG","LOW","STATIC_CLASSIFICATION_ONLY"
"UNKNOWN_REVIEW","IMG_9949.PNG","/root/Documents/002. Materijal za Tik tok/07.04/IMG_9949.PNG","LOW","STATIC_CLASSIFICATION_ONLY"
"UNKNOWN_REVIEW","_users_e324f777-8af8-4911-b526-8915719636fe_generated_f965d8ae-9c21-494d-9c1d-bdde761ea10e_generated_video 2.MP4","/root/Documents/002. Materijal za Tik tok/07.04/_users_e324f777-8af8-4911-b526-8915719636fe_generated_f965d8ae-9c21-494d-9c1d-bdde761ea10e_generated_video 2.MP4","LOW","STATIC_CLASSIFICATION_ONLY"
"UNKNOWN_REVIEW","_users_e324f777-8af8-4911-b526-8915719636fe_generated_911aa78b-d5fc-41b6-97eb-1c7b85d3f3c0_generated_video.MP4","/root/Documents/002. Materijal za Tik tok/07.04/_users_e324f777-8af8-4911-b526-8915719636fe_generated_911aa78b-d5fc-41b6-97eb-1c7b85d3f3c0_generated_video.MP4","LOW","STATIC_CLASSIFICATION_ONLY"
"UNKNOWN_REVIEW","92309000-3F67-4DA6-8323-D13783F33146.MOV","/root/Documents/002. Materijal za Tik tok/07.04/92309000-3F67-4DA6-8323-D13783F33146.MOV","LOW","STATIC_CLASSIFICATION_ONLY"
"UNKNOWN_REVIEW","IMG_0199.PNG","/root/Documents/002. Materijal za Tik tok/07.04/IMG_0199.PNG","LOW","STATIC_CLASSIFICATION_ONLY"
"UNKNOWN_REVIEW","IMG_0172.PNG","/root/Documents/002. Materijal za Tik tok/07.04/IMG_0172.PNG","LOW","STATIC_CLASSIFICATION_ONLY"
"UNKNOWN_REVIEW","IMG_0210.JPG","/root/Documents/002. Materijal za Tik tok/07.04/IMG_0210.JPG","LOW","STATIC_CLASSIFICATION_ONLY"
"UNKNOWN_REVIEW","IMG_9988.PNG","/root/Documents/002. Materijal za Tik tok/07.04/IMG_9988.PNG","LOW","STATIC_CLASSIFICATION_ONLY"
"UNKNOWN_REVIEW","IMG_0012.JPG","/root/Documents/002. Materijal za Tik tok/07.04/IMG_0012.JPG","LOW","STATIC_CLASSIFICATION_ONLY"
"UNKNOWN_REVIEW","IMG_0006.JPG","/root/Documents/002. Materijal za Tik tok/07.04/IMG_0006.JPG","LOW","STATIC_CLASSIFICATION_ONLY"
"UNKNOWN_REVIEW","IMG_0204.PNG","/root/Documents/002. Materijal za Tik tok/07.04/IMG_0204.PNG","LOW","STATIC_CLASSIFICATION_ONLY"
"UNKNOWN_REVIEW","34846FE0-A03D-499D-B799-7D33810127DB.JPG","/root/Documents/002. Materijal za Tik tok/07.04/34846FE0-A03D-499D-B799-7D33810127DB.JPG","LOW","STATIC_CLASSIFICATION_ONLY"
"UNKNOWN_REVIEW","IMG_0211.PNG","/root/Documents/002. Materijal za Tik tok/07.04/IMG_0211.PNG","LOW","STATIC_CLASSIFICATION_ONLY"
"UNKNOWN_REVIEW","IMG_0007.JPG","/root/Documents/002. Materijal za Tik tok/07.04/IMG_0007.JPG","LOW","STATIC_CLASSIFICATION_ONLY"
"UNKNOWN_REVIEW","IMG_9989.JPG","/root/Documents/002. Materijal za Tik tok/07.04/IMG_9989.JPG","LOW","STATIC_CLASSIFICATION_ONLY"
"UNKNOWN_REVIEW","IMG_0013.JPG","/root/Documents/002. Materijal za Tik tok/07.04/IMG_0013.JPG","LOW","STATIC_CLASSIFICATION_ONLY"
"UNKNOWN_REVIEW","IMG_0205.JPG","/root/Documents/002. Materijal za Tik tok/07.04/IMG_0205.JPG","LOW","STATIC_CLASSIFICATION_ONLY"
"UNKNOWN_REVIEW","IMG_0198.PNG","/root/Documents/002. Materijal za Tik tok/07.04/IMG_0198.PNG","LOW","STATIC_CLASSIFICATION_ONLY"
"UNKNOWN_REVIEW","IMG_0225 2.JPG","/root/Documents/002. Materijal za Tik tok/07.04/IMG_0225 2.JPG","LOW","STATIC_CLASSIFICATION_ONLY"
"UNKNOWN_REVIEW","_users_e324f777-8af8-4911-b526-8915719636fe_generated_18c9eb43-57dc-45fd-a28c-827aa6ef3f77_generated_video.MP4","/root/Documents/002. Materijal za Tik tok/07.04/_users_e324f777-8af8-4911-b526-8915719636fe_generated_18c9eb43-57dc-45fd-a28c-827aa6ef3f77_generated_video.MP4","LOW","STATIC_CLASSIFICATION_ONLY"
"UNKNOWN_REVIEW","_users_e324f777-8af8-4911-b526-8915719636fe_generated_8716b86a-5a6a-45a3-ac93-d230d2e4b05e_generated_video.MP4","/root/Documents/002. Materijal za Tik tok/07.04/_users_e324f777-8af8-4911-b526-8915719636fe_generated_8716b86a-5a6a-45a3-ac93-d230d2e4b05e_generated_video.MP4","LOW","STATIC_CLASSIFICATION_ONLY"
"UNKNOWN_REVIEW","IMG_9911.JPG","/root/Documents/002. Materijal za Tik tok/07.04/IMG_9911.JPG","LOW","STATIC_CLASSIFICATION_ONLY"
"UNKNOWN_REVIEW","_users_e324f777-8af8-4911-b526-8915719636fe_generated_ad693823-366d-43f8-8423-2b05ee147522_generated_video.MP4","/root/Documents/002. Materijal za Tik tok/07.04/_users_e324f777-8af8-4911-b526-8915719636fe_generated_ad693823-366d-43f8-8423-2b05ee147522_generated_video.MP4","LOW","STATIC_CLASSIFICATION_ONLY"
"UNKNOWN_REVIEW","IMG_9910.JPG","/root/Documents/002. Materijal za Tik tok/07.04/IMG_9910.JPG","LOW","STATIC_CLASSIFICATION_ONLY"
"UNKNOWN_REVIEW","_users_e324f777-8af8-4911-b526-8915719636fe_generated_45d6c0af-c896-42ea-9c95-272472925f53_generated_video.MP4","/root/Documents/002. Materijal za Tik tok/07.04/_users_e324f777-8af8-4911-b526-8915719636fe_generated_45d6c0af-c896-42ea-9c95-272472925f53_generated_video.MP4","LOW","STATIC_CLASSIFICATION_ONLY"
"UNKNOWN_REVIEW","IMG_9906.JPG","/root/Documents/002. Materijal za Tik tok/07.04/IMG_9906.JPG","LOW","STATIC_CLASSIFICATION_ONLY"
"UNKNOWN_REVIEW","IMG_9912.JPG","/root/Documents/002. Materijal za Tik tok/07.04/IMG_9912.JPG","LOW","STATIC_CLASSIFICATION_ONLY"
"UNKNOWN_REVIEW","IMG_9907.JPG","/root/Documents/002. Materijal za Tik tok/07.04/IMG_9907.JPG","LOW","STATIC_CLASSIFICATION_ONLY"
"UNKNOWN_REVIEW","_users_e324f777-8af8-4911-b526-8915719636fe_generated_efc3603e-f170-46ca-b4cc-ad5479102842_generated_video.MP4","/root/Documents/002. Materijal za Tik tok/07.04/_users_e324f777-8af8-4911-b526-8915719636fe_generated_efc3603e-f170-46ca-b4cc-ad5479102842_generated_video.MP4","LOW","STATIC_CLASSIFICATION_ONLY"
"UNKNOWN_REVIEW","_users_e324f777-8af8-4911-b526-8915719636fe_generated_4f6f6b43-5670-44af-be44-faad452559ac_generated_video.MP4","/root/Documents/002. Materijal za Tik tok/07.04/_users_e324f777-8af8-4911-b526-8915719636fe_generated_4f6f6b43-5670-44af-be44-faad452559ac_generated_video.MP4","LOW","STATIC_CLASSIFICATION_ONLY"
"UNKNOWN_REVIEW","_users_e324f777-8af8-4911-b526-8915719636fe_generated_528c8d77-39f5-4fe3-9857-f3efe11a574b_generated_video.MP4","/root/Documents/002. Materijal za Tik tok/07.04/_users_e324f777-8af8-4911-b526-8915719636fe_generated_528c8d77-39f5-4fe3-9857-f3efe11a574b_generated_video.MP4","LOW","STATIC_CLASSIFICATION_ONLY"
"UNKNOWN_REVIEW","IMG_9903.JPG","/root/Documents/002. Materijal za Tik tok/07.04/IMG_9903.JPG","LOW","STATIC_CLASSIFICATION_ONLY"
"UNKNOWN_REVIEW","_users_e324f777-8af8-4911-b526-8915719636fe_generated_585b366b-976c-43e8-9cfc-39ae31a9dfaf_generated_video.MP4","/root/Documents/002. Materijal za Tik tok/07.04/_users_e324f777-8af8-4911-b526-8915719636fe_generated_585b366b-976c-43e8-9cfc-39ae31a9dfaf_generated_video.MP4","LOW","STATIC_CLASSIFICATION_ONLY"
"UNKNOWN_REVIEW","_users_e324f777-8af8-4911-b526-8915719636fe_generated_b3b76b07-b474-4298-98f9-ad92fc5f7dae_generated_video.MP4","/root/Documents/002. Materijal za Tik tok/07.04/_users_e324f777-8af8-4911-b526-8915719636fe_generated_b3b76b07-b474-4298-98f9-ad92fc5f7dae_generated_video.MP4","LOW","STATIC_CLASSIFICATION_ONLY"
"UNKNOWN_REVIEW","IMG_0073.JPG","/root/Documents/002. Materijal za Tik tok/07.04/IMG_0073.JPG","LOW","STATIC_CLASSIFICATION_ONLY"
"UNKNOWN_REVIEW","_users_e324f777-8af8-4911-b526-8915719636fe_generated_174666aa-e544-4927-8d8d-26be9e39a630_generated_video.MP4","/root/Documents/002. Materijal za Tik tok/07.04/_users_e324f777-8af8-4911-b526-8915719636fe_generated_174666aa-e544-4927-8d8d-26be9e39a630_generated_video.MP4","LOW","STATIC_CLASSIFICATION_ONLY"
"UNKNOWN_REVIEW","99ADA493-534D-7581-7F83-444D3C629ADF.MP4","/root/Documents/002. Materijal za Tik tok/07.04/99ADA493-534D-7581-7F83-444D3C629ADF.MP4","LOW","STATIC_CLASSIFICATION_ONLY"
"UNKNOWN_REVIEW","5104eea5f48648d2b084252e9b18594d.MOV","/root/Documents/002. Materijal za Tik tok/07.04/5104eea5f48648d2b084252e9b18594d.MOV","LOW","STATIC_CLASSIFICATION_ONLY"
"UNKNOWN_REVIEW","IMG_0065.JPG","/root/Documents/002. Materijal za Tik tok/07.04/IMG_0065.JPG","LOW","STATIC_CLASSIFICATION_ONLY"
"UNKNOWN_REVIEW","v14044g50000d79va17og65j3i1sr990.MP4","/root/Documents/002. Materijal za Tik tok/07.04/v14044g50000d79va17og65j3i1sr990.MP4","LOW","STATIC_CLASSIFICATION_ONLY"
"UNKNOWN_REVIEW","_users_e324f777-8af8-4911-b526-8915719636fe_generated_f965d8ae-9c21-494d-9c1d-bdde761ea10e_generated_video.MP4","/root/Documents/002. Materijal za Tik tok/07.04/_users_e324f777-8af8-4911-b526-8915719636fe_generated_f965d8ae-9c21-494d-9c1d-bdde761ea10e_generated_video.MP4","LOW","STATIC_CLASSIFICATION_ONLY"
"UNKNOWN_REVIEW","24f23ba87da645c5bdfdb6665f41911a.MOV","/root/Documents/002. Materijal za Tik tok/07.04/24f23ba87da645c5bdfdb6665f41911a.MOV","LOW","STATIC_CLASSIFICATION_ONLY"
"UNKNOWN_REVIEW","_users_e324f777-8af8-4911-b526-8915719636fe_generated_d6a5b292-5dad-4232-baf3-5202f08b32a7_generated_video.MP4","/root/Documents/002. Materijal za Tik tok/07.04/_users_e324f777-8af8-4911-b526-8915719636fe_generated_d6a5b292-5dad-4232-baf3-5202f08b32a7_generated_video.MP4","LOW","STATIC_CLASSIFICATION_ONLY"
"UNKNOWN_REVIEW","IMG_0212 2.JPG","/root/Documents/002. Materijal za Tik tok/07.04/IMG_0212 2.JPG","LOW","STATIC_CLASSIFICATION_ONLY"
"UNKNOWN_REVIEW","_users_e324f777-8af8-4911-b526-8915719636fe_generated_d6a5b292-5dad-4232-baf3-5202f08b32a7_generated_video 2.MP4","/root/Documents/002. Materijal za Tik tok/07.04/_users_e324f777-8af8-4911-b526-8915719636fe_generated_d6a5b292-5dad-4232-baf3-5202f08b32a7_generated_video 2.MP4","LOW","STATIC_CLASSIFICATION_ONLY"
"UNKNOWN_REVIEW","_users_e324f777-8af8-4911-b526-8915719636fe_generated_d6a5b292-5dad-4232-baf3-5202f08b32a7_generated_video 3.MP4","/root/Documents/002. Materijal za Tik tok/07.04/_users_e324f777-8af8-4911-b526-8915719636fe_generated_d6a5b292-5dad-4232-baf3-5202f08b32a7_generated_video 3.MP4","LOW","STATIC_CLASSIFICATION_ONLY"
"UNKNOWN_REVIEW","_users_e324f777-8af8-4911-b526-8915719636fe_generated_a4a9c3f7-eb87-4fd7-9ae5-815dcd11965b_generated_video.MP4","/root/Documents/002. Materijal za Tik tok/07.04/_users_e324f777-8af8-4911-b526-8915719636fe_generated_a4a9c3f7-eb87-4fd7-9ae5-815dcd11965b_generated_video.MP4","LOW","STATIC_CLASSIFICATION_ONLY"
"UNKNOWN_REVIEW","_users_e324f777-8af8-4911-b526-8915719636fe_generated_51354302-2944-4caf-99f6-ca2016a72854_generated_video.MP4","/root/Documents/002. Materijal za Tik tok/07.04/_users_e324f777-8af8-4911-b526-8915719636fe_generated_51354302-2944-4caf-99f6-ca2016a72854_generated_video.MP4","LOW","STATIC_CLASSIFICATION_ONLY"
"UNKNOWN_REVIEW","_users_e324f777-8af8-4911-b526-8915719636fe_generated_ba3e3129-58ac-4e66-980e-bf3bae867de9_generated_video.MP4","/root/Documents/002. Materijal za Tik tok/07.04/_users_e324f777-8af8-4911-b526-8915719636fe_generated_ba3e3129-58ac-4e66-980e-bf3bae867de9_generated_video.MP4","LOW","STATIC_CLASSIFICATION_ONLY"
"UNKNOWN_REVIEW","_users_e324f777-8af8-4911-b526-8915719636fe_generated_8b0f43de-806e-4ebc-9664-36b98f66777f_generated_video.MP4","/root/Documents/002. Materijal za Tik tok/07.04/_users_e324f777-8af8-4911-b526-8915719636fe_generated_8b0f43de-806e-4ebc-9664-36b98f66777f_generated_video.MP4","LOW","STATIC_CLASSIFICATION_ONLY"
"UNKNOWN_REVIEW","_users_e324f777-8af8-4911-b526-8915719636fe_generated_b5d5a169-d8fc-41eb-9b02-bc0a6635f1ac_generated_video.MP4","/root/Documents/002. Materijal za Tik tok/07.04/_users_e324f777-8af8-4911-b526-8915719636fe_generated_b5d5a169-d8fc-41eb-9b02-bc0a6635f1ac_generated_video.MP4","LOW","STATIC_CLASSIFICATION_ONLY"
"UNKNOWN_REVIEW","_users_e324f777-8af8-4911-b526-8915719636fe_generated_6f3128d4-e6f2-47bd-b3d8-6d28c23eba2d_generated_video.MP4","/root/Documents/002. Materijal za Tik tok/07.04/_users_e324f777-8af8-4911-b526-8915719636fe_generated_6f3128d4-e6f2-47bd-b3d8-6d28c23eba2d_generated_video.MP4","LOW","STATIC_CLASSIFICATION_ONLY"
"UNKNOWN_REVIEW","_users_e324f777-8af8-4911-b526-8915719636fe_generated_31f4b453-48f6-4a7c-af05-96fe6f9d60c8_generated_video.MP4","/root/Documents/002. Materijal za Tik tok/07.04/_users_e324f777-8af8-4911-b526-8915719636fe_generated_31f4b453-48f6-4a7c-af05-96fe6f9d60c8_generated_video.MP4","LOW","STATIC_CLASSIFICATION_ONLY"
"UNKNOWN_REVIEW","_users_e324f777-8af8-4911-b526-8915719636fe_generated_0f3e91ba-cad3-4e1b-abd9-dc351dd1504b_generated_video.MP4","/root/Documents/002. Materijal za Tik tok/07.04/_users_e324f777-8af8-4911-b526-8915719636fe_generated_0f3e91ba-cad3-4e1b-abd9-dc351dd1504b_generated_video.MP4","LOW","STATIC_CLASSIFICATION_ONLY"
"UNKNOWN_REVIEW","_users_e324f777-8af8-4911-b526-8915719636fe_generated_3943d317-d22a-4e2e-b620-e14ba14b50fb_generated_video.MP4","/root/Documents/002. Materijal za Tik tok/07.04/_users_e324f777-8af8-4911-b526-8915719636fe_generated_3943d317-d22a-4e2e-b620-e14ba14b50fb_generated_video.MP4","LOW","STATIC_CLASSIFICATION_ONLY"
"UNKNOWN_REVIEW","IMG_0208.JPG","/root/Documents/002. Materijal za Tik tok/07.04/IMG_0208.JPG","LOW","STATIC_CLASSIFICATION_ONLY"
"UNKNOWN_REVIEW","IMG_9990.JPG","/root/Documents/002. Materijal za Tik tok/07.04/IMG_9990.JPG","LOW","STATIC_CLASSIFICATION_ONLY"
"UNKNOWN_REVIEW","IMG_0022.JPG","/root/Documents/002. Materijal za Tik tok/07.04/IMG_0022.JPG","LOW","STATIC_CLASSIFICATION_ONLY"
"UNKNOWN_REVIEW","IMG_9953.JPG","/root/Documents/002. Materijal za Tik tok/07.04/IMG_9953.JPG","LOW","STATIC_CLASSIFICATION_ONLY"
"UNKNOWN_REVIEW","IMG_0220.PNG","/root/Documents/002. Materijal za Tik tok/07.04/IMG_0220.PNG","LOW","STATIC_CLASSIFICATION_ONLY"
"UNKNOWN_REVIEW","IMG_0209.PNG","/root/Documents/002. Materijal za Tik tok/07.04/IMG_0209.PNG","LOW","STATIC_CLASSIFICATION_ONLY"
"UNKNOWN_REVIEW","IMG_0023.JPG","/root/Documents/002. Materijal za Tik tok/07.04/IMG_0023.JPG","LOW","STATIC_CLASSIFICATION_ONLY"
"UNKNOWN_REVIEW","_users_e324f777-8af8-4911-b526-8915719636fe_generated_8849d777-99b8-4060-8f66-19a62b65a5fb_generated_video 2.MP4","/root/Documents/002. Materijal za Tik tok/07.04/_users_e324f777-8af8-4911-b526-8915719636fe_generated_8849d777-99b8-4060-8f66-19a62b65a5fb_generated_video 2.MP4","LOW","STATIC_CLASSIFICATION_ONLY"
"UNKNOWN_REVIEW","IMG_9991.PNG","/root/Documents/002. Materijal za Tik tok/07.04/IMG_9991.PNG","LOW","STATIC_CLASSIFICATION_ONLY"
"UNKNOWN_REVIEW","IMG_0221.JPG","/root/Documents/002. Materijal za Tik tok/07.04/IMG_0221.JPG","LOW","STATIC_CLASSIFICATION_ONLY"
"UNKNOWN_REVIEW","IMG_9952.PNG","/root/Documents/002. Materijal za Tik tok/07.04/IMG_9952.PNG","LOW","STATIC_CLASSIFICATION_ONLY"
"UNKNOWN_REVIEW","9b7d361d8d13463ab2f7fbc47c8d5508.MOV","/root/Documents/002. Materijal za Tik tok/07.04/9b7d361d8d13463ab2f7fbc47c8d5508.MOV","LOW","STATIC_CLASSIFICATION_ONLY"
"UNKNOWN_REVIEW","IMG_0196.PNG","/root/Documents/002. Materijal za Tik tok/07.04/IMG_0196.PNG","LOW","STATIC_CLASSIFICATION_ONLY"
"UNKNOWN_REVIEW","IMG_9950.PNG","/root/Documents/002. Materijal za Tik tok/07.04/IMG_9950.PNG","LOW","STATIC_CLASSIFICATION_ONLY"
"UNKNOWN_REVIEW","_users_e324f777-8af8-4911-b526-8915719636fe_generated_efc3603e-f170-46ca-b4cc-ad5479102842_generated_video 2.MP4","/root/Documents/002. Materijal za Tik tok/07.04/_users_e324f777-8af8-4911-b526-8915719636fe_generated_efc3603e-f170-46ca-b4cc-ad5479102842_generated_video 2.MP4","LOW","STATIC_CLASSIFICATION_ONLY"
"UNKNOWN_REVIEW","IMG_0021.JPG","/root/Documents/002. Materijal za Tik tok/07.04/IMG_0021.JPG","LOW","STATIC_CLASSIFICATION_ONLY"
"UNKNOWN_REVIEW","IMG_0223.PNG","/root/Documents/002. Materijal za Tik tok/07.04/IMG_0223.PNG","LOW","STATIC_CLASSIFICATION_ONLY"
"UNKNOWN_REVIEW","_users_e324f777-8af8-4911-b526-8915719636fe_generated_1dfe8e9b-429a-455f-b924-33c09c800803_generated_video 3.MP4","/root/Documents/002. Materijal za Tik tok/07.04/_users_e324f777-8af8-4911-b526-8915719636fe_generated_1dfe8e9b-429a-455f-b924-33c09c800803_generated_video 3.MP4","LOW","STATIC_CLASSIFICATION_ONLY"
"UNKNOWN_REVIEW","_users_e324f777-8af8-4911-b526-8915719636fe_generated_1dfe8e9b-429a-455f-b924-33c09c800803_generated_video 2.MP4","/root/Documents/002. Materijal za Tik tok/07.04/_users_e324f777-8af8-4911-b526-8915719636fe_generated_1dfe8e9b-429a-455f-b924-33c09c800803_generated_video 2.MP4","LOW","STATIC_CLASSIFICATION_ONLY"
"UNKNOWN_REVIEW","IMG_0020.JPG","/root/Documents/002. Materijal za Tik tok/07.04/IMG_0020.JPG","LOW","STATIC_CLASSIFICATION_ONLY"
"UNKNOWN_REVIEW","IMG_0008.JPG","/root/Documents/002. Materijal za Tik tok/07.04/IMG_0008.JPG","LOW","STATIC_CLASSIFICATION_ONLY"
"UNKNOWN_REVIEW","IMG_9992.PNG","/root/Documents/002. Materijal za Tik tok/07.04/IMG_9992.PNG","LOW","STATIC_CLASSIFICATION_ONLY"
"UNKNOWN_REVIEW","IMG_0222.JPG","/root/Documents/002. Materijal za Tik tok/07.04/IMG_0222.JPG","LOW","STATIC_CLASSIFICATION_ONLY"
"UNKNOWN_REVIEW","IMG_9951.PNG","/root/Documents/002. Materijal za Tik tok/07.04/IMG_9951.PNG","LOW","STATIC_CLASSIFICATION_ONLY"
"UNKNOWN_REVIEW","_users_e324f777-8af8-4911-b526-8915719636fe_generated_c053668a-289f-4e05-a268-9d2967b8d86a_generated_video.MP4","/root/Documents/002. Materijal za Tik tok/07.04/_users_e324f777-8af8-4911-b526-8915719636fe_generated_c053668a-289f-4e05-a268-9d2967b8d86a_generated_video.MP4","LOW","STATIC_CLASSIFICATION_ONLY"
"UNKNOWN_REVIEW","73537ffeb2d64da6b1e5d1d9c621988c.MOV","/root/Documents/002. Materijal za Tik tok/07.04/73537ffeb2d64da6b1e5d1d9c621988c.MOV","LOW","STATIC_CLASSIFICATION_ONLY"
"UNKNOWN_REVIEW","_users_e324f777-8af8-4911-b526-8915719636fe_generated_4f6f6b43-5670-44af-be44-faad452559ac_generated_video 2.MP4","/root/Documents/002. Materijal za Tik tok/07.04/_users_e324f777-8af8-4911-b526-8915719636fe_generated_4f6f6b43-5670-44af-be44-faad452559ac_generated_video 2.MP4","LOW","STATIC_CLASSIFICATION_ONLY"
"UNKNOWN_REVIEW","_users_e324f777-8af8-4911-b526-8915719636fe_generated_5e007c5b-1b8c-49ad-b0ef-4908e45b7dd9_generated_video.MP4","/root/Documents/002. Materijal za Tik tok/07.04/_users_e324f777-8af8-4911-b526-8915719636fe_generated_5e007c5b-1b8c-49ad-b0ef-4908e45b7dd9_generated_video.MP4","LOW","STATIC_CLASSIFICATION_ONLY"
"UNKNOWN_REVIEW","_users_e324f777-8af8-4911-b526-8915719636fe_generated_45d6c0af-c896-42ea-9c95-272472925f53_generated_video 2.MP4","/root/Documents/002. Materijal za Tik tok/07.04/_users_e324f777-8af8-4911-b526-8915719636fe_generated_45d6c0af-c896-42ea-9c95-272472925f53_generated_video 2.MP4","LOW","STATIC_CLASSIFICATION_ONLY"
"UNKNOWN_REVIEW","IMG_0024.JPG","/root/Documents/002. Materijal za Tik tok/07.04/IMG_0024.JPG","LOW","STATIC_CLASSIFICATION_ONLY"
"UNKNOWN_REVIEW","IMG_0018.JPG","/root/Documents/002. Materijal za Tik tok/07.04/IMG_0018.JPG","LOW","STATIC_CLASSIFICATION_ONLY"
"UNKNOWN_REVIEW","IMG_9996.JPG","/root/Documents/002. Materijal za Tik tok/07.04/IMG_9996.JPG","LOW","STATIC_CLASSIFICATION_ONLY"
"UNKNOWN_REVIEW","IMG_0227.PNG","/root/Documents/002. Materijal za Tik tok/07.04/IMG_0227.PNG","LOW","STATIC_CLASSIFICATION_ONLY"
"UNKNOWN_REVIEW","IMG_0019.JPG","/root/Documents/002. Materijal za Tik tok/07.04/IMG_0019.JPG","LOW","STATIC_CLASSIFICATION_ONLY"
"UNKNOWN_REVIEW","IMG_0025.JPG","/root/Documents/002. Materijal za Tik tok/07.04/IMG_0025.JPG","LOW","STATIC_CLASSIFICATION_ONLY"
"UNKNOWN_REVIEW","_users_e324f777-8af8-4911-b526-8915719636fe_generated_1dfe8e9b-429a-455f-b924-33c09c800803_generated_video.MP4","/root/Documents/002. Materijal za Tik tok/07.04/_users_e324f777-8af8-4911-b526-8915719636fe_generated_1dfe8e9b-429a-455f-b924-33c09c800803_generated_video.MP4","LOW","STATIC_CLASSIFICATION_ONLY"
"UNKNOWN_REVIEW","IMG_0153.PNG","/root/Documents/002. Materijal za Tik tok/07.04/IMG_0153.PNG","LOW","STATIC_CLASSIFICATION_ONLY"
"UNKNOWN_REVIEW","_users_e324f777-8af8-4911-b526-8915719636fe_generated_c758d754-952e-4cbb-b4de-0520a0b07f94_generated_video.MP4","/root/Documents/002. Materijal za Tik tok/07.04/_users_e324f777-8af8-4911-b526-8915719636fe_generated_c758d754-952e-4cbb-b4de-0520a0b07f94_generated_video.MP4","LOW","STATIC_CLASSIFICATION_ONLY"
"UNKNOWN_REVIEW","IMG_0225.JPG","/root/Documents/002. Materijal za Tik tok/07.04/IMG_0225.JPG","LOW","STATIC_CLASSIFICATION_ONLY"
"UNKNOWN_REVIEW","IMG_9956.PNG","/root/Documents/002. Materijal za Tik tok/07.04/IMG_9956.PNG","LOW","STATIC_CLASSIFICATION_ONLY"
"UNKNOWN_REVIEW","IMG_0219.JPG","/root/Documents/002. Materijal za Tik tok/07.04/IMG_0219.JPG","LOW","STATIC_CLASSIFICATION_ONLY"
"UNKNOWN_REVIEW","IMG_0027.JPG","/root/Documents/002. Materijal za Tik tok/07.04/IMG_0027.JPG","LOW","STATIC_CLASSIFICATION_ONLY"
"UNKNOWN_REVIEW","IMG_9995.JPG","/root/Documents/002. Materijal za Tik tok/07.04/IMG_9995.JPG","LOW","STATIC_CLASSIFICATION_ONLY"
"UNKNOWN_REVIEW","IMG_0230.PNG","/root/Documents/002. Materijal za Tik tok/07.04/IMG_0230.PNG","LOW","STATIC_CLASSIFICATION_ONLY"
"UNKNOWN_REVIEW","IMG_0026.JPG","/root/Documents/002. Materijal za Tik tok/07.04/IMG_0026.JPG","LOW","STATIC_CLASSIFICATION_ONLY"
"UNKNOWN_REVIEW","IMG_9994.PNG","/root/Documents/002. Materijal za Tik tok/07.04/IMG_9994.PNG","LOW","STATIC_CLASSIFICATION_ONLY"
"UNKNOWN_REVIEW","IMG_0218.JPG","/root/Documents/002. Materijal za Tik tok/07.04/IMG_0218.JPG","LOW","STATIC_CLASSIFICATION_ONLY"
"UNKNOWN_REVIEW","IMG_9957.PNG","/root/Documents/002. Materijal za Tik tok/07.04/IMG_9957.PNG","LOW","STATIC_CLASSIFICATION_ONLY"
"UNKNOWN_REVIEW","IMG_0224.JPG","/root/Documents/002. Materijal za Tik tok/07.04/IMG_0224.JPG","LOW","STATIC_CLASSIFICATION_ONLY"
"UNKNOWN_REVIEW","v14044g50000d79lpovog65iarsl55g0.MP4","/root/Documents/002. Materijal za Tik tok/07.04/v14044g50000d79lpovog65iarsl55g0.MP4","LOW","STATIC_CLASSIFICATION_ONLY"
"UNKNOWN_REVIEW","ARS_01 — Company Profile.docx","/root/Documents/Ars documents/ARS_01 — Company Profile.docx","LOW","STATIC_CLASSIFICATION_ONLY"
"UNKNOWN_REVIEW","ARS_02 — Shareholder Structure.docx","/root/Documents/Ars documents/ARS_02 — Shareholder Structure.docx","LOW","STATIC_CLASSIFICATION_ONLY"
"UNKNOWN_REVIEW","ARS_10 — Corporate Strategy Overview.docx","/root/Documents/Ars documents/ARS_10 — Corporate Strategy Overview.docx","LOW","STATIC_CLASSIFICATION_ONLY"
"UNKNOWN_REVIEW","ARS_03_Corporate_Governance_Charter_EU_Format.docx","/root/Documents/Ars documents/Nova revizija/ARS_03_Corporate_Governance_Charter_EU_Format.docx","LOW","STATIC_CLASSIFICATION_ONLY"
"UNKNOWN_REVIEW","ARS_Company_Profile_Investor_EU_Version.docx","/root/Documents/Ars documents/Nova revizija/ARS_Company_Profile_Investor_EU_Version.docx","LOW","STATIC_CLASSIFICATION_ONLY"
"UNKNOWN_REVIEW","ARS_02_Shareholder_Structure_EU_Format.docx","/root/Documents/Ars documents/Nova revizija/ARS_02_Shareholder_Structure_EU_Format.docx","LOW","STATIC_CLASSIFICATION_ONLY"
"UNKNOWN_REVIEW","ARS_04_Management_Team_EU_Format.docx","/root/Documents/Ars documents/Nova revizija/ARS_04_Management_Team_EU_Format.docx","LOW","STATIC_CLASSIFICATION_ONLY"
"UNKNOWN_REVIEW","ARS_58 — Environmental Impact Assessment.docx","/root/Documents/Ars documents/Dokumenta f/ARS_58 — Environmental Impact Assessment.docx","LOW","STATIC_CLASSIFICATION_ONLY"
"UNKNOWN_REVIEW","ARS_54 — Contractor Procurement Plan.docx","/root/Documents/Ars documents/Dokumenta f/ARS_54 — Contractor Procurement Plan.docx","LOW","STATIC_CLASSIFICATION_ONLY"
"UNKNOWN_REVIEW","ARS_52 — CAPEX Breakdown Structure.docx","/root/Documents/Ars documents/Dokumenta f/ARS_52 — CAPEX Breakdown Structure.docx","LOW","STATIC_CLASSIFICATION_ONLY"
"UNKNOWN_REVIEW","ARS_60 — Commissioning Plan.docx","/root/Documents/Ars documents/Dokumenta f/ARS_60 — Commissioning Plan.docx","LOW","STATIC_CLASSIFICATION_ONLY"
"UNKNOWN_REVIEW","ARS_57 — Infrastructure Connection Plan.docx","/root/Documents/Ars documents/Dokumenta f/ARS_57 — Infrastructure Connection Plan.docx","LOW","STATIC_CLASSIFICATION_ONLY"
"UNKNOWN_REVIEW","ARS_51 — CAPEX Master Budget.docx","/root/Documents/Ars documents/Dokumenta f/ARS_51 — CAPEX Master Budget.docx","LOW","STATIC_CLASSIFICATION_ONLY"
"UNKNOWN_REVIEW","ARS_56 — Engineering Design Package.docx","/root/Documents/Ars documents/Dokumenta f/ARS_56 — Engineering Design Package.docx","LOW","STATIC_CLASSIFICATION_ONLY"
"UNKNOWN_REVIEW","ARS_55 — Construction Risk Assessment.docx","/root/Documents/Ars documents/Dokumenta f/ARS_55 — Construction Risk Assessment.docx","LOW","STATIC_CLASSIFICATION_ONLY"
"UNKNOWN_REVIEW","ARS_53 — Construction Schedule (Gantt).docx","/root/Documents/Ars documents/Dokumenta f/ARS_53 — Construction Schedule (Gantt).docx","LOW","STATIC_CLASSIFICATION_ONLY"
"UNKNOWN_REVIEW","ARS_59 — Construction Cost Benchmark.docx","/root/Documents/Ars documents/Dokumenta f/ARS_59 — Construction Cost Benchmark.docx","LOW","STATIC_CLASSIFICATION_ONLY"
"UNKNOWN_REVIEW","ARS_07 — Internal Control Policy.docx","/root/Documents/Ars documents/ARS_07 — Internal Control Policy.docx","LOW","STATIC_CLASSIFICATION_ONLY"
"UNKNOWN_REVIEW","ARS_06 — Board Governance Framework.docx","/root/Documents/Ars documents/ARS_06 — Board Governance Framework.docx","LOW","STATIC_CLASSIFICATION_ONLY"
"UNKNOWN_REVIEW","Company profile.docx","/root/Documents/Ars documents/Ispravljene verzije/Company profile.docx","LOW","STATIC_CLASSIFICATION_ONLY"
"UNKNOWN_REVIEW","Shareholder rev 002.docx","/root/Documents/Ars documents/Ispravljene verzije/Shareholder rev 002.docx","LOW","STATIC_CLASSIFICATION_ONLY"
"UNKNOWN_REVIEW","Document (2).docx","/root/Documents/Ars documents/Ispravljene verzije/Document (2).docx","LOW","STATIC_CLASSIFICATION_ONLY"
"UNKNOWN_REVIEW","Sharholders.docx","/root/Documents/Ars documents/Ispravljene verzije/Sharholders.docx","LOW","STATIC_CLASSIFICATION_ONLY"
"UNKNOWN_REVIEW","ARS_16 — Domestic Supply Gap Study.docx","/root/Documents/Ars documents/Dokumenta b/ARS_16 — Domestic Supply Gap Study.docx","LOW","STATIC_CLASSIFICATION_ONLY"
"UNKNOWN_REVIEW","ARS_14 — Electrification Trend Report.docx","/root/Documents/Ars documents/Dokumenta b/ARS_14 — Electrification Trend Report.docx","LOW","STATIC_CLASSIFICATION_ONLY"
"UNKNOWN_REVIEW","ARS_11 — Global Transformer Market Study.docx","/root/Documents/Ars documents/Dokumenta b/ARS_11 — Global Transformer Market Study.docx","LOW","STATIC_CLASSIFICATION_ONLY"
"UNKNOWN_REVIEW","ARS_17 — Competitor Classification.docx","/root/Documents/Ars documents/Dokumenta b/ARS_17 — Competitor Classification.docx","LOW","STATIC_CLASSIFICATION_ONLY"
"UNKNOWN_REVIEW","ARS_20 — Regional Market Opportunity.docx","/root/Documents/Ars documents/Dokumenta b/ARS_20 — Regional Market Opportunity.docx","LOW","STATIC_CLASSIFICATION_ONLY"
"UNKNOWN_REVIEW","ARS_12 — EU Energy Transition Analysis.docx","/root/Documents/Ars documents/Dokumenta b/ARS_12 — EU Energy Transition Analysis.docx","LOW","STATIC_CLASSIFICATION_ONLY"
"UNKNOWN_REVIEW","ARS_18 — Market White Space Analysis.docx","/root/Documents/Ars documents/Dokumenta b/ARS_18 — Market White Space Analysis.docx","LOW","STATIC_CLASSIFICATION_ONLY"
"UNKNOWN_REVIEW","ARS_15 — Market Growth Analysis.docx","/root/Documents/Ars documents/Dokumenta b/ARS_15 — Market Growth Analysis.docx","LOW","STATIC_CLASSIFICATION_ONLY"
"UNKNOWN_REVIEW","ARS_19 — Global Competitor Database.docx","/root/Documents/Ars documents/Dokumenta b/ARS_19 — Global Competitor Database.docx","LOW","STATIC_CLASSIFICATION_ONLY"
"UNKNOWN_REVIEW","ARS_13 — Grid Investment Outlook.docx","/root/Documents/Ars documents/Dokumenta b/ARS_13 — Grid Investment Outlook.docx","LOW","STATIC_CLASSIFICATION_ONLY"
"UNKNOWN_REVIEW","ARS_43 — Zinc Supply Strategy.docx","/root/Documents/Ars documents/Dokumenta e/ARS_43 — Zinc Supply Strategy.docx","LOW","STATIC_CLASSIFICATION_ONLY"
"UNKNOWN_REVIEW","ARS_41 — Raw Materials Strategy.docx","/root/Documents/Ars documents/Dokumenta e/ARS_41 — Raw Materials Strategy.docx","LOW","STATIC_CLASSIFICATION_ONLY"
"UNKNOWN_REVIEW","ARS_42 — Steel Consumption Model.docx","/root/Documents/Ars documents/Dokumenta e/ARS_42 — Steel Consumption Model.docx","LOW","STATIC_CLASSIFICATION_ONLY"
"UNKNOWN_REVIEW","ARS_47 — Procurement Governance Policy.docx","/root/Documents/Ars documents/Dokumenta e/ARS_47 — Procurement Governance Policy.docx","LOW","STATIC_CLASSIFICATION_ONLY"
"UNKNOWN_REVIEW","ARS_44 — Supplier Mapping Matrix.docx","/root/Documents/Ars documents/Dokumenta e/ARS_44 — Supplier Mapping Matrix.docx","LOW","STATIC_CLASSIFICATION_ONLY"
"UNKNOWN_REVIEW","ARS_46 — Logistics Strategy.docx","/root/Documents/Ars documents/Dokumenta e/ARS_46 — Logistics Strategy.docx","LOW","STATIC_CLASSIFICATION_ONLY"
"UNKNOWN_REVIEW","ARS_51 — CAPEX Master Budget.docx","/root/Documents/Ars documents/Dokumenta e/ARS_51 — CAPEX Master Budget.docx","LOW","STATIC_CLASSIFICATION_ONLY"
"UNKNOWN_REVIEW","ARS_48 — Long-Term Supply Contracts Framework.docx","/root/Documents/Ars documents/Dokumenta e/ARS_48 — Long-Term Supply Contracts Framework.docx","LOW","STATIC_CLASSIFICATION_ONLY"
"UNKNOWN_REVIEW","ARS_45 — Strategic Supplier Database.docx","/root/Documents/Ars documents/Dokumenta e/ARS_45 — Strategic Supplier Database.docx","LOW","STATIC_CLASSIFICATION_ONLY"
"UNKNOWN_REVIEW","ARS_49 — CBAM Compliance Strategy.docx","/root/Documents/Ars documents/Dokumenta e/ARS_49 — CBAM Compliance Strategy.docx","LOW","STATIC_CLASSIFICATION_ONLY"
"UNKNOWN_REVIEW","ARS_50 — Inventory & JIT Strategy.docx","/root/Documents/Ars documents/Dokumenta e/ARS_50 — Inventory & JIT Strategy.docx","LOW","STATIC_CLASSIFICATION_ONLY"
"UNKNOWN_REVIEW","ARS_03 — Corporate Governance Charter.docx","/root/Documents/Ars documents/ARS_03 — Corporate Governance Charter.docx","LOW","STATIC_CLASSIFICATION_ONLY"
"UNKNOWN_REVIEW","ARS_08 — Compliance Policy.docx","/root/Documents/Ars documents/ARS_08 — Compliance Policy.docx","LOW","STATIC_CLASSIFICATION_ONLY"
"UNKNOWN_REVIEW","ARS MASTER DOCUMENT MAP.docx","/root/Documents/Ars documents/Dokumenta d/ARS MASTER DOCUMENT MAP.docx","LOW","STATIC_CLASSIFICATION_ONLY"
"UNKNOWN_REVIEW","ARS_32 — Factory Layout Plan.docx","/root/Documents/Ars documents/Dokumenta d/ARS_32 — Factory Layout Plan.docx","LOW","STATIC_CLASSIFICATION_ONLY"
"UNKNOWN_REVIEW","ARS_36 — Maintenance Strategy.docx","/root/Documents/Ars documents/Dokumenta d/ARS_36 — Maintenance Strategy.docx","LOW","STATIC_CLASSIFICATION_ONLY"
"UNKNOWN_REVIEW","ARS_40 — Manufacturing KPI Framework.docx","/root/Documents/Ars documents/Dokumenta d/ARS_40 — Manufacturing KPI Framework.docx","LOW","STATIC_CLASSIFICATION_ONLY"
"UNKNOWN_REVIEW","ARS_37 — Operational Efficiency Model.docx","/root/Documents/Ars documents/Dokumenta d/ARS_37 — Operational Efficiency Model.docx","LOW","STATIC_CLASSIFICATION_ONLY"
"UNKNOWN_REVIEW","ARS_31 — Equipment Master List.docx","/root/Documents/Ars documents/Dokumenta d/ARS_31 — Equipment Master List.docx","LOW","STATIC_CLASSIFICATION_ONLY"
"UNKNOWN_REVIEW","ARS_33 — Industrial Automation Strategy.docx","/root/Documents/Ars documents/Dokumenta d/ARS_33 — Industrial Automation Strategy.docx","LOW","STATIC_CLASSIFICATION_ONLY"
"UNKNOWN_REVIEW","ARS_38 — Production Scaling Plan.docx","/root/Documents/Ars documents/Dokumenta d/ARS_38 — Production Scaling Plan.docx","LOW","STATIC_CLASSIFICATION_ONLY"
"UNKNOWN_REVIEW","ARS_39 — Technology Risk Assessment.docx","/root/Documents/Ars documents/Dokumenta d/ARS_39 — Technology Risk Assessment.docx","LOW","STATIC_CLASSIFICATION_ONLY"
"UNKNOWN_REVIEW","ARS_34 — Quality Management Plan.docx","/root/Documents/Ars documents/Dokumenta d/ARS_34 — Quality Management Plan.docx","LOW","STATIC_CLASSIFICATION_ONLY"
"UNKNOWN_REVIEW","ARS_35 — ISO Certification Roadmap.docx","/root/Documents/Ars documents/Dokumenta d/ARS_35 — ISO Certification Roadmap.docx","LOW","STATIC_CLASSIFICATION_ONLY"
"UNKNOWN_REVIEW","ARS_21 — Competitive Landscape Map.docx","/root/Documents/Ars documents/Dokumenta c/ARS_21 — Competitive Landscape Map.docx","LOW","STATIC_CLASSIFICATION_ONLY"
"UNKNOWN_REVIEW","ARS_27 — Export Market Strategy.docx","/root/Documents/Ars documents/Dokumenta c/ARS_27 — Export Market Strategy.docx","LOW","STATIC_CLASSIFICATION_ONLY"
"UNKNOWN_REVIEW","ARS_26 — Market Entry Strategy.docx","/root/Documents/Ars documents/Dokumenta c/ARS_26 — Market Entry Strategy.docx","LOW","STATIC_CLASSIFICATION_ONLY"
"UNKNOWN_REVIEW","ARS_25 — Pricing Strategy.docx","/root/Documents/Ars documents/Dokumenta c/ARS_25 — Pricing Strategy.docx","LOW","STATIC_CLASSIFICATION_ONLY"
"UNKNOWN_REVIEW","ARS_23 — Cost Benchmark vs Competitors.docx","/root/Documents/Ars documents/Dokumenta c/ARS_23 — Cost Benchmark vs Competitors.docx","LOW","STATIC_CLASSIFICATION_ONLY"
"UNKNOWN_REVIEW","ARS_24 — Product Differentiation Strategy.docx","/root/Documents/Ars documents/Dokumenta c/ARS_24 — Product Differentiation Strategy.docx","LOW","STATIC_CLASSIFICATION_ONLY"
"UNKNOWN_REVIEW","ARS_22 — Import Substitution Analysis.docx","/root/Documents/Ars documents/Dokumenta c/ARS_22 — Import Substitution Analysis.docx","LOW","STATIC_CLASSIFICATION_ONLY"
"UNKNOWN_REVIEW","ARS_28 — Strategic Positioning Paperer.docx","/root/Documents/Ars documents/Dokumenta c/ARS_28 — Strategic Positioning Paperer.docx","LOW","STATIC_CLASSIFICATION_ONLY"
"UNKNOWN_REVIEW","ARS_70 — Scenario Analysis.docx","/root/Documents/Ars documents/Dokument g/ARS_70 — Scenario Analysis.docx","LOW","STATIC_CLASSIFICATION_ONLY"
"UNKNOWN_REVIEW","ARS_65 — OPEX Model.docx","/root/Documents/Ars documents/Dokument g/ARS_65 — OPEX Model.docx","LOW","STATIC_CLASSIFICATION_ONLY"
"UNKNOWN_REVIEW","ARS_67 — DSCR Model.docx","/root/Documents/Ars documents/Dokument g/ARS_67 — DSCR Model.docx","LOW","STATIC_CLASSIFICATION_ONLY"
"UNKNOWN_REVIEW","ARS_66 — CAPEX Financing Model.docx","/root/Documents/Ars documents/Dokument g/ARS_66 — CAPEX Financing Model.docx","LOW","STATIC_CLASSIFICATION_ONLY"
"UNKNOWN_REVIEW","ARS_62 — Revenue Forecast Model.docx","/root/Documents/Ars documents/Dokument g/ARS_62 — Revenue Forecast Model.docx","LOW","STATIC_CLASSIFICATION_ONLY"
"UNKNOWN_REVIEW","ARS_63 — Production Economics Model.docx","/root/Documents/Ars documents/Dokument g/ARS_63 — Production Economics Model.docx","LOW","STATIC_CLASSIFICATION_ONLY"
"UNKNOWN_REVIEW","ARS_69 — Sensitivity Analysis.docx","/root/Documents/Ars documents/Dokument g/ARS_69 — Sensitivity Analysis.docx","LOW","STATIC_CLASSIFICATION_ONLY"
"UNKNOWN_REVIEW","ARS_64 — COGS Structure Model.docx","/root/Documents/Ars documents/Dokument g/ARS_64 — COGS Structure Model.docx","LOW","STATIC_CLASSIFICATION_ONLY"
"UNKNOWN_REVIEW","ARS_61 — Financial Model (Master).docx","/root/Documents/Ars documents/Dokument g/ARS_61 — Financial Model (Master).docx","LOW","STATIC_CLASSIFICATION_ONLY"
"UNKNOWN_REVIEW","ARS_68 — IRR & NPV Analysis.docx","/root/Documents/Ars documents/Dokument g/ARS_68 — IRR & NPV Analysis.docx","LOW","STATIC_CLASSIFICATION_ONLY"
"UNKNOWN_REVIEW","ARS_09 — ESG Governance Policy.docx","/root/Documents/Ars documents/ARS_09 — ESG Governance Policy.docx","LOW","STATIC_CLASSIFICATION_ONLY"
"UNKNOWN_REVIEW","ARS_05 — Organizational Structure.docx","/root/Documents/Ars documents/ARS_05 — Organizational Structure.docx","LOW","STATIC_CLASSIFICATION_ONLY"
"UNKNOWN_REVIEW","ARS_04 — Management Team Profiles.docx","/root/Documents/Ars documents/ARS_04 — Management Team Profiles.docx","LOW","STATIC_CLASSIFICATION_ONLY"
"UNKNOWN_REVIEW","ScreenRecording_03-13-2026 01-11-42_1.MP4","/root/Documents/M/ScreenRecording_03-13-2026 01-11-42_1.MP4","LOW","STATIC_CLASSIFICATION_ONLY"
"UNKNOWN_REVIEW","Manta 90.MP4","/root/Documents/M/Manta 90.MP4","LOW","STATIC_CLASSIFICATION_ONLY"
"UNKNOWN_REVIEW","ScreenRecording_03-13-2026 00-59-20_1.MP4","/root/Documents/M/ScreenRecording_03-13-2026 00-59-20_1.MP4","LOW","STATIC_CLASSIFICATION_ONLY"
"UNKNOWN_REVIEW","ScreenRecording_03-17-2026 02-56-51_1.MP4","/root/Documents/Mantre/ScreenRecording_03-17-2026 02-56-51_1.MP4","LOW","STATIC_CLASSIFICATION_ONLY"
"UNKNOWN_REVIEW","ScreenRecording_03-17-2026 03-04-27_1.MP4","/root/Documents/Mantre/ScreenRecording_03-17-2026 03-04-27_1.MP4","LOW","STATIC_CLASSIFICATION_ONLY"
"UNKNOWN_REVIEW","IRF - PRIRUCNIK ZA IZRADU INV PROJEKATA 2013 - do 50.pdf","/root/Documents/Irf/IRF - PRIRUCNIK ZA IZRADU INV PROJEKATA 2013 - do 50.pdf","LOW","STATIC_CLASSIFICATION_ONLY"
"UNKNOWN_REVIEW","Obrazac 2a  Detaljni biznis plan (veci od 50.000) 2.docx","/root/Documents/Irf/Obrazac 2a  Detaljni biznis plan (veci od 50.000) 2.docx","LOW","STATIC_CLASSIFICATION_ONLY"
"UNKNOWN_REVIEW","intgr proc u biznisu.doc","/root/Documents/Irf/intgr proc u biznisu.doc","LOW","STATIC_CLASSIFICATION_ONLY"
"UNKNOWN_REVIEW","Obrazac 2a  Detaljni biznis plan (veci od 50.000).docx","/root/Documents/Irf/Obrazac 2a  Detaljni biznis plan (veci od 50.000).docx","LOW","STATIC_CLASSIFICATION_ONLY"
"UNKNOWN_REVIEW","Obrazac 2b  Jednostavni biznis plan (manji od 50.000).docx","/root/Documents/Irf/Obrazac 2b  Jednostavni biznis plan (manji od 50.000).docx","LOW","STATIC_CLASSIFICATION_ONLY"
"UNKNOWN_REVIEW","Pregled Dokumentacije Projekta Investitora (57).xlsx","/root/Documents/0000000000000/Pregled Dokumentacije Projekta Investitora (57).xlsx","LOW","STATIC_CLASSIFICATION_ONLY"
"UNKNOWN_REVIEW","DELTA_888_NEUROLOGICAL_MAP_ATOMS_000101_000200.xlsx","/root/Documents/0000000000000/DELTA_888_NEUROLOGICAL_MAP_ATOMS_000101_000200.xlsx","LOW","STATIC_CLASSIFICATION_ONLY"
"UNKNOWN_REVIEW","EBRD.docx","/root/Documents/0000000000000/vDR/EBRD.docx","LOW","STATIC_CLASSIFICATION_ONLY"
"UNKNOWN_REVIEW","ACTIVE DATA MASTER.xlsx","/root/Documents/0000000000000/vDR/ACTIVE DATA MASTER.xlsx","LOW","STATIC_CLASSIFICATION_ONLY"
"UNKNOWN_REVIEW","Kopija Plana.pdf","/root/Documents/0000000000000/vDR/Kopija Plana.pdf","LOW","STATIC_CLASSIFICATION_ONLY"
"UNKNOWN_REVIEW","001. INVESTICIONI PLAN IRF kopyası.pdf","/root/Documents/0000000000000/DANASSSSS/001. INVESTICIONI PLAN IRF kopyası.pdf","LOW","STATIC_CLASSIFICATION_ONLY"
"UNKNOWN_REVIEW","Izjava o Uskladjivanju-pp.pdf","/root/Documents/0000000000000/DANASSSSS/Izjava o Uskladjivanju-pp.pdf","LOW","STATIC_CLASSIFICATION_ONLY"
"UNKNOWN_REVIEW","Analiza snaga tri firme za EU platformu.pdf","/root/Documents/0000000000000/DANASSSSS/Analiza snaga tri firme za EU platformu.pdf","LOW","STATIC_CLASSIFICATION_ONLY"
"UNKNOWN_REVIEW","00_Cover_Letter_EBRD.pdf.pdf","/root/Documents/0000000000000/DANASSSSS/00_Cover_Letter_EBRD.pdf.pdf","LOW","STATIC_CLASSIFICATION_ONLY"
"UNKNOWN_REVIEW","KARADAĞ MEKANİK TESİSAT PROJELERİ.rar","/root/Documents/0000000000000/DANASSSSS/KARADAĞ MEKANİK TESİSAT PROJELERİ.rar","LOW","STATIC_CLASSIFICATION_ONLY"
"UNKNOWN_REVIEW","study trial.pdf","/root/Documents/0000000000000/DANASSSSS/study trial.pdf","LOW","STATIC_CLASSIFICATION_ONLY"
"UNKNOWN_REVIEW","PHOTO-2026-04-06-07-59-08.jpg","/root/Documents/0000000000000/DANASSSSS/PHOTO-2026-04-06-07-59-08.jpg","LOW","STATIC_CLASSIFICATION_ONLY"
"UNKNOWN_REVIEW","Poslovni plan za investitora 20 tačaka.pdf","/root/Documents/0000000000000/DANASSSSS/Poslovni plan za investitora 20 tačaka.pdf","LOW","STATIC_CLASSIFICATION_ONLY"
"UNKNOWN_REVIEW","SA 2025.pdf","/root/Documents/0000000000000/DANASSSSS/SA 2025.pdf","LOW","STATIC_CLASSIFICATION_ONLY"
"UNKNOWN_REVIEW","srkretarijat za Urbanizam - Rešenje 07-322-25-8472-1 od 26.11.2025.pdf","/root/Documents/0000000000000/DANASSSSS/srkretarijat za Urbanizam - Rešenje 07-322-25-8472-1 od 26.11.2025.pdf","LOW","STATIC_CLASSIFICATION_ONLY"
"UNKNOWN_REVIEW","CRPS 4 Rjesenje Uskladjivanje +Promjena Dir.pdf","/root/Documents/0000000000000/DANASSSSS/CRPS 4 Rjesenje Uskladjivanje +Promjena Dir.pdf","LOW","STATIC_CLASSIFICATION_ONLY"
"UNKNOWN_REVIEW","text 4.txt","/root/Documents/0000000000000/DANASSSSS/text 4.txt","LOW","STATIC_CLASSIFICATION_ONLY"
"UNKNOWN_REVIEW","ARS 24.pdf.pdf","/root/Documents/0000000000000/DANASSSSS/ARS 24.pdf.pdf","LOW","STATIC_CLASSIFICATION_ONLY"
"UNKNOWN_REVIEW","ARS_Investor_Book_Improved.xlsx","/root/Documents/0000000000000/DANASSSSS/ARS_Investor_Book_Improved.xlsx","LOW","STATIC_CLASSIFICATION_ONLY"
"UNKNOWN_REVIEW","text 5.txt","/root/Documents/0000000000000/DANASSSSS/text 5.txt","LOW","STATIC_CLASSIFICATION_ONLY"
"UNKNOWN_REVIEW","Institutional_Project_Finance_Model_v4_WorldClass_Blank_upgraded.xlsx","/root/Documents/0000000000000/DANASSSSS/Institutional_Project_Finance_Model_v4_WorldClass_Blank_upgraded.xlsx","LOW","STATIC_CLASSIFICATION_ONLY"
"UNKNOWN_REVIEW","Implementacioni Plan Od Stabilizacije do Hegemoni....pdf","/root/Documents/0000000000000/DANASSSSS/Implementacioni Plan Od Stabilizacije do Hegemoni....pdf","LOW","STATIC_CLASSIFICATION_ONLY"
"UNKNOWN_REVIEW","ARS_Project_Control_Workbook_v5_MAREL_Integrated.xlsx","/root/Documents/0000000000000/DANASSSSS/ARS_Project_Control_Workbook_v5_MAREL_Integrated.xlsx","LOW","STATIC_CLASSIFICATION_ONLY"
"UNKNOWN_REVIEW","01.1_DSCR.pdf","/root/Documents/0000000000000/DANASSSSS/01.1_DSCR.pdf","LOW","STATIC_CLASSIFICATION_ONLY"
"UNKNOWN_REVIEW","Eco Transformer doo- analitical card.pdf","/root/Documents/0000000000000/DANASSSSS/Eco Transformer doo- analitical card.pdf","LOW","STATIC_CLASSIFICATION_ONLY"
"UNKNOWN_REVIEW","ARS 25.pdf.pdf","/root/Documents/0000000000000/DANASSSSS/ARS 25.pdf.pdf","LOW","STATIC_CLASSIFICATION_ONLY"
"UNKNOWN_REVIEW","Industrijska Transformacija Od Haosa Ka Sistemu.pdf","/root/Documents/0000000000000/DANASSSSS/Industrijska Transformacija Od Haosa Ka Sistemu.pdf","LOW","STATIC_CLASSIFICATION_ONLY"
"UNKNOWN_REVIEW","ECO + ARS Komercijalna Ekspanzija i Liderstvo.pdf","/root/Documents/0000000000000/DANASSSSS/ECO + ARS Komercijalna Ekspanzija i Liderstvo.pdf","LOW","STATIC_CLASSIFICATION_ONLY"
"UNKNOWN_REVIEW","Forensic_Audit_Pack_v2_Clean_Export.xlsx","/root/Documents/0000000000000/DANASSSSS/Forensic_Audit_Pack_v2_Clean_Export.xlsx","LOW","STATIC_CLASSIFICATION_ONLY"
"UNKNOWN_REVIEW","Bank_Grade_Template_Final_Polish.xlsx","/root/Documents/0000000000000/DANASSSSS/Bank_Grade_Template_Final_Polish.xlsx","LOW","STATIC_CLASSIFICATION_ONLY"
"UNKNOWN_REVIEW","Assignment tracker.pdf","/root/Documents/0000000000000/DANASSSSS/Assignment tracker.pdf","LOW","STATIC_CLASSIFICATION_ONLY"
"UNKNOWN_REVIEW","ARS_Full_v3_Project_Finance_Model_v3_1.xlsx","/root/Documents/0000000000000/DANASSSSS/ARS_Full_v3_Project_Finance_Model_v3_1.xlsx","LOW","STATIC_CLASSIFICATION_ONLY"
"UNKNOWN_REVIEW","text 2.txt","/root/Documents/0000000000000/DANASSSSS/text 2.txt","LOW","STATIC_CLASSIFICATION_ONLY"
"UNKNOWN_REVIEW","grok_mutation_generator_safe_only.csv","/root/Documents/0000000000000/DANASSSSS/grok_mutation_generator_safe_only.csv","LOW","STATIC_CLASSIFICATION_ONLY"
"UNKNOWN_REVIEW","text 3.txt","/root/Documents/0000000000000/DANASSSSS/text 3.txt","LOW","STATIC_CLASSIFICATION_ONLY"
"UNKNOWN_REVIEW","00_Cover_Letter_EIB.pdf.pdf","/root/Documents/0000000000000/DANASSSSS/00_Cover_Letter_EIB.pdf.pdf","LOW","STATIC_CLASSIFICATION_ONLY"
"UNKNOWN_REVIEW","avatar_identity_QA_workbook.xlsx","/root/Documents/0000000000000/DANASSSSS/avatar_identity_QA_workbook.xlsx","LOW","STATIC_CLASSIFICATION_ONLY"
"UNKNOWN_REVIEW","ADS GAZETE SON.pdf","/root/Documents/0000000000000/DANASSSSS/ADS GAZETE SON.pdf","LOW","STATIC_CLASSIFICATION_ONLY"
"UNKNOWN_REVIEW","semantic_control_matrix_v1.xlsx","/root/Documents/0000000000000/DANASSSSS/semantic_control_matrix_v1.xlsx","LOW","STATIC_CLASSIFICATION_ONLY"
"UNKNOWN_REVIEW","Pregled Dokumentacije Projekta Investitora (56).xlsx","/root/Documents/0000000000000/DANASSSSS/Pregled Dokumentacije Projekta Investitora (56).xlsx","LOW","STATIC_CLASSIFICATION_ONLY"
"UNKNOWN_REVIEW","IRF - PRIRUCNIK ZA IZRADU INV PROJEKATA 2013 - do 50.pdf","/root/Documents/0000000000000/DANASSSSS/IRF - PRIRUCNIK ZA IZRADU INV PROJEKATA 2013 - do 50.pdf","LOW","STATIC_CLASSIFICATION_ONLY"
"UNKNOWN_REVIEW","ADS İMZA SİRKÜSÜ 2027.pdf","/root/Documents/0000000000000/DANASSSSS/ADS İMZA SİRKÜSÜ 2027.pdf","LOW","STATIC_CLASSIFICATION_ONLY"
"UNKNOWN_REVIEW","Saglasnost Imenovanje Ovl.Zastup.-pp.pdf","/root/Documents/0000000000000/DANASSSSS/Saglasnost Imenovanje Ovl.Zastup.-pp.pdf","LOW","STATIC_CLASSIFICATION_ONLY"
"UNKNOWN_REVIEW","rjesenje.pdf","/root/Documents/0000000000000/DANASSSSS/rjesenje.pdf","LOW","STATIC_CLASSIFICATION_ONLY"
"UNKNOWN_REVIEW","FIN-2.2 CAPEX Schedule – Capital Deployment Strategy.pdf","/root/Documents/0000000000000/DANASSSSS/FIN-2.2 CAPEX Schedule – Capital Deployment Strategy.pdf","LOW","STATIC_CLASSIFICATION_ONLY"
"UNKNOWN_REVIEW","Odluka o promjeni Kontakta-pp.pdf","/root/Documents/0000000000000/DANASSSSS/Odluka o promjeni Kontakta-pp.pdf","LOW","STATIC_CLASSIFICATION_ONLY"
"UNKNOWN_REVIEW","labaratorija- oprema i metode ispitivanja.xlsx","/root/Documents/0000000000000/DANASSSSS/labaratorija- oprema i metode ispitivanja.xlsx","LOW","STATIC_CLASSIFICATION_ONLY"
"UNKNOWN_REVIEW","Ljudski kapital Mikro-koraci za Fabriku.pdf","/root/Documents/0000000000000/DANASSSSS/Ljudski kapital Mikro-koraci za Fabriku.pdf","LOW","STATIC_CLASSIFICATION_ONLY"
"UNKNOWN_REVIEW","MAREL_v9_REAL.xlsx","/root/Documents/0000000000000/DANASSSSS/MAREL_v9_REAL.xlsx","LOW","STATIC_CLASSIFICATION_ONLY"
"UNKNOWN_REVIEW","clean_excel_export.xlsx","/root/Documents/0000000000000/DANASSSSS/clean_excel_export.xlsx","LOW","STATIC_CLASSIFICATION_ONLY"
"UNKNOWN_REVIEW","PHOTO-2026-03-22-23-40-42.jpg","/root/Documents/0000000000000/DANASSSSS/PHOTO-2026-03-22-23-40-42.jpg","LOW","STATIC_CLASSIFICATION_ONLY"
"UNKNOWN_REVIEW","Executive_OnePage_With_Chart.docx","/root/Documents/0000000000000/DANASSSSS/Executive_OnePage_With_Chart.docx","LOW","STATIC_CLASSIFICATION_ONLY"
"UNKNOWN_REVIEW","UNI-MAK_CAPEX_LOG-001_A4_READY.xlsx","/root/Documents/0000000000000/DANASSSSS/UNI-MAK_CAPEX_LOG-001_A4_READY.xlsx","LOW","STATIC_CLASSIFICATION_ONLY"
"UNKNOWN_REVIEW","01.4_Security.pdf","/root/Documents/0000000000000/DANASSSSS/01.4_Security.pdf","LOW","STATIC_CLASSIFICATION_ONLY"
"UNKNOWN_REVIEW","ads vl 2025.pdf","/root/Documents/0000000000000/DANASSSSS/ads vl 2025.pdf","LOW","STATIC_CLASSIFICATION_ONLY"
"UNKNOWN_REVIEW","Preliminary Information Memorandum (PIM) .pdf","/root/Documents/0000000000000/DANASSSSS/Preliminary Information Memorandum (PIM) .pdf","LOW","STATIC_CLASSIFICATION_ONLY"
"UNKNOWN_REVIEW","FIN-2.4 OPERATIVNI TROŠKOVI I MATRICA RADNE SNAGE (OPEX & LABOR).pdf","/root/Documents/0000000000000/DANASSSSS/FIN-2.4 OPERATIVNI TROŠKOVI I MATRICA RADNE SNAGE (OPEX & LABOR).pdf","LOW","STATIC_CLASSIFICATION_ONLY"
"UNKNOWN_REVIEW","ARS 23.pdf.pdf","/root/Documents/0000000000000/DANASSSSS/ARS 23.pdf.pdf","LOW","STATIC_CLASSIFICATION_ONLY"
"UNKNOWN_REVIEW","01.2_Stress_Test.pdf","/root/Documents/0000000000000/DANASSSSS/01.2_Stress_Test.pdf","LOW","STATIC_CLASSIFICATION_ONLY"
"UNKNOWN_REVIEW","FIN-2.2 CAPEX Schedule .pdf","/root/Documents/0000000000000/DANASSSSS/FIN-2.2 CAPEX Schedule .pdf","LOW","STATIC_CLASSIFICATION_ONLY"
"UNKNOWN_REVIEW","FIN-2.5 Energy Arbitrage (1.4 MWp).pdf","/root/Documents/0000000000000/DANASSSSS/FIN-2.5 Energy Arbitrage (1.4 MWp).pdf","LOW","STATIC_CLASSIFICATION_ONLY"
"UNKNOWN_REVIEW","FIN-2.1 Executive Financial Dashboard.pdf","/root/Documents/0000000000000/DANASSSSS/FIN-2.1 Executive Financial Dashboard.pdf","LOW","STATIC_CLASSIFICATION_ONLY"
"UNKNOWN_REVIEW","Bank_Grade_V4_Model.xlsx","/root/Documents/0000000000000/DANASSSSS/Bank_Grade_V4_Model.xlsx","LOW","STATIC_CLASSIFICATION_ONLY"
"UNKNOWN_REVIEW","Registar-podsticajnih-mjera-za-investicije-za-2025.xlsx","/root/Documents/0000000000000/DANASSSSS/Registar-podsticajnih-mjera-za-investicije-za-2025.xlsx","LOW","STATIC_CLASSIFICATION_ONLY"
"UNKNOWN_REVIEW","ARS_ULTRA_CFO_Model_Connected_Planning_ULTRA_v6_02-03-2026_revidovan.xlsx","/root/Documents/0000000000000/DANASSSSS/ARS_ULTRA_CFO_Model_Connected_Planning_ULTRA_v6_02-03-2026_revidovan.xlsx","LOW","STATIC_CLASSIFICATION_ONLY"
"UNKNOWN_REVIEW","Full_Financial_Model_Audit_Report.xlsx","/root/Documents/0000000000000/DANASSSSS/Full_Financial_Model_Audit_Report.xlsx","LOW","STATIC_CLASSIFICATION_ONLY"
"UNKNOWN_REVIEW","BU 2025.pdf","/root/Documents/0000000000000/DANASSSSS/BU 2025.pdf","LOW","STATIC_CLASSIFICATION_ONLY"
"UNKNOWN_REVIEW","Financial-Management-PHAs-Template-01a-Operating-Budget-Tool.xlsx","/root/Documents/0000000000000/DANASSSSS/Financial-Management-PHAs-Template-01a-Operating-Budget-Tool.xlsx","LOW","STATIC_CLASSIFICATION_ONLY"
"UNKNOWN_REVIEW","BU 2024.pdf","/root/Documents/0000000000000/DANASSSSS/BU 2024.pdf","LOW","STATIC_CLASSIFICATION_ONLY"
"UNKNOWN_REVIEW","Strateški Plan za Industrijsku Moć.pdf","/root/Documents/0000000000000/DANASSSSS/Strateški Plan za Industrijsku Moć.pdf","LOW","STATIC_CLASSIFICATION_ONLY"
"UNKNOWN_REVIEW","ARS_CAPEX_Civil_Packages_v1.1_Harmonized_FINAL.xlsx","/root/Documents/0000000000000/DANASSSSS/ARS_CAPEX_Civil_Packages_v1.1_Harmonized_FINAL.xlsx","LOW","STATIC_CLASSIFICATION_ONLY"
"UNKNOWN_REVIEW","Marel_Ecosystem_v5_Audit_Ready_v1_1_Upgraded.xlsx","/root/Documents/0000000000000/DANASSSSS/Marel_Ecosystem_v5_Audit_Ready_v1_1_Upgraded.xlsx","LOW","STATIC_CLASSIFICATION_ONLY"
"UNKNOWN_REVIEW","README.md","/root/Documents/0000000000000/DANASSSSS/README.md","LOW","STATIC_CLASSIFICATION_ONLY"
"UNKNOWN_REVIEW","Kontrola nabavke Moć u industriji.pdf","/root/Documents/0000000000000/DANASSSSS/Kontrola nabavke Moć u industriji.pdf","LOW","STATIC_CLASSIFICATION_ONLY"
"UNKNOWN_REVIEW","CAPEX_FULL_V2_BANK_MODEL.xlsx","/root/Documents/0000000000000/DANASSSSS/CAPEX_FULL_V2_BANK_MODEL.xlsx","LOW","STATIC_CLASSIFICATION_ONLY"
"UNKNOWN_REVIEW","Strategija Visoko Svjesnog Bića.pdf","/root/Documents/0000000000000/DANASSSSS/Strategija Visoko Svjesnog Bića.pdf","LOW","STATIC_CLASSIFICATION_ONLY"
"UNKNOWN_REVIEW","30_institucija_CG_Funding_real.xlsx","/root/Documents/0000000000000/DANASSSSS/30_institucija_CG_Funding_real.xlsx","LOW","STATIC_CLASSIFICATION_ONLY"
"UNKNOWN_REVIEW","CAPEX_TIMELINE_UNI_MAK_Bank_Grade_Model_Clean_Export.xlsx","/root/Documents/0000000000000/DANASSSSS/CAPEX_TIMELINE_UNI_MAK_Bank_Grade_Model_Clean_Export.xlsx","LOW","STATIC_CLASSIFICATION_ONLY"
"UNKNOWN_REVIEW","00_STRATESKI_MEMORANDUM_Vlada_CG.pdf.pdf","/root/Documents/0000000000000/DANASSSSS/00_STRATESKI_MEMORANDUM_Vlada_CG.pdf.pdf","LOW","STATIC_CLASSIFICATION_ONLY"
"UNKNOWN_REVIEW","WCM_DSCR_v2_CLEAN.xlsx","/root/Documents/0000000000000/DANASSSSS/WCM_DSCR_v2_CLEAN.xlsx","LOW","STATIC_CLASSIFICATION_ONLY"
"UNKNOWN_REVIEW","PHOTO-2026-04-20-09-17-46.jpg","/root/Documents/0000000000000/DANASSSSS/PHOTO-2026-04-20-09-17-46.jpg","LOW","STATIC_CLASSIFICATION_ONLY"
"UNKNOWN_REVIEW","Odluka o imenovanju Ovl.Zastup.-pp.pdf","/root/Documents/0000000000000/DANASSSSS/Odluka o imenovanju Ovl.Zastup.-pp.pdf","LOW","STATIC_CLASSIFICATION_ONLY"
"UNKNOWN_REVIEW","BU 2023.pdf","/root/Documents/0000000000000/DANASSSSS/BU 2023.pdf","LOW","STATIC_CLASSIFICATION_ONLY"
"UNKNOWN_REVIEW","ANX01_FULL_UPGRADED.xlsx","/root/Documents/0000000000000/DANASSSSS/ANX01_FULL_UPGRADED.xlsx","LOW","STATIC_CLASSIFICATION_ONLY"
"UNKNOWN_REVIEW","text.txt","/root/Documents/0000000000000/DANASSSSS/text.txt","LOW","STATIC_CLASSIFICATION_ONLY"
"UNKNOWN_REVIEW","ORG-001_Project_Concept_Note.pdf (3).pdf","/root/Documents/0000000000000/DANASSSSS/ORG-001_Project_Concept_Note.pdf (3).pdf","LOW","STATIC_CLASSIFICATION_ONLY"
"UNKNOWN_REVIEW","Factory_Valuation_Clean.docx","/root/Documents/0000000000000/DANASSSSS/Factory_Valuation_Clean.docx","LOW","STATIC_CLASSIFICATION_ONLY"
"UNKNOWN_REVIEW","Eco v3.xlsx","/root/Documents/0000000000000/DANASSSSS/Eco v3.xlsx","LOW","STATIC_CLASSIFICATION_ONLY"
"UNKNOWN_REVIEW","CRPS 4 Izvod sa SVIM podaci.pdf","/root/Documents/0000000000000/DANASSSSS/CRPS 4 Izvod sa SVIM podaci.pdf","LOW","STATIC_CLASSIFICATION_ONLY"
"UNKNOWN_REVIEW","01.3_Pass-Through.pdf","/root/Documents/0000000000000/DANASSSSS/01.3_Pass-Through.pdf","LOW","STATIC_CLASSIFICATION_ONLY"
"UNKNOWN_REVIEW","ADS METAL KARADAG  ELEKTRİK PROJESİ 09042026.dwg","/root/Documents/0000000000000/DANASSSSS/ADS METAL KARADAG  ELEKTRİK PROJESİ 09042026.dwg","LOW","STATIC_CLASSIFICATION_ONLY"
"UNKNOWN_REVIEW","Plan Implementacije Industrijske Hegemonije.pdf","/root/Documents/0000000000000/DANASSSSS/Plan Implementacije Industrijske Hegemonije.pdf","LOW","STATIC_CLASSIFICATION_ONLY"
"UNKNOWN_REVIEW","Odluka o promjeni Prefiksa-pp.pdf","/root/Documents/0000000000000/DANASSSSS/Odluka o promjeni Prefiksa-pp.pdf","LOW","STATIC_CLASSIFICATION_ONLY"
"UNKNOWN_REVIEW","MAREL_Control_Tower_CLEAN.xlsx","/root/Documents/0000000000000/DANASSSSS/MAREL_Control_Tower_CLEAN.xlsx","LOW","STATIC_CLASSIFICATION_ONLY"
"UNKNOWN_REVIEW","FIN-2.1 EXECUTIVE FINANCIAL DASHBOARD (PREGLED).pdf","/root/Documents/0000000000000/DANASSSSS/FIN-2.1 EXECUTIVE FINANCIAL DASHBOARD (PREGLED).pdf","LOW","STATIC_CLASSIFICATION_ONLY"
"UNKNOWN_REVIEW","Odluka o usvajanju novog Statuta-pp.pdf","/root/Documents/0000000000000/DANASSSSS/Odluka o usvajanju novog Statuta-pp.pdf","LOW","STATIC_CLASSIFICATION_ONLY"
"UNKNOWN_REVIEW","grok_mutation_generator.xlsx","/root/Documents/0000000000000/DANASSSSS/grok_mutation_generator.xlsx","LOW","STATIC_CLASSIFICATION_ONLY"
"UNKNOWN_REVIEW","15.03.2024 v2.xlsx","/root/Documents/0000000000000/DANASSSSS/15.03.2024 v2.xlsx","LOW","STATIC_CLASSIFICATION_ONLY"
"UNKNOWN_REVIEW","BS 2023.pdf","/root/Documents/0000000000000/DANASSSSS/BS 2023.pdf","LOW","STATIC_CLASSIFICATION_ONLY"
"UNKNOWN_REVIEW","01.5_Velocity.pdf","/root/Documents/0000000000000/DANASSSSS/01.5_Velocity.pdf","LOW","STATIC_CLASSIFICATION_ONLY"
"UNKNOWN_REVIEW","Control_Tower_Dashboard_Ready.xlsx","/root/Documents/0000000000000/DANASSSSS/Control_Tower_Dashboard_Ready.xlsx","LOW","STATIC_CLASSIFICATION_ONLY"
"UNKNOWN_REVIEW","ARS_CAPEX_Procurement_Working_Model_v1.xlsx","/root/Documents/0000000000000/DANASSSSS/ARS_CAPEX_Procurement_Working_Model_v1.xlsx","LOW","STATIC_CLASSIFICATION_ONLY"
"UNKNOWN_REVIEW","small_transformer_factory_v4_3_1_bank_patch.xlsx","/root/Documents/0000000000000/DANASSSSS/small_transformer_factory_v4_3_1_bank_patch.xlsx","LOW","STATIC_CLASSIFICATION_ONLY"
"UNKNOWN_REVIEW","PHOTO-2026-04-06-07-59-05.jpg","/root/Documents/0000000000000/DANASSSSS/PHOTO-2026-04-06-07-59-05.jpg","LOW","STATIC_CLASSIFICATION_ONLY"
"UNKNOWN_REVIEW","PHOTO-2026-04-06-07-59-07.jpg","/root/Documents/0000000000000/DANASSSSS/PHOTO-2026-04-06-07-59-07.jpg","LOW","STATIC_CLASSIFICATION_ONLY"
"UNKNOWN_REVIEW","FIN-2.4 OPEX & Labor Matrix.pdf","/root/Documents/0000000000000/DANASSSSS/FIN-2.4 OPEX & Labor Matrix.pdf","LOW","STATIC_CLASSIFICATION_ONLY"
"UNKNOWN_REVIEW","Statut (mne+eng)-pp.pdf","/root/Documents/0000000000000/DANASSSSS/Statut (mne+eng)-pp.pdf","LOW","STATIC_CLASSIFICATION_ONLY"
"UNKNOWN_REVIEW","Machine List.xlsx","/root/Documents/0000000000000/DANASSSSS/Machine List.xlsx","LOW","STATIC_CLASSIFICATION_ONLY"
"UNKNOWN_REVIEW","ECO_Transformer_Bank_Grade_Sensitivity_Model_v1.xlsx","/root/Documents/0000000000000/DANASSSSS/ECO_Transformer_Bank_Grade_Sensitivity_Model_v1.xlsx","LOW","STATIC_CLASSIFICATION_ONLY"
"UNKNOWN_REVIEW","Strateški model akvizicije ECO-a.pdf","/root/Documents/0000000000000/DANASSSSS/Strateški model akvizicije ECO-a.pdf","LOW","STATIC_CLASSIFICATION_ONLY"
"UNKNOWN_REVIEW","Kopija Plana.pdf","/root/Documents/0000000000000/DANASSSSS/Kopija Plana.pdf","LOW","STATIC_CLASSIFICATION_ONLY"
"UNKNOWN_REVIEW","Saglasnost Imenovanje Direktora-pp.pdf","/root/Documents/0000000000000/DANASSSSS/Saglasnost Imenovanje Direktora-pp.pdf","LOW","STATIC_CLASSIFICATION_ONLY"
"UNKNOWN_REVIEW","Eco transformer factory .xlsx","/root/Documents/0000000000000/DANASSSSS/Eco transformer factory .xlsx","LOW","STATIC_CLASSIFICATION_ONLY"
"UNKNOWN_REVIEW","Strateške prilike za industrijsku ekspanziju.pdf","/root/Documents/0000000000000/DANASSSSS/Strateške prilike za industrijsku ekspanziju.pdf","LOW","STATIC_CLASSIFICATION_ONLY"
"UNKNOWN_REVIEW","FIN-2.5 ENERGETSKA ARBITRAŽA I SOLARNI PRINOS (LCOE MODEL).pdf","/root/Documents/O02 chatgbt /FIN-2.5 ENERGETSKA ARBITRAŽA I SOLARNI PRINOS (LCOE MODEL).pdf","LOW","STATIC_CLASSIFICATION_ONLY"
"UNKNOWN_REVIEW","Kontrola nabavke: Moć u industriji.pdf","/root/Documents/O02 chatgbt /Kontrola nabavke: Moć u industriji.pdf","LOW","STATIC_CLASSIFICATION_ONLY"
"UNKNOWN_REVIEW","ARS_03_Corporate_Governance_Charter_EU_Format.docx","/root/Documents/O02 chatgbt /ARS_03_Corporate_Governance_Charter_EU_Format.docx","LOW","STATIC_CLASSIFICATION_ONLY"
"UNKNOWN_REVIEW","Company profile.docx","/root/Documents/O02 chatgbt /Company profile.docx","LOW","STATIC_CLASSIFICATION_ONLY"
"UNKNOWN_REVIEW","ARS_Company_Profile_Investor_EU_Version.docx","/root/Documents/O02 chatgbt /ARS_Company_Profile_Investor_EU_Version.docx","LOW","STATIC_CLASSIFICATION_ONLY"
"UNKNOWN_REVIEW","Shareholder rev 002.docx","/root/Documents/O02 chatgbt /Shareholder rev 002.docx","LOW","STATIC_CLASSIFICATION_ONLY"
"UNKNOWN_REVIEW","Registar-podsticajnih-mjera-za-investicije-za-2025.xlsx","/root/Documents/O02 chatgbt /Registar-podsticajnih-mjera-za-investicije-za-2025.xlsx","LOW","STATIC_CLASSIFICATION_ONLY"
"UNKNOWN_REVIEW","Irf investicioni plan.pdf","/root/Documents/O02 chatgbt /Irf investicioni plan.pdf","LOW","STATIC_CLASSIFICATION_ONLY"
"UNKNOWN_REVIEW","Strateški Plan za Industrijsku Moć.pdf","/root/Documents/O02 chatgbt /Strateški Plan za Industrijsku Moć.pdf","LOW","STATIC_CLASSIFICATION_ONLY"
"UNKNOWN_REVIEW","ARS_02_Shareholder_Structure_EU_Format.docx","/root/Documents/O02 chatgbt /ARS_02_Shareholder_Structure_EU_Format.docx","LOW","STATIC_CLASSIFICATION_ONLY"
"UNKNOWN_REVIEW","ARS_04_Management_Team_EU_Format.docx","/root/Documents/O02 chatgbt /ARS_04_Management_Team_EU_Format.docx","LOW","STATIC_CLASSIFICATION_ONLY"
"UNKNOWN_REVIEW","CAPEX SVE KATEGORIJE.xlsx","/root/Documents/O02 chatgbt /CAPEX SVE KATEGORIJE.xlsx","LOW","STATIC_CLASSIFICATION_ONLY"
"UNKNOWN_REVIEW","Strateške prilike za industrijsku ekspanziju.pdf","/root/Documents/O02 chatgbt /Strateške prilike za industrijsku ekspanziju.pdf","LOW","STATIC_CLASSIFICATION_ONLY"
"UNKNOWN_REVIEW","Document 03.docx","/root/Documents/Sistem final /Document 03.docx","LOW","STATIC_CLASSIFICATION_ONLY"
"UNKNOWN_REVIEW","Document 00.docx","/root/Documents/Sistem final /Document 00.docx","LOW","STATIC_CLASSIFICATION_ONLY"
"UNKNOWN_REVIEW","Document 01.docx","/root/Documents/Sistem final /Document 01.docx","LOW","STATIC_CLASSIFICATION_ONLY"
"UNKNOWN_REVIEW","zakon-o-radu.pdf","/root/Documents/001. Zakoni i regulative/zakon-o-radu.pdf","LOW","STATIC_CLASSIFICATION_ONLY"
"UNKNOWN_REVIEW","zakon-o-izgradnji-objekata.pdf","/root/Documents/001. Zakoni i regulative/zakon-o-izgradnji-objekata.pdf","LOW","STATIC_CLASSIFICATION_ONLY"
"UNKNOWN_REVIEW","Zakon_o_privrednim_drustvima_2025.pdf","/root/Documents/001. Zakoni i regulative/Zakon_o_privrednim_drustvima_2025.pdf","LOW","STATIC_CLASSIFICATION_ONLY"
"UNKNOWN_REVIEW","Marija.m4a","/root/Documents/Move to iOS/Marija.m4a","LOW","STATIC_CLASSIFICATION_ONLY"
"UNKNOWN_REVIEW","Voice 250919_115929.m4a","/root/Documents/Move to iOS/Voice 250919_115929.m4a","LOW","STATIC_CLASSIFICATION_ONLY"
"UNKNOWN_REVIEW","Voice 250513_121337.m4a","/root/Documents/Move to iOS/Voice 250513_121337.m4a","LOW","STATIC_CLASSIFICATION_ONLY"
"UNKNOWN_REVIEW","Mail ninistar.m4a","/root/Documents/Move to iOS/Mail ninistar.m4a","LOW","STATIC_CLASSIFICATION_ONLY"
"UNKNOWN_REVIEW","Jovana.m4a","/root/Documents/Move to iOS/Jovana.m4a","LOW","STATIC_CLASSIFICATION_ONLY"
"UNKNOWN_REVIEW","Voice 250515_173006.m4a","/root/Documents/Move to iOS/Voice 250515_173006.m4a","LOW","STATIC_CLASSIFICATION_ONLY"
"UNKNOWN_REVIEW","00_Cover_Letter_EBRD.pdf.pdf","/root/Documents/.Trash/00_Cover_Letter_EBRD.pdf.pdf","LOW","STATIC_CLASSIFICATION_ONLY"
"UNKNOWN_REVIEW","PUNA_MAPA.txt","/root/Documents/.Trash/PUNA_MAPA.txt","LOW","STATIC_CLASSIFICATION_ONLY"
"UNKNOWN_REVIEW","SVE_OSJETLJIVO.txt","/root/Documents/.Trash/SVE_OSJETLJIVO.txt","LOW","STATIC_CLASSIFICATION_ONLY"
"UNKNOWN_REVIEW","MAPA_CIJELOG_UREDAJA.txt","/root/Documents/.Trash/MAPA_CIJELOG_UREDAJA.txt","LOW","STATIC_CLASSIFICATION_ONLY"
"UNKNOWN_REVIEW","Shareholder rev 002.docx","/root/Documents/.Trash/Shareholder rev 002.docx","LOW","STATIC_CLASSIFICATION_ONLY"
"UNKNOWN_REVIEW","UNI-MAK_CAPEX_LOG-001_A4_READY.xlsx","/root/Documents/.Trash/UNI-MAK_CAPEX_LOG-001_A4_READY.xlsx","LOW","STATIC_CLASSIFICATION_ONLY"
"UNKNOWN_REVIEW","D34B80BA-9E01-455D-8EF2-2242CC6A441E.PNG","/root/Documents/.Trash/02. Neki LinkedIn postovi/D34B80BA-9E01-455D-8EF2-2242CC6A441E.PNG","LOW","STATIC_CLASSIFICATION_ONLY"
"UNKNOWN_REVIEW","3720A27F-37A1-419A-9F19-22CAADBE0B85.PNG","/root/Documents/.Trash/02. Neki LinkedIn postovi/3720A27F-37A1-419A-9F19-22CAADBE0B85.PNG","LOW","STATIC_CLASSIFICATION_ONLY"
"UNKNOWN_REVIEW","4BD9FFF8-142D-4578-AB95-F8D74685F7A7.PNG","/root/Documents/.Trash/02. Neki LinkedIn postovi/4BD9FFF8-142D-4578-AB95-F8D74685F7A7.PNG","LOW","STATIC_CLASSIFICATION_ONLY"
"UNKNOWN_REVIEW","6A21C8E2-86A9-43A3-B3A1-325AB952A472.PNG","/root/Documents/.Trash/02. Neki LinkedIn postovi/6A21C8E2-86A9-43A3-B3A1-325AB952A472.PNG","LOW","STATIC_CLASSIFICATION_ONLY"
"UNKNOWN_REVIEW","89A4CB56-5144-42FA-9AF8-7BEA6F922B08 2.PNG","/root/Documents/.Trash/02. Neki LinkedIn postovi/89A4CB56-5144-42FA-9AF8-7BEA6F922B08 2.PNG","LOW","STATIC_CLASSIFICATION_ONLY"
"UNKNOWN_REVIEW","D4084BAF-7BAF-43B5-BD19-9EEAD1B8AAAB.PNG","/root/Documents/.Trash/02. Neki LinkedIn postovi/D4084BAF-7BAF-43B5-BD19-9EEAD1B8AAAB.PNG","LOW","STATIC_CLASSIFICATION_ONLY"
"UNKNOWN_REVIEW","C458E6CE-50EF-473F-BDA2-335461AD6690.PNG","/root/Documents/.Trash/02. Neki LinkedIn postovi/C458E6CE-50EF-473F-BDA2-335461AD6690.PNG","LOW","STATIC_CLASSIFICATION_ONLY"
"UNKNOWN_REVIEW","F9AF67D5-F251-4B0B-A6B7-B2580117A65E.PNG","/root/Documents/.Trash/02. Neki LinkedIn postovi/F9AF67D5-F251-4B0B-A6B7-B2580117A65E.PNG","LOW","STATIC_CLASSIFICATION_ONLY"
"UNKNOWN_REVIEW","89F3EFF6-2ACE-4FA0-AFB9-3B473612E10D.PNG","/root/Documents/.Trash/02. Neki LinkedIn postovi/89F3EFF6-2ACE-4FA0-AFB9-3B473612E10D.PNG","LOW","STATIC_CLASSIFICATION_ONLY"
"UNKNOWN_REVIEW","6F217806-0859-4E2D-8E73-9280530C4748.PNG","/root/Documents/.Trash/02. Neki LinkedIn postovi/6F217806-0859-4E2D-8E73-9280530C4748.PNG","LOW","STATIC_CLASSIFICATION_ONLY"
"UNKNOWN_REVIEW","375274A3-F66B-48C3-A123-5FE824A3DAA3.PNG","/root/Documents/.Trash/02. Neki LinkedIn postovi/375274A3-F66B-48C3-A123-5FE824A3DAA3.PNG","LOW","STATIC_CLASSIFICATION_ONLY"
"UNKNOWN_REVIEW","68173AD2-A58D-4558-ABAE-72DA49B51182.PNG","/root/Documents/.Trash/02. Neki LinkedIn postovi/68173AD2-A58D-4558-ABAE-72DA49B51182.PNG","LOW","STATIC_CLASSIFICATION_ONLY"
"UNKNOWN_REVIEW","A0208FDE-8356-461D-BABD-0A1B02A13750.PNG","/root/Documents/.Trash/02. Neki LinkedIn postovi/A0208FDE-8356-461D-BABD-0A1B02A13750.PNG","LOW","STATIC_CLASSIFICATION_ONLY"
"UNKNOWN_REVIEW","019E3534-B752-4B3D-90AD-0EDCA1715F75.PNG","/root/Documents/.Trash/02. Neki LinkedIn postovi/019E3534-B752-4B3D-90AD-0EDCA1715F75.PNG","LOW","STATIC_CLASSIFICATION_ONLY"
"UNKNOWN_REVIEW","74A1BBDE-6E37-45E1-9CA7-6B17A20EB394.PNG","/root/Documents/.Trash/02. Neki LinkedIn postovi/74A1BBDE-6E37-45E1-9CA7-6B17A20EB394.PNG","LOW","STATIC_CLASSIFICATION_ONLY"
"UNKNOWN_REVIEW","177090be-b370-4776-8478-385ab2981914.JPG","/root/Documents/.Trash/02. Neki LinkedIn postovi/177090be-b370-4776-8478-385ab2981914.JPG","LOW","STATIC_CLASSIFICATION_ONLY"
"UNKNOWN_REVIEW","1AA31326-455A-4EBF-8F6A-D9796C33D5DC.PNG","/root/Documents/.Trash/02. Neki LinkedIn postovi/1AA31326-455A-4EBF-8F6A-D9796C33D5DC.PNG","LOW","STATIC_CLASSIFICATION_ONLY"
"UNKNOWN_REVIEW","B1DB1D6F-9107-4CE7-802F-E757E641FCAF.PNG","/root/Documents/.Trash/02. Neki LinkedIn postovi/B1DB1D6F-9107-4CE7-802F-E757E641FCAF.PNG","LOW","STATIC_CLASSIFICATION_ONLY"
"UNKNOWN_REVIEW","A62C59F7-DF87-4BC6-903C-28C2114612B7.PNG","/root/Documents/.Trash/02. Neki LinkedIn postovi/A62C59F7-DF87-4BC6-903C-28C2114612B7.PNG","LOW","STATIC_CLASSIFICATION_ONLY"
"UNKNOWN_REVIEW","89A4CB56-5144-42FA-9AF8-7BEA6F922B08.PNG","/root/Documents/.Trash/02. Neki LinkedIn postovi/89A4CB56-5144-42FA-9AF8-7BEA6F922B08.PNG","LOW","STATIC_CLASSIFICATION_ONLY"
"UNKNOWN_REVIEW","0007141C-6DD0-42E3-8F4E-C3353D3423BB.PNG","/root/Documents/.Trash/02. Neki LinkedIn postovi/0007141C-6DD0-42E3-8F4E-C3353D3423BB.PNG","LOW","STATIC_CLASSIFICATION_ONLY"
"UNKNOWN_REVIEW","9BE23F54-EEE0-40C6-9960-2D64E03E4D59.PNG","/root/Documents/.Trash/02. Neki LinkedIn postovi/9BE23F54-EEE0-40C6-9960-2D64E03E4D59.PNG","LOW","STATIC_CLASSIFICATION_ONLY"
"UNKNOWN_REVIEW","7A63DD09-7BD1-486C-9473-D9952189D8A6.PNG","/root/Documents/.Trash/02. Neki LinkedIn postovi/7A63DD09-7BD1-486C-9473-D9952189D8A6.PNG","LOW","STATIC_CLASSIFICATION_ONLY"
"UNKNOWN_REVIEW","74A869FD-82FD-4ED3-B456-868B52EB5496.PNG","/root/Documents/.Trash/02. Neki LinkedIn postovi/74A869FD-82FD-4ED3-B456-868B52EB5496.PNG","LOW","STATIC_CLASSIFICATION_ONLY"
"UNKNOWN_REVIEW","454E7C1E-8AB4-4C39-91B5-71638E83465A.PNG","/root/Documents/.Trash/02. Neki LinkedIn postovi/454E7C1E-8AB4-4C39-91B5-71638E83465A.PNG","LOW","STATIC_CLASSIFICATION_ONLY"
"UNKNOWN_REVIEW","ACTIVE DATA MASTER.xlsx","/root/Documents/.Trash/ACTIVE DATA MASTER.xlsx","LOW","STATIC_CLASSIFICATION_ONLY"
"UNKNOWN_REVIEW","Strateške prilike za industrijsku ekspanziju.pdf","/root/Documents/.Trash/Strateške prilike za industrijsku ekspanziju.pdf","LOW","STATIC_CLASSIFICATION_ONLY"
"UNKNOWN_REVIEW","Montenegro_PPP_Framework_Analysis.pdf","/root/Documents/003. PPP/Montenegro_PPP_Framework_Analysis.pdf","LOW","STATIC_CLASSIFICATION_ONLY"
"UNKNOWN_REVIEW","002. INVESTICIONI PLAN IRF -ACTIVE DATA.docx","/root/Documents/003. PPP/002. INVESTICIONI PLAN IRF -ACTIVE DATA.docx","LOW","STATIC_CLASSIFICATION_ONLY"
"UNKNOWN_REVIEW","4.md","/root/Documents/004. Extrakcije iz chatova/4.md","LOW","STATIC_CLASSIFICATION_ONLY"
"UNKNOWN_REVIEW","3.md","/root/Documents/004. Extrakcije iz chatova/3.md","LOW","STATIC_CLASSIFICATION_ONLY"
"UNKNOWN_REVIEW","2.md","/root/Documents/004. Extrakcije iz chatova/2.md","LOW","STATIC_CLASSIFICATION_ONLY"
"UNKNOWN_REVIEW","Book (4).xlsx","/root/Documents/Chatgbt informacije/Book (4).xlsx","LOW","STATIC_CLASSIFICATION_ONLY"
"UNKNOWN_REVIEW","ARS_CAPEX_OPEX_MASTER.xlsx","/root/Documents/Chatgbt informacije/ARS_CAPEX_OPEX_MASTER.xlsx","LOW","STATIC_CLASSIFICATION_ONLY"
"UNKNOWN_REVIEW","ARS_FULL_CAPEX_OPEX_MASTER.xlsx","/root/Documents/Chatgbt informacije/ARS_FULL_CAPEX_OPEX_MASTER.xlsx","LOW","STATIC_CLASSIFICATION_ONLY"
