OPEX Module,,,,,,,,,,,
,,,,,,,,,,,
Metric,2026,2027,2028,2029,2030,2031,2032,2033,2034,2035,
"Steel Cost (Index-linked, pass-through)",=Revenue!B5*Assumptions!$B$16,=Revenue!C5*Assumptions!$B$16,=Revenue!D5*Assumptions!$B$16,=Revenue!E5*Assumptions!$B$16,=Revenue!F5*Assumptions!$B$16,=Revenue!G5*Assumptions!$B$16,=Revenue!H5*Assumptions!$B$16,=Revenue!I5*Assumptions!$B$16,=Revenue!J5*Assumptions!$B$16,=Revenue!K5*Assumptions!$B$16,
Labor Cost,0,0,=Assumptions!$B$17,=D5*(1+Assumptions!$B$18),=E5*(1+Assumptions!$B$18),=F5*(1+Assumptions!$B$18),=G5*(1+Assumptions!$B$18),=H5*(1+Assumptions!$B$18),=I5*(1+Assumptions!$B$18),=J5*(1+Assumptions!$B$18),
Robotics O&M,0,0,=Assumptions!$B$19,=D6*(1+Assumptions!$B$20),=E6*(1+Assumptions!$B$20),=F6*(1+Assumptions!$B$20),=G6*(1+Assumptions!$B$20),=H6*(1+Assumptions!$B$20),=I6*(1+Assumptions!$B$20),=J6*(1+Assumptions!$B$20),
Gross Grid Energy Cost,0,0,=Assumptions!$B$21,=D7*(1+Assumptions!$B$15),=E7*(1+Assumptions!$B$15),=F7*(1+Assumptions!$B$15),=G7*(1+Assumptions!$B$15),=H7*(1+Assumptions!$B$15),=I7*(1+Assumptions!$B$15),=J7*(1+Assumptions!$B$15),
Net Energy Cost,0,0,=D7*(1-Assumptions!$B$22),=E7*(1-Assumptions!$B$22),=F7*(1-Assumptions!$B$22),=G7*(1-Assumptions!$B$22),=H7*(1-Assumptions!$B$22),=I7*(1-Assumptions!$B$22),=J7*(1-Assumptions!$B$22),=K7*(1-Assumptions!$B$22),
Other SG&A,0,0,=Assumptions!$B$23,=D9*(1+Assumptions!$B$24),=E9*(1+Assumptions!$B$24),=F9*(1+Assumptions!$B$24),=G9*(1+Assumptions!$B$24),=H9*(1+Assumptions!$B$24),=I9*(1+Assumptions!$B$24),=J9*(1+Assumptions!$B$24),
Total OPEX,=SUM(B4:B9),=SUM(C4:C9),=SUM(D4:D9),=SUM(E4:E9),=SUM(F4:F9),=SUM(G4:G9),=SUM(H4:H9),=SUM(I4:I9),=SUM(J4:J9),=SUM(K4:K9),
