ExportPacketID,SourceMachine,SourceUser,SourceNode,ArtifactName,Extension,SizeBytes,LastModifiedEpoch,SHA256,FullName,DestinationMachine,DestinationModule,ExportMode,Execution,SecretOpening,ContentOpening,Move,Delete,Patch,Merge,Sync,ProviderApiNetworkCall,System01WriteAllowed,FinalUseAllowed,LenderReadiness,EvidenceMaturityApproved,AuthorityDecision
"IPHONE_TO_MSI_STATIC_EXPORT_20260516_075526","IPHONE","root","IPHONE_RECOVERED_EVIDENCE_SOURCE","IPHONE_NOTES_PRIORITY_SHA256_REGISTER.txt","txt","68","1778835674","abcfa6a9d4df344d1781bc2560b5e4cdcae08b39ed303063535e7e1e926a304a","/root/DELTA_LENOVO_CENTRAL/01_HASH_REGISTERS/IPHONE_NOTES_PRIORITY_SHA256_REGISTER.txt","MSI","MSI_CENTRAL_LEARNING_CONTROL_TOWER_STATIC_ONLY","STATIC_METADATA_EXPORT_ONLY","NO","NO","NO","NO","NO","NO","NO","NO","NO","NO","NO","NO","NO","EXPORT_FOR_MSI_STATIC_REVIEW_ONLY"
"IPHONE_TO_MSI_STATIC_EXPORT_20260516_075526","IPHONE","root","IPHONE_RECOVERED_EVIDENCE_SOURCE","IPHONE_NOTES_PRIORITY_INDEX.txt","txt","0","1778835674","e3b0c44298fc1c149afbf4c8996fb92427ae41e4649b934ca495991b7852b855","/root/DELTA_LENOVO_CENTRAL/02_INDEX/IPHONE_NOTES_PRIORITY_INDEX.txt","MSI","MSI_CENTRAL_LEARNING_CONTROL_TOWER_STATIC_ONLY","STATIC_METADATA_EXPORT_ONLY","NO","NO","NO","NO","NO","NO","NO","NO","NO","NO","NO","NO","NO","EXPORT_FOR_MSI_STATIC_REVIEW_ONLY"
"IPHONE_TO_MSI_STATIC_EXPORT_20260516_075526","IPHONE","root","IPHONE_RECOVERED_EVIDENCE_SOURCE","IPHONE_SCRIPT_FILE_INDEX.txt","txt","3231","1778835827","6a73ea51e0607e61cd703c8d452d38a23a2b2bd034a2b540ad51188abe7496b6","/root/DELTA_LENOVO_CENTRAL/03_SCRIPT_INVENTORY/IPHONE_SCRIPT_FILE_INDEX.txt","MSI","MSI_CENTRAL_LEARNING_CONTROL_TOWER_STATIC_ONLY","STATIC_METADATA_EXPORT_ONLY","NO","NO","NO","NO","NO","NO","NO","NO","NO","NO","NO","NO","NO","EXPORT_FOR_MSI_STATIC_REVIEW_ONLY"
"IPHONE_TO_MSI_STATIC_EXPORT_20260516_075526","IPHONE","root","IPHONE_RECOVERED_EVIDENCE_SOURCE","IPHONE_SCRIPT_SHA256_REGISTER.txt","txt","6267","1778835840","72916d96f0370e2277e5718518cacd871a4989edcf2c174731d753a420ddced7","/root/DELTA_LENOVO_CENTRAL/03_SCRIPT_INVENTORY/IPHONE_SCRIPT_SHA256_REGISTER.txt","MSI","MSI_CENTRAL_LEARNING_CONTROL_TOWER_STATIC_ONLY","STATIC_METADATA_EXPORT_ONLY","NO","NO","NO","NO","NO","NO","NO","NO","NO","NO","NO","NO","NO","EXPORT_FOR_MSI_STATIC_REVIEW_ONLY"
"IPHONE_TO_MSI_STATIC_EXPORT_20260516_075526","IPHONE","root","IPHONE_RECOVERED_EVIDENCE_SOURCE","IPHONE_SCRIPT_SIGNAL_SCAN.txt","txt","27111","1778835867","569f9efbab9371e7ca00017659a518fbe62b5efd2b49cac7cfc41c159d0b5ecb","/root/DELTA_LENOVO_CENTRAL/03_SCRIPT_INVENTORY/IPHONE_SCRIPT_SIGNAL_SCAN.txt","MSI","MSI_CENTRAL_LEARNING_CONTROL_TOWER_STATIC_ONLY","STATIC_METADATA_EXPORT_ONLY","NO","NO","NO","NO","NO","NO","NO","NO","NO","NO","NO","NO","NO","EXPORT_FOR_MSI_STATIC_REVIEW_ONLY"
"IPHONE_TO_MSI_STATIC_EXPORT_20260516_075526","IPHONE","root","IPHONE_RECOVERED_EVIDENCE_SOURCE","TITAN_68_69_70_Attestation_Scoring_ImmutableManifest_v1.zip","zip","7303","1778033370","49a71c21798cff8c9560979f7780b58d00903b7e3653e8bc7e1b19ca781c4021","/root/Documents/.Trash/TITAN_68_69_70_Attestation_Scoring_ImmutableManifest_v1.zip","MSI","MSI_CENTRAL_LEARNING_CONTROL_TOWER_STATIC_ONLY","STATIC_METADATA_EXPORT_ONLY","NO","NO","NO","NO","NO","NO","NO","NO","NO","NO","NO","NO","NO","EXPORT_FOR_MSI_STATIC_REVIEW_ONLY"
"IPHONE_TO_MSI_STATIC_EXPORT_20260516_075526","IPHONE","root","IPHONE_RECOVERED_EVIDENCE_SOURCE","TITAN_03_04_05_SSOT_Integrity_Manifest_v1.zip","zip","8264","1778031401","75971c994a8e041143aa85a4db0c80554a67938b4267b8d33ddf212af9076219","/root/Documents/003 DELTA/TITAN_03_04_05_SSOT_Integrity_Manifest_v1.zip","MSI","MSI_CENTRAL_LEARNING_CONTROL_TOWER_STATIC_ONLY","STATIC_METADATA_EXPORT_ONLY","NO","NO","NO","NO","NO","NO","NO","NO","NO","NO","NO","NO","NO","EXPORT_FOR_MSI_STATIC_REVIEW_ONLY"
"IPHONE_TO_MSI_STATIC_EXPORT_20260516_075526","IPHONE","root","IPHONE_RECOVERED_EVIDENCE_SOURCE","TITAN_68_69_70_Attestation_Scoring_ImmutableManifest_v1.zip","zip","7303","1778033370","49a71c21798cff8c9560979f7780b58d00903b7e3653e8bc7e1b19ca781c4021","/root/Documents/003 DELTA/TITAN_68_69_70_Attestation_Scoring_ImmutableManifest_v1.zip","MSI","MSI_CENTRAL_LEARNING_CONTROL_TOWER_STATIC_ONLY","STATIC_METADATA_EXPORT_ONLY","NO","NO","NO","NO","NO","NO","NO","NO","NO","NO","NO","NO","NO","EXPORT_FOR_MSI_STATIC_REVIEW_ONLY"
"IPHONE_TO_MSI_STATIC_EXPORT_20260516_075526","IPHONE","root","IPHONE_RECOVERED_EVIDENCE_SOURCE","IPHONE_STATIC_EXPORT_PACKET_FOR_MSI_STATIC_ONLY_20260516_075526.csv","csv","4352","1778918129","dc85ff88c549b98d97d273c7b91fa6121007d45e94504ee1d589550f8462dbf5","/root/IPHONE_STATIC_EXPORT_PACKET_FOR_MSI_20260516_075526/IPHONE_STATIC_EXPORT_PACKET_FOR_MSI_STATIC_ONLY_20260516_075526.csv","MSI","MSI_CENTRAL_LEARNING_CONTROL_TOWER_STATIC_ONLY","STATIC_METADATA_EXPORT_ONLY","NO","NO","NO","NO","NO","NO","NO","NO","NO","NO","NO","NO","NO","EXPORT_FOR_MSI_STATIC_REVIEW_ONLY"
