ACTION	DEFAULT_POLICY	HUMAN_GATE_REQUIRED	AUTONOMOUS_ALLOWED
NETWORK_SEND	DENY	YES	NO
EMAIL_SEND	DENY	YES	NO
MESSAGE_SEND	DENY	YES	NO
SIGNATURE	DENY	YES	NO
FILE_DELETE	DENY	YES	NO
FILE_MOVE	DENY	YES	NO
FILE_RENAME	DENY	YES	NO
APP_INSTALL	DENY	YES	NO
APP_UPDATE	DENY	YES	NO
APP_UNINSTALL	DENY	YES	NO
PERMISSION_CHANGE	DENY	YES	NO
ACCESSIBILITY_CHANGE	DENY	YES	NO
DEVICE_ADMIN_CHANGE	DENY	YES	NO
ACCOUNT_CHANGE	DENY	YES	NO
SECRET_ACCESS	DENY	YES	NO
LOCAL_READ	ALLOWLIST	NO	YES
LOCAL_HASH	ALLOWLIST	NO	YES
LOCAL_CLASSIFICATION	ALLOWLIST	NO	YES
LOCAL_DASHBOARD_BUILD	ALLOWLIST	NO	YES
LOCAL_CHECKPOINT	ALLOWLIST	NO	YES
LOCAL_REMINDER_BUILD	ALLOWLIST	NO	YES
LOCAL_OBSIDIAN_READ	ALLOWLIST	NO	YES
LOCAL_OBSIDIAN_WRITE	DENY_UNTIL_SEPARATE_VALIDATED_POLICY	YES	NO
