FUNCTIONAL_INDEX_CATALOG_CANDIDATE	INDEX_CATALOG	FILE	TSV	265167	1786123900	NO	YES	/data/data/com.termux/files/home/FREYA_ANDROID_888/00_CONTROL/BATCHES_ACTIVE/F09_20260807T172732Z_PID19546/EXISTING_FREYA_MATCH_INDEX.tsv
FUNCTIONAL_INDEX_CATALOG_CANDIDATE	INDEX_CATALOG	FILE	TSV	932112	1786124518	NO	YES	/data/data/com.termux/files/home/FREYA_ANDROID_888/00_CONTROL/BATCHES_ACTIVE/F11_20260807T174153Z_PID6004/EXISTING_FILENAME_INDEX.tsv
FUNCTIONAL_INDEX_CATALOG_CANDIDATE	INDEX_CATALOG	FILE	TXT	58274	1786186313	NO	YES	/data/data/com.termux/files/home/FREYA_ANDROID_888/00_CONTROL/EVIDENCE/F01_F02_F03_F04_F05_F06_F09_F10_R1_20260808T105147Z_PID12569/ack_artifact_index.txt
FUNCTIONAL_INDEX_CATALOG_CANDIDATE	INDEX_CATALOG	FILE	TXT	10806	1786186319	NO	YES	/data/data/com.termux/files/home/FREYA_ANDROID_888/00_CONTROL/EVIDENCE/F01_F02_F03_F04_F05_F06_F09_F10_R1_20260808T105147Z_PID12569/freya_transport_authority_index.txt
FUNCTIONAL_INDEX_CATALOG_CANDIDATE	INDEX_CATALOG	FILE	TSV	1185	1783105668	NO	YES	/data/data/com.termux/files/home/FREYA_ANDROID_888/15_RUNTIME/ARCHIVE_EXTRACT_RELEASES/F08_20260807T172440Z_PID17083/UNPACKED/06_5c6276ab0ad1acf4/ARS_5_P1_DRAFT_NOTES_INDEX_20260703_210747.tsv
FUNCTIONAL_INDEX_CATALOG_CANDIDATE	INDEX_CATALOG	FILE	TSV	1185	1786124592	NO	YES	/data/data/com.termux/files/home/FREYA_ANDROID_888/15_RUNTIME/INTEGRATION_STAGING_RELEASES/F12_20260807T174312Z_PID6760/STAGED/DATA/9b4535653e19__ARS_5_P1_DRAFT_NOTES_INDEX_20260703_210747.tsv
FUNCTIONAL_KNOWLEDGE_CANDIDATE	KNOWLEDGE	DIR	NONE	3452	1785516167	NO	YES	/data/data/com.termux/files/home/FREYA_ANDROID_888/00_CONTROL/BATCH_RUNS/BATCH_002A_DOCTRINE_ADAPTER_TRANSFORMER_GAP_AUDIT_20260731T164246Z_14C89377
FUNCTIONAL_KNOWLEDGE_CANDIDATE	KNOWLEDGE	FILE	TXT	934	1785516167	NO	YES	/data/data/com.termux/files/home/FREYA_ANDROID_888/00_CONTROL/BATCH_RUNS/BATCH_002A_DOCTRINE_ADAPTER_TRANSFORMER_GAP_AUDIT_20260731T164246Z_14C89377/batch_receipt.txt
FUNCTIONAL_KNOWLEDGE_CANDIDATE	KNOWLEDGE	FILE	TSV	25924	1785516166	NO	YES	/data/data/com.termux/files/home/FREYA_ANDROID_888/00_CONTROL/BATCH_RUNS/BATCH_002A_DOCTRINE_ADAPTER_TRANSFORMER_GAP_AUDIT_20260731T164246Z_14C89377/capability_assets.tsv
FUNCTIONAL_KNOWLEDGE_CANDIDATE	KNOWLEDGE	FILE	JSON	2887	1785516167	NO	YES	/data/data/com.termux/files/home/FREYA_ANDROID_888/00_CONTROL/BATCH_RUNS/BATCH_002A_DOCTRINE_ADAPTER_TRANSFORMER_GAP_AUDIT_20260731T164246Z_14C89377/gap_audit_report.json
FUNCTIONAL_KNOWLEDGE_CANDIDATE	KNOWLEDGE	FILE	TSV	1544	1785516166	NO	YES	/data/data/com.termux/files/home/FREYA_ANDROID_888/00_CONTROL/BATCH_RUNS/BATCH_002A_DOCTRINE_ADAPTER_TRANSFORMER_GAP_AUDIT_20260731T164246Z_14C89377/python_capability_map.tsv
FUNCTIONAL_KNOWLEDGE_CANDIDATE	KNOWLEDGE	FILE	TSV	559	1785516166	NO	YES	/data/data/com.termux/files/home/FREYA_ANDROID_888/00_CONTROL/BATCH_RUNS/BATCH_002A_DOCTRINE_ADAPTER_TRANSFORMER_GAP_AUDIT_20260731T164246Z_14C89377/schema_registry_results.tsv
FUNCTIONAL_KNOWLEDGE_CANDIDATE	KNOWLEDGE	FILE	TSV	818	1785516166	NO	YES	/data/data/com.termux/files/home/FREYA_ANDROID_888/00_CONTROL/BATCH_RUNS/BATCH_002A_DOCTRINE_ADAPTER_TRANSFORMER_GAP_AUDIT_20260731T164246Z_14C89377/validator_results.tsv
FUNCTIONAL_KNOWLEDGE_CANDIDATE	KNOWLEDGE	FILE	JSON	12815250	1785530318	NO	YES	/data/data/com.termux/files/home/FREYA_ANDROID_888/00_CONTROL/EVIDENCE/BATCH_01_GLOBAL_DISCOVERY_20260731_223756/DOCTRINE_CANDIDATES.json
FUNCTIONAL_KNOWLEDGE_CANDIDATE	KNOWLEDGE	DIR	NONE	3452	1785531190	NO	YES	/data/data/com.termux/files/home/FREYA_ANDROID_888/00_CONTROL/EVIDENCE/BATCH_03_DOCTRINE_LITE_20260731_224848
FUNCTIONAL_KNOWLEDGE_CANDIDATE	KNOWLEDGE	FILE	SHA256	587	1785531190	NO	YES	/data/data/com.termux/files/home/FREYA_ANDROID_888/00_CONTROL/EVIDENCE/BATCH_03_DOCTRINE_LITE_20260731_224848/EVIDENCE_MANIFEST.sha256
FUNCTIONAL_KNOWLEDGE_CANDIDATE	KNOWLEDGE	FILE	TXT	0	1785530928	NO	YES	/data/data/com.termux/files/home/FREYA_ANDROID_888/00_CONTROL/EVIDENCE/BATCH_03_DOCTRINE_LITE_20260731_224848/agent_doctrine_map.txt
FUNCTIONAL_KNOWLEDGE_CANDIDATE	KNOWLEDGE	FILE	TXT	511622	1785530930	NO	YES	/data/data/com.termux/files/home/FREYA_ANDROID_888/00_CONTROL/EVIDENCE/BATCH_03_DOCTRINE_LITE_20260731_224848/doctrine_candidates.txt
FUNCTIONAL_KNOWLEDGE_CANDIDATE	KNOWLEDGE	FILE	TXT	393	1785531190	NO	YES	/data/data/com.termux/files/home/FREYA_ANDROID_888/00_CONTROL/EVIDENCE/BATCH_03_DOCTRINE_LITE_20260731_224848/summary.txt
FUNCTIONAL_KNOWLEDGE_CANDIDATE	KNOWLEDGE	DIR	NONE	3452	1785766557	NO	YES	/data/data/com.termux/files/home/FREYA_ANDROID_888/00_CONTROL/EVIDENCE/BATCH_03_DOCTRINE_MAPPING_20260731_224616
FUNCTIONAL_KNOWLEDGE_CANDIDATE	KNOWLEDGE	FILE	PY	26874	1785530782	NO	YES	/data/data/com.termux/files/home/FREYA_ANDROID_888/00_CONTROL/EVIDENCE/BATCH_03_DOCTRINE_MAPPING_20260731_224616/batch03_doctrine_mapping.py
FUNCTIONAL_KNOWLEDGE_CANDIDATE	KNOWLEDGE	FILE	JSONL	566415	1786124595	NO	YES	/data/data/com.termux/files/home/FREYA_ANDROID_888/15_RUNTIME/INTEGRATION_STAGING_RELEASES/F12_20260807T174312Z_PID6760/STAGED/DATA/29286cb9463e__IPHONE_KNOWLEDGE_OBJECTS.jsonl
FUNCTIONAL_KNOWLEDGE_CANDIDATE	KNOWLEDGE	FILE	TSV	411466	1786124595	NO	YES	/data/data/com.termux/files/home/FREYA_ANDROID_888/15_RUNTIME/INTEGRATION_STAGING_RELEASES/F12_20260807T174312Z_PID6760/STAGED/DATA/672064827a38__IPHONE_KNOWLEDGE_OBJECTS.tsv
FUNCTIONAL_KNOWLEDGE_CANDIDATE	KNOWLEDGE	FILE	TXT	344431	1786124594	NO	YES	/data/data/com.termux/files/home/FREYA_ANDROID_888/15_RUNTIME/INTEGRATION_STAGING_RELEASES/F12_20260807T174312Z_PID6760/STAGED/TEXT/adefeed9d37f__02_SMART_KNOWLEDGE_FILES.txt
FUNCTIONAL_KNOWLEDGE_CANDIDATE	KNOWLEDGE	DIR	NONE	3452	1786125178	NO	YES	/data/data/com.termux/files/home/FREYA_ANDROID_888/15_RUNTIME/RECOVERED_KNOWLEDGE_OPERATIONAL_RELEASES
FUNCTIONAL_KNOWLEDGE_CANDIDATE	KNOWLEDGE	DIR	NONE	3452	1786125181	NO	YES	/data/data/com.termux/files/home/FREYA_ANDROID_888/15_RUNTIME/RECOVERED_KNOWLEDGE_OPERATIONAL_RELEASES/F15F16_20260807T175258Z_PID11145
FUNCTIONAL_KNOWLEDGE_CANDIDATE	KNOWLEDGE	FILE	SHA256	1618	1786125181	NO	YES	/data/data/com.termux/files/home/FREYA_ANDROID_888/15_RUNTIME/RECOVERED_KNOWLEDGE_OPERATIONAL_RELEASES/F15F16_20260807T175258Z_PID11145/FINAL_RELEASE_MANIFEST.sha256
FUNCTIONAL_KNOWLEDGE_CANDIDATE	KNOWLEDGE	FILE	SHA256	232	1786125181	NO	YES	/data/data/com.termux/files/home/FREYA_ANDROID_888/15_RUNTIME/RECOVERED_KNOWLEDGE_OPERATIONAL_RELEASES/F15F16_20260807T175258Z_PID11145/FINAL_SEAL.sha256
FUNCTIONAL_KNOWLEDGE_CANDIDATE	KNOWLEDGE	FILE	ENV	1338	1786125181	NO	YES	/data/data/com.termux/files/home/FREYA_ANDROID_888/15_RUNTIME/RECOVERED_KNOWLEDGE_OPERATIONAL_RELEASES/F15F16_20260807T175258Z_PID11145/FINAL_STATE.env
FUNCTIONAL_KNOWLEDGE_CANDIDATE	KNOWLEDGE	DIR	NONE	3452	1786125181	NO	YES	/data/data/com.termux/files/home/FREYA_ANDROID_888/15_RUNTIME/RECOVERED_KNOWLEDGE_OPERATIONAL_RELEASES/F15F16_20260807T175258Z_PID11145/METADATA
FUNCTIONAL_KNOWLEDGE_CANDIDATE	KNOWLEDGE	FILE	TSV	34	1786125181	NO	YES	/data/data/com.termux/files/home/FREYA_ANDROID_888/15_RUNTIME/RECOVERED_KNOWLEDGE_OPERATIONAL_RELEASES/F15F16_20260807T175258Z_PID11145/METADATA/CLASSIFICATION_SUMMARY.tsv
FUNCTIONAL_KNOWLEDGE_CANDIDATE	KNOWLEDGE	FILE	TSV	0	1786125181	NO	YES	/data/data/com.termux/files/home/FREYA_ANDROID_888/15_RUNTIME/RECOVERED_KNOWLEDGE_OPERATIONAL_RELEASES/F15F16_20260807T175258Z_PID11145/METADATA/DUPLICATE_KEYS.tsv
FUNCTIONAL_KNOWLEDGE_CANDIDATE	KNOWLEDGE	FILE	TSV	0	1786125179	NO	YES	/data/data/com.termux/files/home/FREYA_ANDROID_888/15_RUNTIME/RECOVERED_KNOWLEDGE_OPERATIONAL_RELEASES/F15F16_20260807T175258Z_PID11145/METADATA/INDEX_FAILURES.tsv
FUNCTIONAL_KNOWLEDGE_CANDIDATE	KNOWLEDGE	FILE	TSV	0	1786125181	NO	YES	/data/data/com.termux/files/home/FREYA_ANDROID_888/15_RUNTIME/RECOVERED_KNOWLEDGE_OPERATIONAL_RELEASES/F15F16_20260807T175258Z_PID11145/METADATA/NAME_CONFLICTS.tsv
FUNCTIONAL_KNOWLEDGE_CANDIDATE	KNOWLEDGE	FILE	TSV	2371	1786125181	NO	YES	/data/data/com.termux/files/home/FREYA_ANDROID_888/15_RUNTIME/RECOVERED_KNOWLEDGE_OPERATIONAL_RELEASES/F15F16_20260807T175258Z_PID11145/METADATA/NAME_HASH_INDEX.tsv
FUNCTIONAL_KNOWLEDGE_CANDIDATE	KNOWLEDGE	FILE	TSV	13176	1786125181	NO	YES	/data/data/com.termux/files/home/FREYA_ANDROID_888/15_RUNTIME/RECOVERED_KNOWLEDGE_OPERATIONAL_RELEASES/F15F16_20260807T175258Z_PID11145/METADATA/RECOVERED_KNOWLEDGE_INDEX.tsv
