FAULT	DETECT_AUTOMATICALLY	AUTO_RECOVERY	RECOVERY_ACTION	MAX_RETRIES	HUMAN_GATE	DESTRUCTIVE	NETWORK
CROND_STOPPED	YES	YES	START_EXISTING_CROND	3	NO	NO	NONE
CRON_ENTRY_MISSING	YES	YES	RESTORE_EXACT_VALIDATED_FREYA_CRON_ENTRY	1	NO	NO	NONE
SCHEDULER_CHECKPOINT_MISSING	YES	YES	RECREATE_FREYA_RUNTIME_CHECKPOINT_FROM_ZERO	1	NO	NO	NONE
SCHEDULER_CHECKPOINT_INVALID	YES	YES	QUARANTINE_BY_VERSIONED_EVIDENCE_AND_REINITIALIZE_RUNTIME_CHECKPOINT	1	NO	NO	NONE
ACTIVE_POINTER_BROKEN	YES	NO	NONE	0	YES	NO	NONE
ACTIVE_BINARY_HASH_DRIFT	YES	NO	NONE	0	YES	NO	NONE
ACTIVE_CONTRACT_HASH_DRIFT	YES	NO	NONE	0	YES	NO	NONE
OBSIDIAN_AUTHORITY_DRIFT	YES	NO	NONE	0	YES	NO	NONE
FINAL_ACCEPTANCE_DRIFT	YES	NO	NONE	0	YES	NO	NONE
UNKNOWN_FAULT	YES	NO	NONE	0	YES	NO	NONE
NETWORK_FAILURE	NO	NO	NONE	0	YES	NO	NONE
USER_FILE_CORRUPTION	NO	NO	NONE	0	YES	NO	NONE
APP_PERMISSION_FAILURE	YES	NO	NONE	0	YES	NO	NONE
APP_INSTALL_UPDATE_FAILURE	YES	NO	NONE	0	YES	NO	NONE
