f7baf818bc0260de923dbabc0b362bf9adfd0e8d81c7391ae1eea52f5d9c01ba	/data/data/com.termux/files/home/FREYA_ANDROID_888/00_CONFIG/35_RELAY_POLICY.tsv
82d527aa565e2fbb4f887455b91c72a84550221817a1ffca44e8ac1a63e54ed2	/data/data/com.termux/files/home/FREYA_ANDROID_888/00_CONFIG/41_43_ACCELERATED_SIGNAL_POLICY.tsv
dc733a1774d7011a345e4346af58fc677cc6843fc07d19d27a042d74b76fbca8	/data/data/com.termux/files/home/FREYA_ANDROID_888/09_EVIDENCE/ANDROID_002_SSOT_AND_DUPLICATE_RUNTIME_DETERMINATION_20260808T171259Z.log
0e9d01aa5d2f4aaba73d3592ddbce4de5f4ed7aa334e10f51b44ad8c42a1cf0f	/data/data/com.termux/files/home/FREYA_ANDROID_888/09_EVIDENCE/A054_OCR_READINESS_POLICY/A054_20260809T134905Z_PID26022/OCR_QUEUE_POLICY.env
d5267dd3f75485f0cadf6c99a99a32d4a156496e0fdafb4f1587df39fb73dc66	/data/data/com.termux/files/home/FREYA_ANDROID_888/09_EVIDENCE/A057_SCREENSHOT_ROUTING_POLICY/A057_20260809T135244Z_PID27285/ROUTING_POLICY.env
93dd4c5dc80d726e24a8d60835b68d6e8a99e57a0dbf5eed779091bbcd059b80	/data/data/com.termux/files/home/FREYA_ANDROID_888/09_EVIDENCE/A072_KNOWLEDGE_SEARCH_SURFACE_CLASSIFICATION/A072_20260809T141909Z_PID4244/FUNCTIONAL_KNOWLEDGE_SEARCH_CANDIDATES.tsv
ef4c429f87ac410eb9f2bd5a9ff5eeedca85cf42521aedd2a98ae1f770f9aef8	/data/data/com.termux/files/home/FREYA_ANDROID_888/09_EVIDENCE/A072_KNOWLEDGE_SEARCH_SURFACE_CLASSIFICATION/A072_20260809T141909Z_PID4244/KNOWLEDGE_SEARCH_SURFACE_CLASSIFICATION_STATE.env
f085ce464bcf16210ab5f00509657f7bdbd985d0ba319acb39728f8d08c01569	/data/data/com.termux/files/home/FREYA_ANDROID_888/09_EVIDENCE/A084_NETWORK_SCOPE_POLICY_TARGET_REGISTRY/A084_20260809T151820Z_PID17074/NETWORK_SCOPE_POLICY.env
e67481e429ec341e632597c286b856d5421ef3e63ae5ee7b550afbed22ad47e0	/data/data/com.termux/files/home/FREYA_ANDROID_888/09_EVIDENCE/A084_NETWORK_SCOPE_POLICY_TARGET_REGISTRY/A084_20260809T151820Z_PID17074/NETWORK_SCOPE_POLICY_STATE.env
fa966d721df3c534dab0fcb39e3148422f07db00b08b47106751f46118112d97	/data/data/com.termux/files/home/FREYA_ANDROID_888/09_EVIDENCE/A071_KNOWLEDGE_SEARCH_APP_CONTROL_BASELINE/A071_20260809T141731Z_PID3576/KNOWLEDGE_SEARCH_APP_CONTROL_SURFACES.tsv
1311738f8d3ff4dc961a0b735c8f99e10c080123e4da990b03aa28d89bde0f3f	/data/data/com.termux/files/home/FREYA_ANDROID_888/09_EVIDENCE/A071_KNOWLEDGE_SEARCH_APP_CONTROL_BASELINE/A071_20260809T141731Z_PID3576/KNOWLEDGE_SEARCH_APP_CONTROL_BASELINE_STATE.env
da5537e227a3a6b4cd386ec53b4f4063df5d87d00619493707734995e4969064	/data/data/com.termux/files/home/FREYA_ANDROID_888/11_MAC_PACKAGE_SENDER/00_CONTROL/CONTROL_POLICY.json
9401163d6d15d6d26920f5ba753083ee16a9972e6d9bb20047e41f026b2630c2	/data/data/com.termux/files/home/FREYA_ANDROID_888/11_MAC_PACKAGE_SENDER/00_CONTROL/CONTROL_POLICY.json.sha256
12255a21eae7f82c99339c1f225ef52f0bc05c86818d2892fb3aafb8f01d4435	/data/data/com.termux/files/home/FREYA_ANDROID_888/11_MAC_PACKAGE_SENDER/00_CONTROL/EXECUTION_POLICY.json
9485d3b6a420f632e4c58897800476181251ef7b983e70dab5726f78ce4a622e	/data/data/com.termux/files/home/FREYA_ANDROID_888/11_MAC_PACKAGE_SENDER/00_CONTROL/EXECUTION_POLICY.json.sha256
0ce3dfacfd5d42d2ef9db60bfcfa484396ff34c2895e542d9ca520e331428606	/data/data/com.termux/files/home/FREYA_ANDROID_888/11_MAC_PACKAGE_SENDER/00_CONTROL/NETWORK_POLICY.json
ce84eaf10173da0efdbf7efb3e1b135d2c890be6b741fb780f03d8896ed48688	/data/data/com.termux/files/home/FREYA_ANDROID_888/11_MAC_PACKAGE_SENDER/00_CONTROL/NETWORK_POLICY.json.sha256
1739c88718476ccfdd0c85f3371692719eb36ee0b3863276dab6d2346f8c9640	/data/data/com.termux/files/home/FREYA_ANDROID_888/11_MAC_PACKAGE_SENDER/07_SECURITY_CLASSIFICATION/EXTENSION_POLICY.json
890d4673dd8971b68643f24b571b98da849d66568b10de7dc30d8fdae67d310d	/data/data/com.termux/files/home/FREYA_ANDROID_888/11_MAC_PACKAGE_SENDER/07_SECURITY_CLASSIFICATION/EXTENSION_POLICY.json.sha256
6b8a5322843269974458ca4f47b4e9cc7b0fbea5aa6522de834b1c6c6774bfe5	/data/data/com.termux/files/home/FREYA_ANDROID_888/11_MAC_PACKAGE_SENDER/07_SECURITY_CLASSIFICATION/FORBIDDEN_PATH_POLICY.json
4ca918532e10e8356170f4f376df4e80afaa9a631051351aee76adf7510ffa5f	/data/data/com.termux/files/home/FREYA_ANDROID_888/11_MAC_PACKAGE_SENDER/07_SECURITY_CLASSIFICATION/FORBIDDEN_PATH_POLICY.json.sha256
bd296f6fbf50ea49e88a38b0fb6a6cab0873b1457c83e0be0b87ebc71c3f8235	/data/data/com.termux/files/home/FREYA_ANDROID_888/11_MAC_PACKAGE_SENDER/07_SECURITY_CLASSIFICATION/RISK_POLICY.json
eea04abe426439951e6fcef47e11fd43a2606eb77cd8e4ca09c105d64ceedfb3	/data/data/com.termux/files/home/FREYA_ANDROID_888/11_MAC_PACKAGE_SENDER/07_SECURITY_CLASSIFICATION/RISK_POLICY.json.sha256
81c1d234e99c6500a94f2af405c0ba87a734d2b2456644ab545e136bd2ea1fd3	/data/data/com.termux/files/home/FREYA_ANDROID_888/11_MAC_PACKAGE_SENDER/09_STAGING/FREYA_ANDROID_FACTORY_CONTENT_PILOT_B06_888/CONTENT/18_RECOVERY/RECOVERY_POLICY.json
055051c0ce979cdc985269f2251e0f07719d97a60360f6cb66e244f8502b2fea	/data/data/com.termux/files/home/FREYA_ANDROID_888/11_MAC_PACKAGE_SENDER/18_RECOVERY/RECOVERY_POLICY.json.sha256
bdd7e20bfdbf1ee573ca57611037b70ff003c271439508abf152e3b4e48f8c7b	/data/data/com.termux/files/home/FREYA_ANDROID_888/00_CONTROL/EVIDENCE/BATCH_01_GLOBAL_DISCOVERY_20260731_223756/DOCTRINE_CANDIDATES.json
12a489849880022af74b30efd89fd364c30a8e99b32ecae32aa9b5d6237317fb	/data/data/com.termux/files/home/FREYA_ANDROID_888/00_CONTROL/EVIDENCE/BATCH_03_DOCTRINE_MAPPING_20260731_224616/batch03_doctrine_mapping.py
86287f7dd2972db3b387053b59858a67a9f8211ab98c0db68c9f2acfd55e44bd	/data/data/com.termux/files/home/FREYA_ANDROID_888/00_CONTROL/EVIDENCE/BATCH_03_DOCTRINE_MAPPING_20260731_224616/__pycache__/batch03_doctrine_mapping.cpython-314.pyc
030624adeac84c9098aa45234b593cbafee303c5f42c710bb03f133a7a0c4246	/data/data/com.termux/files/home/FREYA_ANDROID_888/00_CONTROL/EVIDENCE/BATCH_03_DOCTRINE_LITE_20260731_224848/doctrine_candidates.txt
e3b0c44298fc1c149afbf4c8996fb92427ae41e4649b934ca495991b7852b855	/data/data/com.termux/files/home/FREYA_ANDROID_888/00_CONTROL/EVIDENCE/BATCH_03_DOCTRINE_LITE_20260731_224848/agent_doctrine_map.txt
0db1a12868264123c24ee0b283b7c6c4332541975ab6029fb8c13c0f4aff8095	/data/data/com.termux/files/home/FREYA_ANDROID_888/00_CONTROL/BATCHES/ANDROID_CURRENT_PACKAGE_BUILD_AND_DELIVERY_PREFLIGHT_R2_20260803T134941Z_PID24900/PACKAGE_STAGE/FREYA_ANDROID_TO_MSI_888_20260803T134941Z/04_EXECUTABLES/__pycache__/4be432cf48728ffc__batch03_doctrine_mapping.cpython-314.pyc
140dfc40a1083955fc6ba4a11fa00a92ea06b119771a3ad74151458aa48f2fa5	/data/data/com.termux/files/home/FREYA_ANDROID_888/00_CONTROL/BATCHES/ANDROID_MAC_REPAIR_HANDOFF_PREFLIGHT_R2/ANDROID_MAC_REPAIR_HANDOFF_PREFLIGHT_R2_20260803T205643Z_PID17410/PACKAGE/FREYA_ANDROID_TO_MSI_FOR_MAC_REPAIR_20260803T205643Z/HANDOFF_POLICY.env
08a35c97d1952d9a86fa0932ce77c7d5b1b436dced57921793c6ae83145cda57	/data/data/com.termux/files/home/FREYA_ANDROID_888/00_CONTROL/BATCHES/ANDROID_R02R3_MANIFEST_VARIANCE_RECOVERY_AND_CAPABILITY_AUDIT_CLOSURE/20260803T231952Z_PID19518/SHARED_STORAGE_POLICY.env
b8c0c26d8022910696d6c05b61af2dd5343ece60d3f91f9b15359c209af9e6c2	/data/data/com.termux/files/home/FREYA_ANDROID_888/00_CONTROL/BATCHES/ANDROID_R03_INSTALLED_APPLICATION_AND_RISK_CLASS_DISCOVERY/20260803T232413Z_PID20705/PACKAGE_DISCOVERY_POLICY.env
138ba1e90f3bcb1695c558b57df89c0c1ee8e1875b66ee60eda7be80fb9deebc	/data/data/com.termux/files/home/FREYA_ANDROID_888/00_CONTROL/BATCHES/ANDROID_A11_POLICY_VALIDATION_AND_PACKAGE_CANDIDATE_BUILD/20260804T120855Z_PID14826/POLICY_DECISIONS.jsonl
e1a26af3b724d00ff3ee2e15715ea6e1d92ee6f27e7cf7c68871cb2c12a2ef73	/data/data/com.termux/files/home/FREYA_ANDROID_888/00_CONTROL/BATCHES/ANDROID_A11_POLICY_VALIDATION_AND_PACKAGE_CANDIDATE_BUILD/20260804T120855Z_PID14826/POLICY_PACKAGE_SUMMARY.json
362b82dd94a76c9429f547088035378332e28a7772d84cb653d427d2cfe5abda	/data/data/com.termux/files/home/FREYA_ANDROID_888/00_CONTROL/BATCHES/ANDROID_S07_MSI_VALIDATION_PACKAGE_BUILD/ANDROID_S07_MSI_VALIDATION_PACKAGE_BUILD_20260803T211411Z_PID20648/PACKAGE/FREYA_ANDROID_TO_MSI_STRATEGIC_VALIDATION_20260803T211411Z/00_CONTROL/ROUTING_POLICY.env
123e0258cb2e7f0977c528bc49dd89a55fe22fda83c73d18782b5e3b83b2f2a2	/data/data/com.termux/files/home/FREYA_ANDROID_888/00_CONTROL/BATCHES/ANDROID_A11_QUEUE_NORMALIZATION_AND_STATUS_REGISTRY/20260803T214143Z_PID25318/QUEUE_POLICY.env
d74b80b6b4784d2df7a19232d5849221e0bbd2c094b33af4736e5a0230b0b076	/data/data/com.termux/files/home/FREYA_ANDROID_888/00_CONTROL/CHECKPOINTS/ANDROID_SOVEREIGN_V2/policy_package.20260804T120855Z_PID14826.json
6f02a8377577ffe05d6dcb77a5e9dc38a475618976e71992a395f7d6f860bc36	/data/data/com.termux/files/home/FREYA_ANDROID_888/00_CONTROL/BATCHES_ACTIVE/A17_20260805T153554Z_PID11090/SERIAL_RECEIPTS/10_POLICY_ENGINE_AGENT.json
a85c7e7122d47bffdbdde910c66060d424e1a87c054832360e7896fe9243550c	/data/data/com.termux/files/home/FREYA_ANDROID_888/00_CONTROL/BATCHES_ACTIVE/A22_20260805T162044Z_PID18126/POLICY_VALIDATION_RESULTS.tsv
dc71d308b8f79298de2dbf0bd5351b79931b45cc4ed5824800c7702e08426b71	/data/data/com.termux/files/home/FREYA_ANDROID_888/00_CONTROL/BATCHES_ACTIVE/A23_20260805T162408Z_PID19496/POLICY_VALIDATION_RESULTS.tsv
5635f5dfa13c9b287e2fabe002701879e2e25202de5c32e07521c5fee89db8b3	/data/data/com.termux/files/home/FREYA_ANDROID_888/00_CONTROL/BATCHES_ACTIVE/A23R3_20260805T163202Z_PID21554/POLICY_VALIDATION_RESULTS.tsv
24614953fd99fefd30c3d35920cebce4a16b1d14198618aaee7771135861c878	/data/data/com.termux/files/home/FREYA_ANDROID_888/00_CONTROL/BATCHES_ACTIVE/A23R4_A26_DERIVED_PACKAGE_ACCEPTANCE_20260805T165057Z_PID25522/A26_POLICY_VALIDATIONS.tsv
8763404e4e08ae91f3591d0b257bbe69cca98520db99db8295024679134b7188	/data/data/com.termux/files/home/FREYA_ANDROID_888/00_CONTROL/BATCHES_ACTIVE/A23R4R2_A26_DERIVED_PACKAGE_COPY_SAFE_RECOVERY_20260805T170007Z_PID29698/POLICY_HASH_AND_INTEGRITY_AGENT.json
b03c5c3b3fff6d463a6f1693bc984076aab7f3525c7a10139d445cc7ac686c0d	/data/data/com.termux/files/home/FREYA_ANDROID_888/00_CONTROL/BATCHES_ACTIVE/A23R4R2_A26_DERIVED_PACKAGE_COPY_SAFE_RECOVERY_20260805T170007Z_PID29698/POLICY_METADATA_AGENT.json
e4cd19c432a3922f57bfbb9ed343c5f6c69ad24f09f6e80a095e72382b3c4b7c	/data/data/com.termux/files/home/FREYA_ANDROID_888/00_CONTROL/BATCHES_ACTIVE/A23R4R2_A26_DERIVED_PACKAGE_COPY_SAFE_RECOVERY_20260805T170007Z_PID29698/POLICY_CLASSIFICATION_AGENT.json
2c6c3205a99725a60a49eb54a85471aea22cb6ea2e197002bca569e31a32e90d	/data/data/com.termux/files/home/FREYA_ANDROID_888/00_CONTROL/BATCHES_ACTIVE/A23R4R2_A26_DERIVED_PACKAGE_COPY_SAFE_RECOVERY_20260805T170007Z_PID29698/A26_POLICY_VALIDATIONS.tsv
d1d338966a3a1912b7e8407255995f1f25a343744ebe27bd8e86e8285cf3ca11	/data/data/com.termux/files/home/FREYA_ANDROID_888/00_CONTROL/BATCHES_ACTIVE/A18R2_20260807T154512Z_PID17337/APP_CONTROL_POLICY.env
e79ca7d4e3b28c53eaff8c4bebb60be65bc48b6b2b170d34fc37feeeefff136e	/data/data/com.termux/files/home/FREYA_ANDROID_888/00_CONTROL/BATCHES_ACTIVE/A19_20260807T154634Z_PID22103/PIPELINE_POLICY.env
01cbc7e243c3cfe16daa572ec368226453ff7bf11f17d099a3cca7d7e4878f88	/data/data/com.termux/files/home/FREYA_ANDROID_888/00_CONTROL/BATCHES_ACTIVE/F01_20260807T161707Z_PID29789/SSOT_AND_AGENT_REGISTRY_CANDIDATES.txt
996ff56b540ca4120f136bed7c14378a68f2adc76e2bfbaed53daeea5c5c11c8	/data/data/com.termux/files/home/FREYA_ANDROID_888/00_CONTROL/REGISTRY/ANDROID_PIPELINE_SSOT/RELEASES/SSOT_20260807T124520Z_PID29394/ANDROID_PIPELINE_SSOT.env
74c5482cfc0735cbeab2ba369977008f42d4fe74a5fa6ce93be1eb7850f87a73	/data/data/com.termux/files/home/FREYA_ANDROID_888/00_CONTROL/REGISTRY/ANDROID_APP_CONTROL/RELEASES/APP_CONTROL_V1R1_20260807T135701Z_PID32187/ANDROID_APP_CONTROL_POLICY.env
4d419ec345db9410c51c93315bb6ba271229f08cb119c4f8cc0ee62c863e8a0a	/data/data/com.termux/files/home/FREYA_ANDROID_888/00_CONTROL/REGISTRY/ANDROID_APP_CONTROL/RELEASES/APP_CONTROL_V1R1_20260807T135701Z_PID32187/APP_CONTROL_POLICY_MATRIX.tsv
92666b903d99bfaf6b19ff3a75df8513f65be18eec360eb5d38c4f37b4ee0a5d	/data/data/com.termux/files/home/FREYA_ANDROID_888/00_CONTROL/REGISTRY/ANDROID_APP_CONTROL/RELEASES/APP_CONTROL_V1R1_20260807T135701Z_PID32187/CRITICAL_ACTION_POLICY.tsv
d9ec586147fb0b7c8957a1bd6b9360b593b383da4da7c2478423bdc48bf06030	/data/data/com.termux/files/home/FREYA_ANDROID_888/00_CONTROL/REGISTRY/STORAGE_PROTECTION/POLICY.env
0989531e2ad2e13a933b7292ed044d2b9a927349c45cefb7dee92067ae52a68b	/data/data/com.termux/files/home/FREYA_ANDROID_888/00_CONTROL/CANDIDATES/ANDROID_APP_CONTROL/ANDROID_APP_CONTROL_POLICY_V1_20260807T135233Z_PID28605.env
eaf8def09a2f6af2981b8b01972665e48fb5386a12d51d0441d95bcb672053c4	/data/data/com.termux/files/home/FREYA_ANDROID_888/00_CONTROL/ANDROID_TO_IPHONE_DOCTRINE_UNIQUE_75_888.tsv.tmp
6dea675d531aff91d225a5c32f63a7a1c9e55543f3f04cbfe2b374a6b3548cda	/data/data/com.termux/files/home/FREYA_ANDROID_888/13_IPHONE_INGEST_888/01_INBOX/FREYA_IPHONE_KNOWLEDGE_PACKET_V1_20260701_202752/FREYA_IPHONE_KNOWLEDGE_PACKET_V1_20260701_202752.tar.gz
d31c685763a49b2d84ba65a6b97c044adb40ebfd6b1b13a8f4dbdd622271c436	/data/data/com.termux/files/home/FREYA_ANDROID_888/13_IPHONE_INGEST_888/01_INBOX/FREYA_IPHONE_KNOWLEDGE_PACKET_V1_20260701_202752/FREYA_IPHONE_KNOWLEDGE_PACKET_V1_20260701_202752.tar.gz.sha256
166c2de8d586411bba81da1918cdb11473d3c91448c42c9b25dbf6f3bfc41e7e	/data/data/com.termux/files/home/FREYA_ANDROID_888/14_PROJECT_FACTORY_888/00_CONTROL/CREATE_ONLY_OUTPUT_POLICY_V1.json
064e724f19d4decece3a9e693707b357828ad4a49c58d8738780e12cc9c0e677	/data/data/com.termux/files/home/FREYA_ANDROID_888/10_EVIDENCE/BATCH_02_ARCHIVE_INVENTORY_20260801_154205/BATCH_02R1B_NORMALIZED_20260801_145813/HASH_FORMAT_NORMALIZATION_POLICY.env
f521b306abf344a17bd8b6f1e50bd6ee2fe8dc6f7b1c61369dc848b6015a4a51	/data/data/com.termux/files/home/FREYA_ANDROID_888/15_APPLICATIONS/APPLICATION_CONTROL_POLICY.env
b975e434cc7cab26dfb467faac0fe772f866b61a7e16f849df77bd3df557d67b	/data/data/com.termux/files/home/FREYA_ANDROID_888/06_DAILY_PACKAGES/ANDROID_ARS_RECOVERY_DERIVED_20260805T170007Z_A23R4/CONTROL/PACKAGE_POLICY.env
a7cf208743c25a46f09d2faff7422fdd8459eaf9c8764174ee1d086adb7410cf	/data/data/com.termux/files/home/FREYA_ANDROID_888/23_ACK_RETURN_CHANNEL/00_CONTROL/ACK_INBOX_POLICY.md
6a8e1a60c6fffe0c09cc6303ac80dc3967a8050e355eb94309c60090f77a51d4	/data/data/com.termux/files/home/FREYA_ANDROID_888/90_EVIDENCE/POST_ACCEPTANCE/A31_ANDROID_STANDBY_STATE_VALIDATION_20260806T194610Z_PID28478/SSOT_CANDIDATES.tsv
11fc4a4f9ea45afaccf43abb701f9da05eee3cbc54b9e560efaea15ee3e36559	/data/data/com.termux/files/home/FREYA_ANDROID_888/90_EVIDENCE/POST_ACCEPTANCE/A31R1_ANDROID_STANDBY_STATE_RECOVERY_20260806T194957Z_PID30278/SSOT_CANDIDATES.tsv
1a21568c18544d4f488024d09e7787abdc448df87b4dca0d072a2ee3785fe6dc	/data/data/com.termux/files/home/FREYA_ANDROID_888/90_EVIDENCE/PIPELINE_RECONCILIATION/B03_ANDROID_PIPELINE_DISCOVERY_20260807T123709Z_PID25282/SSOT_CANDIDATES.txt
0738fe8b3a8b227e2fd1048014ee19331f9057ac1b45946c9a611b4007863af2	/data/data/com.termux/files/home/FREYA_ANDROID_888/90_EVIDENCE/PIPELINE_RECONCILIATION/B03_ANDROID_PIPELINE_DISCOVERY_20260807T123709Z_PID25282/SSOT_POINTER_CANDIDATES.txt
8921ee5fc9dcbe955d3c4b9a621a39142c7852b945e3aeb7eb33e836ace3ebcf	/data/data/com.termux/files/home/FREYA_ANDROID_888/90_EVIDENCE/AUTONOMY/A02_ANDROID_APP_CONTROL_CLASSIFICATION_20260807T135233Z_PID28605/CRITICAL_ACTION_POLICY.tsv
8c91c87e6a9d74c361153549e330fef615a12a95e45402108d71ca8791320237	/data/data/com.termux/files/home/FREYA_ANDROID_888/90_EVIDENCE/AUTONOMY/A03_ANDROID_APP_CONTROL_ACTIVATION_20260807T135452Z_PID31705/POLICY_CANARY_RESULTS.tsv
b00d69cc17be2d0238b51ccf58b8ad07ec7104ec7b007f03d95c35ab72a71bef	/data/data/com.termux/files/home/FREYA_ANDROID_888/90_EVIDENCE/AUTONOMY/A10_SELF_HEALING_DISCOVERY_20260807T145329Z_PID14518/SELF_HEALING_POLICY.tsv
cde96413a8cde32790d2b36a62681f0b6aa409b06f6483c7fe41fec2fabe3e62	/data/data/com.termux/files/home/FREYA_ANDROID_888/15_RUNTIME/AUTOPILOT_V1/AUTOPILOT_RELEASES/V1R3_20260810T094549Z_APP_POLICY_RECONCILIATION/POLICY_BINDING.env
672064827a38df64bd15fb7d0a1e301b2bbbc66f0b147d25e54ff17262cc31f9	/data/data/com.termux/files/home/FREYA_ANDROID_888/15_RUNTIME/ARCHIVE_EXTRACT_RELEASES/F08_20260807T172440Z_PID17083/UNPACKED/13_6dea675d531aff91/FREYA_IPHONE_KNOWLEDGE_PACKET_V1_20260701_202752/IPHONE_KNOWLEDGE_OBJECTS.tsv
adefeed9d37f805a7f931d951292f385116480d549fe0b01b41693ee0b3967c3	/data/data/com.termux/files/home/FREYA_ANDROID_888/15_RUNTIME/ARCHIVE_EXTRACT_RELEASES/F08_20260807T172440Z_PID17083/UNPACKED/13_6dea675d531aff91/FREYA_IPHONE_KNOWLEDGE_PACKET_V1_20260701_202752/02_SMART_KNOWLEDGE_FILES.txt
