INBOX_ID	PATH	SOURCE_MODE	STATUS
FILES_INBOX	/root/FREYA_IPHONE_ISH_NODE_888/16_OFFLINE_ACCESS/INBOX/FILES_INBOX	COPY_ONLY	READY
SHARE_SHEET_INBOX	/root/FREYA_IPHONE_ISH_NODE_888/16_OFFLINE_ACCESS/INBOX/SHARE_SHEET_INBOX	COPY_ONLY	READY
SHORTCUTS_INBOX	/root/FREYA_IPHONE_ISH_NODE_888/16_OFFLINE_ACCESS/INBOX/SHORTCUTS_INBOX	COPY_ONLY	READY
MAIL_EXPORT_INBOX	/root/FREYA_IPHONE_ISH_NODE_888/16_OFFLINE_ACCESS/INBOX/MAIL_EXPORT_INBOX	COPY_ONLY	READY
NOTES_EXPORT_INBOX	/root/FREYA_IPHONE_ISH_NODE_888/16_OFFLINE_ACCESS/INBOX/NOTES_EXPORT_INBOX	COPY_ONLY	READY
PHOTOS_EXPORT_INBOX	/root/FREYA_IPHONE_ISH_NODE_888/16_OFFLINE_ACCESS/INBOX/PHOTOS_EXPORT_INBOX	COPY_ONLY	READY
SAFARI_DOWNLOADS_INBOX	/root/FREYA_IPHONE_ISH_NODE_888/16_OFFLINE_ACCESS/INBOX/SAFARI_DOWNLOADS_INBOX	COPY_ONLY	READY
DOCUMENT_APP_EXPORT_INBOX	/root/FREYA_IPHONE_ISH_NODE_888/16_OFFLINE_ACCESS/INBOX/DOCUMENT_APP_EXPORT_INBOX	COPY_ONLY	READY
UNKNOWN_APP_EXPORT_HOLD	/root/FREYA_IPHONE_ISH_NODE_888/16_OFFLINE_ACCESS/INBOX/UNKNOWN_APP_EXPORT_HOLD	COPY_ONLY	READY
