TEST	EXPECTED	ACTUAL	RESULT
DEFAULT_MODE	DENY	DENY	PASS
FAIL_CLOSED	YES	YES	PASS
HUMAN_GATE	ACTIVE	ACTIVE	PASS
ROUTINE_LOCAL_READ_ALLOWED	YES	YES	PASS
ROUTINE_LOCAL_HASH_ALLOWED	YES	YES	PASS
ROUTINE_LOCAL_CLASSIFICATION_ALLOWED	YES	YES	PASS
ROUTINE_LOCAL_DASHBOARD_ALLOWED	YES	YES	PASS
ROUTINE_LOCAL_CHECKPOINT_ALLOWED	YES	YES	PASS
ROUTINE_LOCAL_REMINDER_ALLOWED	YES	YES	PASS
OBSIDIAN_LOCAL_READ_ALLOWED	YES	YES	PASS
OBSIDIAN_AUTOMATIC_WRITE_ALLOWED	NO	NO	PASS
AUTOMATIC_NETWORK_SEND_ALLOWED	NO	NO	PASS
AUTOMATIC_EMAIL_SEND_ALLOWED	NO	NO	PASS
AUTOMATIC_MESSAGE_SEND_ALLOWED	NO	NO	PASS
AUTOMATIC_SIGNATURE_ALLOWED	NO	NO	PASS
AUTOMATIC_APP_INSTALL_ALLOWED	NO	NO	PASS
AUTOMATIC_APP_UPDATE_ALLOWED	NO	NO	PASS
AUTOMATIC_APP_UNINSTALL_ALLOWED	NO	NO	PASS
AUTOMATIC_PERMISSION_CHANGE_ALLOWED	NO	NO	PASS
AUTOMATIC_ACCESSIBILITY_CHANGE_ALLOWED	NO	NO	PASS
AUTOMATIC_DEVICE_ADMIN_CHANGE_ALLOWED	NO	NO	PASS
